UserID,SessionID,page_views,product_views,add_to_cart,purchases,cart_value,session_duration,Purchased
1,1,3,1,3,0,0.0,16224635.003077,0
1,2,3,1,0,0,0.0,12853795.694523,0
1,3,1,1,3,1,72.91361870063564,15511300.832113,1
1,4,2,1,4,1,7.677937741600427,16905600.654249,1
1,5,1,1,0,4,998.5706158036945,15148189.645641,1
1,6,1,2,4,0,0.0,7626838.4901,0
1,7,0,3,5,0,0.0,15787763.40317,0
1,8,2,2,0,0,0.0,16925662.803859,0
1,9,2,2,2,2,916.9666076265877,14946985.069215,1
1,10,0,0,2,0,0.0,12603592.146918,0
2,1,1,0,0,1,262.5236986694382,8848621.03206,1
2,2,3,0,1,2,329.40949736150947,15153991.250446,1
2,3,0,0,2,1,92.79021854337398,16270940.310494,1
2,4,1,0,4,0,0.0,16989739.123035,0
2,5,1,0,2,1,112.32094388676128,16060211.836652,1
2,6,0,1,3,2,264.3612958145341,13481345.055578,1
2,7,1,1,0,3,604.6412405400685,17022354.280614,1
2,8,1,0,2,1,107.78039914003529,9033834.296842,1
2,9,2,0,2,0,0.0,16350075.233487,0
2,10,0,2,2,2,902.7264264006692,13992712.580085,1
3,1,0,0,1,1,481.21558835328943,12481600.563803,1
3,2,1,0,1,0,0.0,14058497.509414,0
3,3,2,1,0,0,0.0,10797807.285588,0
3,4,0,0,0,3,214.51903739431023,11572402.657471,1
3,5,0,2,0,1,389.6233604915428,13620771.928789,1
3,6,1,0,2,0,0.0,10144979.083107,0
3,7,0,2,2,1,427.3414061512343,15723263.276821,1
3,8,0,2,1,0,0.0,15740091.533991,0
3,9,3,1,0,0,0.0,10892219.733254,0
3,10,2,2,4,0,0.0,13403395.786533,0
4,1,2,0,1,2,503.0719473595666,11046470.673926,1
4,2,2,0,1,0,0.0,7460849.135234,0
4,3,2,2,3,0,0.0,13176961.124701,0
4,4,2,1,1,1,420.4220392158971,14747706.866646,1
4,5,3,1,2,1,124.24200980482244,14589491.297752,1
4,6,0,0,1,1,120.36236236814712,16168800.196847,1
4,7,0,1,2,1,203.42248717369745,12377187.71586,1
4,8,2,1,0,0,0.0,16614995.577564,0
4,9,1,2,2,1,406.140230694623,15001956.01416,1
4,10,3,1,1,2,545.1652815560183,11537179.593438,1
5,1,4,0,2,0,0.0,11914146.995846,0
5,2,0,4,2,0,0.0,9694632.224442,0
5,3,2,1,1,0,0.0,11487246.044481,0
5,4,1,0,1,1,217.8421813257225,17134658.381135,1
5,5,1,1,1,2,648.3926203423614,8408166.970064,1
5,6,1,2,2,2,752.9064768337946,17697759.554919,1
5,7,0,2,1,1,288.0795387810758,16870767.567867,1
5,8,1,0,1,0,0.0,8106023.56819,0
5,9,1,1,2,0,0.0,14028077.939128,0
5,10,3,3,0,1,282.09552806787485,13518656.704415,1
6,1,3,0,1,1,30.454456916699424,10279145.418751,1
6,2,1,0,1,1,204.34636667922555,16025188.930612,1
6,3,1,0,0,1,247.12842145320656,11748519.73684,1
6,4,1,1,0,5,942.0464002116282,16050473.46249,1
6,5,1,1,2,2,277.9661391744753,14344407.780391,1
6,6,2,2,1,0,0.0,16421903.594801,0
6,7,0,2,0,1,262.1432486809362,15048106.505979,1
6,8,0,1,1,2,277.4934989326277,11327225.087559,1
6,9,4,0,1,0,0.0,16802899.469656,0
6,10,0,1,0,3,801.8968570449438,15472229.186615,1
7,1,0,0,4,0,0.0,13780662.819836,0
7,2,2,1,0,1,292.7718724782324,13475566.196133,1
7,3,3,1,2,1,194.14962634864784,9923865.102322,1
7,4,0,1,0,2,687.4982313652182,16165658.840564,1
7,5,2,1,1,1,120.5910556320263,5383172.250993,1
7,6,0,2,1,2,661.0956577361492,12867305.267053,1
7,7,4,1,0,1,163.0086698829556,15482884.67241,1
7,8,2,0,1,2,326.51950881891315,16100691.505754,1
7,9,0,2,0,1,310.3195588168637,12882255.130225,1
7,10,3,1,0,1,374.6246099086,12521367.020227,1
8,1,2,1,1,1,46.39866150036693,14804036.783654,1
8,2,0,1,0,3,725.4425815820418,13751367.456983,1
8,3,1,0,1,0,0.0,13696139.560678,0
8,4,2,2,1,1,160.1649211283565,16824709.44613,1
8,5,1,1,1,0,0.0,14870551.754861,0
8,6,2,2,0,1,296.3435366750172,7748898.203244,1
8,7,0,0,3,1,274.9322419371066,10704756.471017,1
8,8,0,0,0,1,496.9992808818922,12634235.746373,1
8,9,0,4,2,3,863.5724266303343,13836246.174443,1
8,10,2,2,1,1,29.17119475661796,16710487.673205,1
9,1,0,0,0,0,0.0,10836426.929739,0
9,2,0,2,1,1,172.2425883851518,15328888.742321,1
9,3,3,1,0,2,760.4969439843876,16781266.693366,1
9,4,1,2,0,1,481.15550899614976,15334065.448151,1
9,5,0,1,0,1,282.3510798701011,6410856.035637,1
9,6,2,2,2,2,388.72703543958005,15666435.506957,1
9,7,1,0,1,2,355.1594239029226,11653273.627473,1
9,8,2,3,0,1,16.857072250630917,16258721.798811,1
9,9,0,1,1,3,556.8686217248821,14810459.703694,1
9,10,0,0,3,3,1181.2526822030254,12347452.119682,1
10,1,0,1,1,0,0.0,14637962.799854,0
10,2,2,2,0,0,0.0,16368097.324336,0
10,3,1,1,1,2,515.274002419323,16961411.55542,1
10,4,2,2,0,3,891.2490947569506,10935050.746956,1
10,5,1,1,1,0,0.0,16576152.212744,0
10,6,1,1,1,4,231.5142227428201,17678911.629407,1
10,7,0,1,1,3,700.3517953782518,13564543.47348,1
10,8,2,0,0,0,0.0,14424154.963094,0
10,9,3,0,2,3,572.1229366465818,16222662.524074,1
10,10,2,1,0,3,656.8225379865999,16274034.598369,1
11,1,1,0,2,0,0.0,11853388.909749,0
11,2,2,0,0,0,0.0,11873549.321851,0
11,3,2,1,2,1,92.0780635368034,17563736.315792,1
11,4,1,2,1,2,383.6173368998159,13727892.411415,1
11,5,2,0,2,0,0.0,14627175.851399,0
11,6,1,1,1,1,5.131842924233826,15479458.250122,1
11,7,2,4,2,1,23.75274524861841,12785748.105351,1
11,8,1,1,0,1,126.2209808823184,9647608.85198,1
11,9,2,3,0,2,435.87607219706894,10233919.104772,1
11,10,2,2,2,1,150.57772881000454,14780486.236673,1
12,1,1,2,1,0,0.0,15140741.119424,0
12,2,2,1,1,1,31.934911984130565,14588423.289789,1
12,3,2,0,0,0,0.0,6883874.14952,0
12,4,1,2,1,0,0.0,16534131.129847,0
12,5,0,1,1,2,426.0494958754046,14355631.856938,1
12,6,1,0,1,3,411.02962916748385,12627487.50378,1
12,7,4,0,5,0,0.0,15063859.169962,0
12,8,2,2,0,4,875.7216597844347,14323022.020185,1
12,9,0,2,2,1,241.87201728453053,17129418.520024,1
12,10,2,0,1,1,43.014226469413984,12880580.463535,1
13,1,0,0,3,1,309.2821214861972,14954091.011258,1
13,2,0,2,1,0,0.0,9430785.974132,0
13,3,0,1,2,1,44.152979276143135,14870496.072969,1
13,4,1,0,1,2,715.272284989973,8740999.875562,1
13,5,1,1,0,2,540.8264037227752,7154659.485015,1
13,6,0,1,1,1,498.90050960168696,15894192.44882,1
13,7,3,3,2,0,0.0,16391196.098043,0
13,8,2,0,2,1,337.4620060178508,17116138.043231,1
13,9,3,1,1,4,1070.466142528457,15323538.868205,1
13,10,2,2,0,0,0.0,15929616.294595,0
14,1,0,1,3,1,412.4513840433616,14405431.799285,1
14,2,0,1,4,0,0.0,12086626.027021,0
14,3,4,1,2,0,0.0,11891158.736551,0
14,4,2,1,0,1,367.2256620445459,13190855.580379,1
14,5,1,1,2,1,342.6654835075458,13447104.051731,1
14,6,2,0,1,1,450.1464545423716,12384860.10148,1
14,7,1,2,1,0,0.0,11908410.236722,0
14,8,1,0,2,0,0.0,15980822.683086,0
14,9,1,1,0,1,113.29419494588193,11758703.414607,1
14,10,0,2,1,3,555.2924775136415,12144052.358608,1
15,1,1,0,0,1,170.0933208937448,15637154.383659,1
15,2,0,3,1,2,263.8255424897354,16806109.675855,1
15,3,0,0,2,0,0.0,13260796.021082,0
15,4,0,2,0,0,0.0,15852673.465807,0
15,5,1,1,1,2,515.0953449985338,8988965.183626,1
15,6,0,1,0,3,864.149353896381,13326109.855611,1
15,7,1,1,1,2,566.0834246978976,14711775.644271,1
15,8,3,0,2,1,355.3548165181408,15545336.470853,1
15,9,1,1,1,0,0.0,8567148.87252,0
15,10,2,2,1,1,460.4325265665408,13579813.448318,1
16,1,2,1,1,1,198.03810737641828,11236942.087105,1
16,2,0,0,2,1,345.0574520504433,12779866.051744,1
16,3,3,0,3,1,80.83678056607329,16811661.963917,1
16,4,1,1,0,1,487.7561205369087,13088534.109437,1
16,5,1,1,1,0,0.0,15285076.850131,0
16,6,0,2,0,1,413.48349834785495,8122693.903939,1
16,7,1,2,0,1,75.82722480763252,11934644.868596,1
16,8,1,0,1,2,537.7099435262304,15712871.236719,1
16,9,1,2,3,0,0.0,7288975.300769,0
16,10,1,1,0,1,496.6993974984879,15210735.674589,1
17,1,1,2,2,0,0.0,7248684.536098,0
17,2,0,3,0,2,265.31312512568576,11987500.413788,1
17,3,0,1,2,1,285.184027790851,13573943.771028,1
17,4,1,4,0,1,215.2859787581577,16673979.205921,1
17,5,2,2,1,1,115.42827910473288,11622596.211353,1
17,6,3,1,1,2,280.62244331020213,16080013.570935,1
17,7,0,1,1,1,142.82855801735886,13718626.079018,1
17,8,0,1,2,3,643.964505966069,12918383.377663,1
17,9,2,1,3,1,378.8997482080553,15161177.645255,1
17,10,1,0,2,1,316.63367219663087,12012795.53232,1
18,1,1,2,1,1,469.01082997098246,12639451.980249,1
18,2,0,1,1,1,191.8240761266807,12472504.229162,1
18,3,1,0,2,1,136.75073707779777,12977437.021869,1
18,4,0,2,3,1,416.59938039049774,14187893.929598,1
18,5,1,1,2,1,241.2495143987254,10459079.124965,1
18,6,3,0,1,0,0.0,12957507.969384,0
18,7,1,1,1,1,447.2251894527479,14667418.055292,1
18,8,2,1,0,0,0.0,16709167.177887,0
18,9,4,1,0,2,435.41359021307375,16795906.254739,1
18,10,1,1,1,2,160.99861859910456,10996009.826814,1
19,1,1,1,2,1,430.4262116374113,13897299.195734,1
19,2,2,2,0,0,0.0,17266320.690288,0
19,3,3,2,0,0,0.0,11634877.053743,0
19,4,0,0,0,2,280.61640356080056,15166763.952338,1
19,5,0,0,0,1,481.48525637057617,17494936.034707,1
19,6,0,1,0,0,0.0,12565457.376889,0
19,7,0,1,1,2,514.3405219893323,11657516.46824,1
19,8,1,0,1,2,647.8364359020281,13561985.19549,1
19,9,1,1,0,1,434.6606279400288,13092104.352951,1
19,10,1,1,1,2,528.6821671179314,15289372.389168,1
20,1,2,3,0,2,634.6676403143426,17047990.861394,1
20,2,0,3,3,0,0.0,16532474.161807,0
20,3,0,1,1,2,509.97980748693374,7994487.705682,1
20,4,0,1,2,3,677.6210265418115,17354372.813823,1
20,5,0,0,0,1,411.9631042932376,13715950.261088,1
20,6,1,2,1,0,0.0,17343474.120702,0
20,7,1,0,0,0,0.0,8778599.941117,0
20,8,1,2,1,0,0.0,13002501.71771,0
20,9,1,1,1,0,0.0,15735499.500357,0
20,10,1,4,1,0,0.0,15988406.697789,0
21,1,2,0,3,0,0.0,14511236.381847,0
21,2,1,1,2,1,355.9249222941264,14850115.412326,1
21,3,1,4,3,0,0.0,16919914.394326,0
21,4,0,1,0,0,0.0,10836540.123869,0
21,5,0,2,0,1,253.81884257399705,4961618.006644,1
21,6,4,1,0,1,317.22433981878294,13383887.741783,1
21,7,0,0,2,1,430.18610719524014,12648905.720588,1
21,8,1,0,2,1,412.97671591386944,9548678.970952,1
21,9,0,1,1,0,0.0,15000625.720484,0
21,10,1,1,1,0,0.0,14618250.92475,0
22,1,1,2,1,0,0.0,13637372.974627,0
22,2,0,1,0,2,348.3662433309332,11096212.957688,1
22,3,2,1,1,0,0.0,11590130.218326,0
22,4,3,1,0,0,0.0,15975534.338317,0
22,5,2,1,0,1,441.9212259885286,15102152.545688,1
22,6,2,1,0,1,56.470368860670085,15377220.873259,1
22,7,1,1,1,1,375.08829743050455,13260839.807294,1
22,8,1,3,1,0,0.0,16197787.420691,0
22,9,3,2,1,0,0.0,16274340.621442,0
22,10,1,0,1,0,0.0,7950041.226885,0
23,1,1,2,0,1,431.6509852809971,12544237.669402,1
23,2,0,0,1,1,494.0452375394861,12681383.687487,1
23,3,1,0,2,3,932.1691146218543,14399618.975795,1
23,4,1,1,2,1,210.86867153002385,16182935.794381,1
23,5,2,1,0,0,0.0,7367347.169313,0
23,6,1,3,2,1,58.37951481979483,13249855.274431,1
23,7,2,1,0,1,412.2373560904257,12119237.130144,1
23,8,2,2,0,1,231.3680776130435,10983596.365742,1
23,9,1,1,2,0,0.0,13070354.762076,0
23,10,2,1,3,1,99.69094323244606,12941411.4051,1
24,1,0,2,2,0,0.0,13945693.806818,0
24,2,1,0,0,2,807.3845322988718,12284514.158397,1
24,3,1,0,0,0,0.0,13760541.176051,0
24,4,0,1,1,2,365.98458950036826,14926495.04837,1
24,5,1,1,0,3,595.1510964041746,9907375.545981,1
24,6,1,1,2,1,318.84831573088667,17561646.267475,1
24,7,0,1,4,1,332.626792885545,16527381.58804,1
24,8,2,1,2,1,41.11786894813651,16362424.288623,1
24,9,0,1,0,0,0.0,12488669.321353,0
24,10,1,0,0,1,495.9196062599816,16376336.023286,1
25,1,1,0,2,3,996.9573205634813,16166257.330228,1
25,2,0,0,1,1,48.465064288165365,15059594.966353,1
25,3,1,1,1,0,0.0,14576883.16194,0
25,4,1,0,2,1,161.11597333496675,16713733.691298,1
25,5,1,1,1,4,775.6076838871666,16326250.082406,1
25,6,0,0,3,1,196.8513318405492,15452932.633124,1
25,7,0,1,0,1,100.08153167696815,14819901.948733,1
25,8,1,2,0,1,222.0055095606098,14990218.124484,1
25,9,0,3,2,1,61.87019246310247,15258322.081459,1
25,10,1,1,1,1,177.18122882003223,12741719.8264,1
26,1,1,0,1,0,0.0,14816621.630652,0
26,2,0,1,1,3,967.392696683856,15344981.381727,1
26,3,1,4,1,1,434.7001580333824,11962706.463086,1
26,4,0,1,0,1,259.9915422028373,11725360.122088,1
26,5,1,3,1,0,0.0,14985104.986115,0
26,6,1,1,2,1,268.65638322167246,11409310.981285,1
26,7,1,3,0,3,584.9306045474077,14905018.779792,1
26,8,1,1,1,1,351.3919651519721,17380593.393657,1
26,9,1,2,2,1,365.1239289129632,16786717.237625,1
26,10,0,2,1,0,0.0,15807597.97611,0
27,1,1,0,0,2,561.2148126700341,11338252.467927,1
27,2,2,0,0,1,66.62661034763266,10184999.528049,1
27,3,0,2,2,1,25.039030284629288,14416409.445692,1
27,4,1,0,1,2,464.92314248614093,8715065.666981,1
27,5,2,1,1,0,0.0,16658797.419018,0
27,6,0,0,1,1,380.7689141382209,10014725.589463,1
27,7,0,1,0,1,15.572541701704248,13345858.699879,1
27,8,0,3,1,0,0.0,12736635.856466,0
27,9,3,1,1,2,412.0023982103026,13070468.540136,1
27,10,2,0,2,2,571.2361583219822,12525774.283488,1
28,1,1,1,1,3,882.2851868472189,13689199.701615,1
28,2,4,2,0,1,277.7488690798862,15346417.021314,1
28,3,0,1,1,1,39.58431669418119,16059745.186423,1
28,4,1,0,0,3,778.3814638597389,12345529.403685,1
28,5,1,3,0,0,0.0,10269911.607409,0
28,6,1,2,2,1,188.19937312547,15245672.828921,1
28,7,1,1,1,2,643.0538736398363,14888169.228011,1
28,8,1,2,0,2,521.2336600692213,13998153.077031,1
28,9,0,0,1,1,465.3585955526316,10232111.311811,1
28,10,1,2,2,3,786.2709090586756,15421237.298559,1
29,1,1,3,2,1,422.8069443868824,15809593.745397,1
29,2,2,1,1,1,368.7255617307544,14285396.51315,1
29,3,1,1,1,2,558.8490720672,8765517.524198,1
29,4,1,0,1,3,799.9458865643705,13049243.366368,1
29,5,3,2,1,0,0.0,13184010.308538,0
29,6,1,0,6,1,372.6749726994102,14859187.076757,1
29,7,1,0,0,3,460.8587029137743,12722851.815202,1
29,8,1,2,1,0,0.0,17112571.980075,0
29,9,0,0,1,1,405.948512377929,5279874.875594,1
29,10,1,0,0,0,0.0,11980143.920663,0
30,1,1,1,1,0,0.0,11292363.898429,0
30,2,0,1,1,2,495.0593576171607,14239530.94068,1
30,3,1,2,1,1,452.9420777294408,17164547.135567,1
30,4,2,1,1,0,0.0,10519185.944863,0
30,5,1,3,0,0,0.0,14381184.472461,0
30,6,2,0,2,3,431.2399587104933,11805517.196305,1
30,7,1,1,3,0,0.0,13576215.608924,0
30,8,1,2,0,1,188.07745924108,10718787.261881,1
30,9,0,1,0,0,0.0,12634159.779409,0
30,10,1,2,1,2,437.3359947840827,14657863.607216,1
31,1,3,1,0,0,0.0,15392807.957804,0
31,2,2,2,3,1,120.11233045469302,15914220.344419,1
31,3,2,1,1,1,411.713624880982,14551330.651497,1
31,4,2,1,2,1,405.8493770141254,15232615.248365,1
31,5,3,0,2,0,0.0,16205874.069192,0
31,6,1,1,0,1,433.0577480749728,9558495.683964,1
31,7,2,1,1,1,386.45908231735854,17567307.224954,1
31,8,2,2,1,1,118.5860087027024,17138934.158153,1
31,9,1,0,1,1,323.5125396892398,11184815.731064,1
31,10,1,0,2,0,0.0,17056351.700845,0
32,1,0,3,2,2,738.5190367197828,9975565.867859,1
32,2,1,3,2,4,885.9134028477455,16774151.971671,1
32,3,0,2,1,2,214.9474238192185,16278352.521835,1
32,4,2,1,1,0,0.0,10939330.206327,0
32,5,1,4,0,0,0.0,14391941.54609,0
32,6,1,1,2,2,503.2653627465994,14358019.061827,1
32,7,1,1,4,1,434.3321753867126,10967280.058086,1
32,8,2,1,2,1,79.9045589376519,16249967.604143,1
32,9,1,2,1,0,0.0,17036059.330002,0
32,10,1,1,1,1,390.85115654782936,16928721.012924,1
33,1,1,0,1,1,452.6721502292467,15313194.65019,1
33,2,0,1,1,1,177.82669241270855,11753583.825201,1
33,3,3,1,1,1,239.9467195997408,11488800.439508,1
33,4,2,0,1,2,523.5338146505352,13983618.351055,1
33,5,1,1,0,1,444.6488411234608,11528327.098454,1
33,6,2,1,1,1,310.7343983462325,16859713.191567,1
33,7,4,1,3,0,0.0,14173596.649047,0
33,8,2,0,3,1,134.81232564152683,15612821.604595,1
33,9,1,3,1,1,28.49325574332121,14917413.846526,1
33,10,2,0,3,0,0.0,13800911.42507,0
34,1,2,2,2,1,91.6817229266318,14783674.898312,1
34,2,0,1,1,1,321.2756190295064,16259497.648559,1
34,3,2,3,0,1,157.9412621858892,10368614.226726,1
34,4,1,0,2,1,45.17456381938662,16663815.128861,1
34,5,0,0,1,0,0.0,11840075.270142,0
34,6,1,1,2,0,0.0,9362774.740601,0
34,7,1,1,1,0,0.0,13146764.463466,0
34,8,2,1,0,1,330.86041415257785,9019636.818764,1
34,9,1,2,4,0,0.0,16539322.379806,0
34,10,1,3,2,1,457.0205409274322,16062021.041889,1
35,1,1,2,0,1,434.60409164075975,16298557.141671,1
35,2,0,0,1,0,0.0,16727579.422159,0
35,3,1,2,0,0,0.0,11095827.781359,0
35,4,1,3,1,2,462.5880052369614,16628791.391622,1
35,5,0,2,0,1,138.64561031826474,14965492.033137,1
35,6,1,1,1,2,668.1961420659158,14281578.0403,1
35,7,2,1,1,2,376.1726545660086,11965358.902795,1
35,8,1,1,2,1,192.4226824414902,14572744.835784,1
35,9,1,0,0,2,335.67958415591835,15944927.04365,1
35,10,0,0,1,2,759.8822807492238,14096061.573577,1
36,1,1,3,1,0,0.0,13057781.510905,0
36,2,0,2,0,1,133.47081923813874,11579148.005707,1
36,3,0,0,0,1,74.75657460109717,13417325.893651,1
36,4,0,1,1,0,0.0,15918584.037738,0
36,5,3,1,1,0,0.0,10702390.121508,0
36,6,1,0,3,2,484.1098521930894,9934218.168527,1
36,7,2,0,3,0,0.0,11036909.564637,0
36,8,1,1,2,2,776.227002699258,13609679.154981,1
36,9,1,1,0,2,407.4318624382471,11856624.629576,1
36,10,2,2,1,1,79.63891877509535,16417208.864009,1
37,1,3,2,0,1,435.8298513452124,15229055.129261,1
37,2,0,2,2,0,0.0,10556431.102893,0
37,3,1,1,0,2,632.9473942823101,11983687.73497,1
37,4,0,0,1,1,350.2817651839027,12672801.822038,1
37,5,1,1,0,1,216.561612230407,7162881.134574,1
37,6,2,3,0,1,180.77370563195328,15681314.109169,1
37,7,2,1,2,1,352.30897752016386,16506441.197026,1
37,8,3,2,0,1,101.28462200009292,14768019.63222,1
37,9,0,2,0,1,173.44652515890863,10053625.234156,1
37,10,2,4,1,0,0.0,16616125.515527,0
38,1,0,1,1,0,0.0,12292338.179175,0
38,2,1,0,1,0,0.0,12500950.372045,0
38,3,2,3,1,1,146.35351878418976,14745247.487744,1
38,4,0,0,1,2,505.7077553370307,16727020.477511,1
38,5,2,1,1,0,0.0,16289833.223635,0
38,6,2,0,0,2,425.3354990364465,15886065.910577,1
38,7,0,4,0,2,484.2300330540804,14304827.148118,1
38,8,2,1,3,1,103.50065363391808,11417962.526185,1
38,9,1,0,3,2,652.0746607916076,13180827.319901,1
38,10,0,1,4,0,0.0,16136173.24173,0
39,1,1,1,1,1,53.38383808380469,14369703.811086,1
39,2,1,1,1,2,319.8752218543926,13995939.230485,1
39,3,0,0,2,2,395.6668498766983,16773977.210446,1
39,4,1,1,2,2,314.6310025356141,14062282.673731,1
39,5,2,2,1,1,114.87877373968682,12485115.626848,1
39,6,2,1,3,1,400.60003018042704,11181652.809456,1
39,7,1,0,1,3,1064.0934294433619,15443918.492948,1
39,8,1,1,2,0,0.0,12789490.083851,0
39,9,1,1,1,1,326.3367921565068,15805327.638129,1
39,10,2,0,1,1,357.03652479126566,11558476.81509,1
40,1,0,1,1,1,228.13635578568508,9717835.917142,1
40,2,0,3,0,3,510.6004900694551,16695672.063647,1
40,3,2,1,2,1,344.8258294677036,15173920.57795,1
40,4,1,1,2,1,232.05045595130505,14109378.702067,1
40,5,2,0,1,0,0.0,13844993.623788,0
40,6,0,0,1,2,299.93790256079114,6455965.990213,1
40,7,3,2,1,2,451.55882931334,16734334.152673,1
40,8,1,1,2,1,288.2994349207885,13970972.558784,1
40,9,1,0,1,1,430.0130657157522,12521009.197929,1
40,10,0,0,1,0,0.0,12622056.583623,0
41,1,5,2,0,0,0.0,16808913.837479,0
41,2,3,1,0,0,0.0,14860269.272019,0
41,3,1,1,0,1,342.22080602849815,15850661.552342,1
41,4,0,2,1,0,0.0,16259659.472196,0
41,5,1,0,2,1,458.8481367464691,12579059.354515,1
41,6,0,1,0,2,591.3006030366207,13285124.488569,1
41,7,0,2,1,0,0.0,12291703.134255,0
41,8,2,2,0,1,96.8555604209642,14361401.740883,1
41,9,2,0,3,1,176.5425507352114,11585593.106074,1
41,10,1,0,2,0,0.0,9383437.346797,0
42,1,0,1,4,1,91.77842917150568,15468738.516727,1
42,2,0,0,2,2,117.88337124866061,6568326.799627,1
42,3,2,0,0,0,0.0,13832909.642788,0
42,4,3,0,1,0,0.0,14793411.853274,0
42,5,3,1,0,1,195.1764344379903,14121713.063626,1
42,6,1,1,2,1,256.8456064780996,17059964.071142,1
42,7,1,0,1,1,208.02156506833265,11165682.171339,1
42,8,1,0,0,2,611.5869053937209,13368969.665791,1
42,9,1,3,0,1,459.1035775348406,10162314.738804,1
42,10,1,3,0,0,0.0,8381188.625771,0
43,1,0,1,0,3,559.7278310398539,12399369.624234,1
43,2,0,1,0,3,1040.7348603104933,9787916.985928,1
43,3,1,2,0,2,540.7578095714076,14302107.525196,1
43,4,0,3,1,0,0.0,14213978.822809,0
43,5,4,0,0,0,0.0,14608975.83255,0
43,6,0,0,3,0,0.0,12047247.176928,0
43,7,2,0,0,1,341.4142630067763,12101397.576824,1
43,8,2,0,2,1,78.8111442058638,16106289.755507,1
43,9,0,0,1,0,0.0,14051229.602293,0
43,10,2,0,2,1,462.0060394889839,15627190.889631,1
44,1,1,0,0,0,0.0,9126629.088695,0
44,2,1,2,2,2,612.8174582363456,14744291.604923,1
44,3,2,0,3,1,364.7121514711051,12835577.531663,1
44,4,3,2,2,0,0.0,16309761.166247,0
44,5,3,1,1,0,0.0,14665020.72826,0
44,6,0,1,0,0,0.0,16903571.867637,0
44,7,4,1,1,0,0.0,10829197.47603,0
44,8,1,1,2,1,273.2766343551408,16012574.060618,1
44,9,2,1,2,1,249.6830100053573,11739513.847255,1
44,10,2,1,1,0,0.0,8501550.804607,0
45,1,1,1,1,2,367.5398246455792,13410073.270938,1
45,2,1,1,1,0,0.0,4034373.717939,0
45,3,3,0,4,0,0.0,9352303.364098,0
45,4,0,1,2,1,6.561268234379153,10241475.46944,1
45,5,1,1,1,2,700.4698735852542,14029809.468463,1
45,6,0,0,1,2,823.9268692116937,12361044.683148,1
45,7,1,0,2,2,538.8276918879949,8299460.472326,1
45,8,1,0,1,2,665.0848029256512,14709661.753097,1
45,9,0,1,0,0,0.0,11375963.902834,0
45,10,0,0,1,3,991.8556668795081,16040370.69781,1
46,1,1,1,1,0,0.0,13170048.130631,0
46,2,1,1,1,1,226.37307248945552,9537597.049272,1
46,3,1,4,1,2,719.5479615158939,13357131.663701,1
46,4,2,1,1,0,0.0,13809998.206507,0
46,5,0,1,0,0,0.0,12984986.53346,0
46,6,0,1,1,2,795.012438672318,12680008.648552,1
46,7,2,3,1,0,0.0,14329123.868679,0
46,8,0,0,2,2,911.5230348355274,10582219.113551,1
46,9,3,1,2,0,0.0,16467184.160298,0
46,10,3,0,0,2,442.8223893517227,13755389.544694,1
47,1,1,1,1,1,138.91371719244538,12868889.202849,1
47,2,1,2,1,0,0.0,13575955.551275,0
47,3,1,2,1,2,279.0591469738531,14051323.24311,1
47,4,0,0,3,0,0.0,17281631.798272,0
47,5,1,1,0,2,446.9977660813455,16079310.645402,1
47,6,0,0,1,0,0.0,9449340.772589,0
47,7,2,2,0,3,768.1553741664569,16837997.755696,1
47,8,1,1,0,0,0.0,8592824.304825,0
47,9,0,1,0,0,0.0,3937575.502819,0
47,10,1,1,0,0,0.0,11372025.438247,0
48,1,0,0,1,1,305.2393229464409,17421541.543637,1
48,2,0,0,1,3,817.1783063501016,14873474.499133,1
48,3,0,1,3,1,442.76492226690914,12598658.249927,1
48,4,3,0,0,2,342.0503187253618,13562046.71874,1
48,5,1,0,1,2,207.45691851919287,15067051.92144,1
48,6,1,0,2,0,0.0,14136114.804784,0
48,7,1,2,3,1,68.79538168969042,14218082.198023,1
48,8,4,0,0,0,0.0,15699524.914567,0
48,9,0,0,0,1,257.3246969895189,14643158.702985,1
48,10,2,1,0,0,0.0,10995057.719986,0
49,1,0,0,1,0,0.0,10383390.228946,0
49,2,2,1,2,1,82.2128882764821,13331579.59246,1
49,3,1,0,0,0,0.0,14629033.820443,0
49,4,1,3,1,0,0.0,15416307.235095,0
49,5,1,1,3,0,0.0,16634485.018628,0
49,6,2,1,1,1,152.05129389742766,15245986.018599,1
49,7,0,3,1,1,76.98053575791162,13722457.785471,1
49,8,0,2,0,3,815.9322783763514,13514553.289093,1
49,9,3,0,0,0,0.0,10071833.920553,0
49,10,2,1,0,1,332.20344258786264,14109121.203915,1
50,1,2,3,0,2,713.1155944947691,7068633.580482,1
50,2,0,0,0,1,217.65573391149735,13509774.496386,1
50,3,1,2,0,1,243.97654514421447,13232346.207389,1
50,4,1,1,0,0,0.0,10637583.994709,0
50,5,1,4,0,0,0.0,14889018.778324,0
50,6,0,1,2,1,490.0127900475651,16044685.299185,1
50,7,2,1,0,2,363.76859932579595,8851582.566048,1
50,8,2,1,1,3,467.0585516928246,12707515.814836,1
50,9,1,0,2,3,954.9365276086778,17052584.759844,1
50,10,1,2,1,1,19.92683388173395,2245679.813735,1
51,1,1,0,1,1,17.977060636567558,17356296.285675,1
51,2,2,4,0,1,139.61122745313736,11724916.12266,1
51,3,2,1,2,2,532.209699846664,12859928.569379,1
51,4,0,1,0,1,109.6364723217216,6580455.9797,1
51,5,0,2,2,1,486.6626580987937,15910111.057774,1
51,6,1,0,2,0,0.0,11639252.131356,0
51,7,1,2,1,1,342.22239474484746,9979567.631741,1
51,8,1,1,3,0,0.0,17041488.251618,0
51,9,2,2,2,1,205.26877059647884,15988441.601077,1
51,10,4,0,2,0,0.0,14804441.09993,0
52,1,1,1,0,1,119.5005706873791,12392560.082941,1
52,2,1,0,1,1,376.5269576424185,15868694.395132,1
52,3,1,3,0,2,160.7718423815739,16564220.633737,1
52,4,0,0,2,2,457.35501368449394,15517560.011174,1
52,5,1,1,0,2,245.4774656952328,12255448.921192,1
52,6,2,0,2,0,0.0,12488553.597111,0
52,7,2,2,1,2,517.9146539788785,14898726.960029,1
52,8,1,1,0,0,0.0,12956106.113763,0
52,9,0,1,2,0,0.0,11441215.829937,0
52,10,2,0,4,0,0.0,17546811.71347,0
53,1,1,0,2,2,204.64188873741682,15721118.978627,1
53,2,1,2,1,1,9.600559261276754,12882122.709921,1
53,3,0,2,2,2,752.4377683603796,11972226.02508,1
53,4,1,2,3,2,587.2583178664509,17124136.659488,1
53,5,0,1,1,1,297.18940416330213,14420481.440332,1
53,6,1,3,1,0,0.0,14114279.579946,0
53,7,1,0,0,3,608.5488566161434,12878036.754749,1
53,8,0,1,0,4,1108.7494333774139,15682863.052183,1
53,9,1,2,2,0,0.0,13388945.329504,0
53,10,2,0,2,1,415.8095542611777,16118236.609202,1
54,1,3,0,0,3,444.969965694723,9851682.381162,1
54,2,2,2,0,1,113.30866692639108,14081194.297136,1
54,3,2,3,0,1,145.41957602846605,10178654.7993,1
54,4,1,0,2,3,485.864492283216,12832853.926085,1
54,5,2,1,2,1,95.2793666643986,13759998.683917,1
54,6,2,1,1,2,315.38710572656123,10785742.207671,1
54,7,1,4,0,2,322.5916343149455,7522921.612486,1
54,8,2,2,0,0,0.0,11555372.72796,0
54,9,1,0,1,1,118.65866384632514,14766127.249391,1
54,10,3,1,0,2,111.88495485867041,12614835.06454,1
55,1,1,3,4,0,0.0,14300953.151484,0
55,2,1,1,0,0,0.0,15502579.61655,0
55,3,0,0,3,1,402.47364472827735,8854087.971289,1
55,4,0,2,2,0,0.0,14742523.095247,0
55,5,1,0,2,0,0.0,12987295.24503,0
55,6,0,1,0,3,460.5609890818416,15222745.91194,1
55,7,2,0,1,1,84.37704739927236,13905091.967365,1
55,8,2,2,1,1,438.168660630378,13142172.413353,1
55,9,0,1,2,0,0.0,16004354.682941,0
55,10,4,1,0,1,45.88340944126698,14754691.414936,1
56,1,0,3,0,2,421.9106777881565,16611849.343653,1
56,2,2,1,0,0,0.0,8756452.424109,0
56,3,2,0,1,0,0.0,10273718.934176,0
56,4,3,3,1,0,0.0,17002691.841186,0
56,5,1,2,2,0,0.0,17412702.504048,0
56,6,1,1,1,0,0.0,17091189.922484,0
56,7,2,0,1,0,0.0,15891672.414193,0
56,8,0,0,2,2,794.7895025543157,13529746.722182,1
56,9,3,0,0,1,372.7441585710824,13173965.186193,1
56,10,2,1,1,3,501.95130583229815,15853759.25242,1
57,1,1,3,2,0,0.0,14851298.276193,0
57,2,0,0,2,0,0.0,7218066.549917,0
57,3,1,1,1,1,373.4793315921929,14847244.305885,1
57,4,1,1,1,1,229.3862262055725,11181208.862402,1
57,5,1,3,1,3,954.7037224738206,16247869.750923,1
57,6,0,3,1,1,370.021585849849,15760440.616665,1
57,7,1,0,4,2,379.1840798307839,15087080.669274,1
57,8,1,0,1,2,371.1282083884172,14848894.927809,1
57,9,1,1,1,0,0.0,15041428.61935,0
57,10,0,2,2,2,690.474081523526,16896992.066232,1
58,1,1,1,1,0,0.0,10894921.316013,0
58,2,1,5,0,1,105.6463975057694,16527831.309561,1
58,3,1,1,1,1,387.0745024366401,16496253.708073,1
58,4,1,0,0,0,0.0,14444202.646865,0
58,5,0,0,1,1,281.39839900394526,6713655.978765,1
58,6,0,0,3,1,6.268790016315794,13826783.189592,1
58,7,0,2,1,1,139.0203817993793,11380205.666493,1
58,8,1,1,1,0,0.0,13528455.954711,0
58,9,1,2,0,0,0.0,15219414.02902,0
58,10,1,0,0,2,635.6159143730157,15504464.976621,1
59,1,1,1,0,2,701.9267620994272,15156991.868352,1
59,2,1,0,2,1,371.9072586246444,10390097.692333,1
59,3,1,1,0,1,237.52048942598896,16041178.881538,1
59,4,1,1,2,1,391.6041317568355,14762821.593311,1
59,5,2,1,1,2,674.0615514274276,13787869.247762,1
59,6,0,1,2,0,0.0,13743061.062409,0
59,7,1,2,1,2,118.03149032323878,14795724.986296,1
59,8,1,1,1,0,0.0,15493462.36693,0
59,9,1,1,0,0,0.0,12373040.913288,0
59,10,2,3,1,2,536.2541115634856,16510574.86124,1
60,1,2,2,0,0,0.0,16279789.758599,0
60,2,0,0,1,0,0.0,16617417.892544,0
60,3,2,1,0,1,176.88050234628358,6808834.45233,1
60,4,1,2,2,3,499.3075147889948,15222871.315638,1
60,5,1,2,3,1,385.91113617786937,12971951.640377,1
60,6,0,2,3,2,476.11787514085654,7910356.343466,1
60,7,2,2,0,1,162.95239039290965,15472062.547772,1
60,8,1,3,2,0,0.0,14493459.400985,0
60,9,0,2,1,0,0.0,12863103.921739,0
60,10,1,0,0,0,0.0,14770129.599368,0
61,1,1,0,0,1,367.9169266225321,10841157.762854,1
61,2,1,0,0,2,367.977201525298,15748582.511719,1
61,3,1,2,1,3,1092.4808422294523,12011646.35005,1
61,4,2,1,0,0,0.0,16946644.322249,0
61,5,2,0,0,0,0.0,8415116.744706,0
61,6,0,1,1,1,364.7664650570271,11185834.613454,1
61,7,1,1,0,0,0.0,10717134.263665,0
61,8,1,0,0,1,318.12792721762963,9140630.452826,1
61,9,1,2,1,2,504.41759869456274,15560930.983474,1
61,10,1,2,1,0,0.0,10870401.473195,0
62,1,3,1,1,1,350.78509160786655,14498735.995219,1
62,2,3,1,2,1,201.0137107611951,15810684.368557,1
62,3,1,0,1,0,0.0,14914060.414581,0
62,4,2,3,1,1,466.69791947316014,14046392.076004,1
62,5,0,2,0,2,280.9601869322099,15179968.298413,1
62,6,1,1,2,1,208.6899612902358,17294311.778457,1
62,7,0,3,2,1,188.25271107312372,13886922.343662,1
62,8,1,2,2,1,33.51708999240728,16446055.85013,1
62,9,2,4,1,1,352.4691821216941,12524394.903348,1
62,10,1,2,0,0,0.0,8209148.130159,0
63,1,1,0,2,1,297.67680144429585,14524333.964526,1
63,2,1,1,1,1,22.137933408746576,16485094.698921,1
63,3,1,0,1,1,367.78731627645874,10036807.361649,1
63,4,1,1,2,0,0.0,10310190.015482,0
63,5,1,0,0,0,0.0,15243561.511211,0
63,6,0,2,0,0,0.0,13127999.886356,0
63,7,2,0,1,1,164.49578305663698,13470197.391708,1
63,8,0,1,3,2,286.93908444082376,14835074.593109,1
63,9,2,1,1,1,397.7877401145533,12877755.873342,1
63,10,0,1,2,2,783.8153078860116,16379567.403868,1
64,1,0,1,2,1,431.2146980112516,8771497.605533,1
64,2,0,1,5,0,0.0,17016404.869429,0
64,3,0,1,0,0,0.0,17333389.011832,0
64,4,1,1,3,2,697.6971331131763,14448259.738843,1
64,5,0,3,1,0,0.0,12078838.568802,0
64,6,2,0,0,3,1078.796261394814,13079368.210497,1
64,7,0,2,1,2,806.4937019846959,15031148.852059,1
64,8,0,1,0,1,336.6063737659582,7629491.413725,1
64,9,1,0,0,2,423.3744137728095,16728992.880668,1
64,10,1,3,0,1,92.00278099228062,11929242.362221,1
65,1,1,1,0,0,0.0,7853493.086914,0
65,2,3,1,1,2,721.9493367080825,16298413.230659,1
65,3,1,3,2,1,297.37957294413263,16217439.571307,1
65,4,4,4,0,0,0.0,16034038.786875,0
65,5,1,1,0,1,357.99125100442063,13992043.597313,1
65,6,0,1,1,3,498.8331703315291,14765996.218452,1
65,7,0,2,0,1,176.5945573882587,13812019.587464,1
65,8,1,3,0,2,393.09112741499246,11263374.09617,1
65,9,0,2,3,1,78.623660336827,15983204.828914,1
65,10,0,1,1,3,371.63125400997103,14154904.993914,1
66,1,1,0,1,1,482.002318036257,14008669.661133,1
66,2,2,2,0,1,319.3500690073142,15470637.146637,1
66,3,0,0,1,2,668.3577966378984,15985736.22129,1
66,4,1,1,1,1,428.71283198025344,16310753.290694,1
66,5,0,1,2,1,423.2520239957802,15486584.696193,1
66,6,1,0,0,2,495.78246047002,11941907.307098,1
66,7,1,3,1,1,43.4398360573372,14133185.845133,1
66,8,0,2,3,1,48.376218146566906,15484075.839525,1
66,9,0,0,2,0,0.0,16677797.859538,0
66,10,1,1,0,0,0.0,16018751.72105,0
67,1,1,0,0,0,0.0,12017109.167807,0
67,2,3,0,0,2,471.8842216129203,9777049.802697,1
67,3,3,2,3,0,0.0,11963010.495122,0
67,4,2,0,1,3,633.1582714946622,14737548.266156,1
67,5,2,1,0,1,367.4742870986016,12965680.788818,1
67,6,2,2,1,1,56.95373659407682,13641305.800302,1
67,7,0,3,0,1,211.3541053125117,16204712.478913,1
67,8,1,1,0,1,198.11167023670188,15869473.873283,1
67,9,0,0,2,1,247.34201765007668,14960267.137531,1
67,10,0,2,2,2,389.4502603840274,14463054.060021,1
68,1,0,2,1,1,239.6976990807312,13394574.306603,1
68,2,2,0,3,1,297.3800330023621,17228225.443296,1
68,3,2,3,1,0,0.0,12589591.213434,0
68,4,2,2,1,1,367.40431987086953,13001139.273755,1
68,5,0,1,1,0,0.0,17137782.016815,0
68,6,0,1,0,0,0.0,8970348.099769,0
68,7,1,0,1,3,587.8460535040413,13941326.11053,1
68,8,0,0,3,1,48.80670532485873,14979598.930492,1
68,9,1,4,0,1,440.0908969352707,10589827.433553,1
68,10,0,0,0,1,362.4077588970354,13095474.357268,1
69,1,1,1,1,2,822.5582795172459,15585280.296233,1
69,2,1,1,0,2,928.693702495581,13451371.212966,1
69,3,0,1,2,0,0.0,14502731.412274,0
69,4,1,0,2,1,246.6663028615021,7855739.481885,1
69,5,1,0,0,1,106.39410241443504,10920248.723759,1
69,6,2,0,1,2,269.76146908655596,16748926.740715,1
69,7,2,0,1,0,0.0,16897366.52654,0
69,8,1,1,1,2,242.5077041834643,15640568.225273,1
69,9,0,0,1,0,0.0,10836662.043444,0
69,10,2,1,2,1,251.5980116626204,16024591.845408,1
70,1,0,1,2,3,982.097129255443,14083551.660609,1
70,2,1,0,2,1,272.26959756920155,12142350.52942,1
70,3,1,1,1,1,239.1568071871012,11741975.170112,1
70,4,1,1,2,1,323.5829333610874,8570610.689952,1
70,5,0,0,2,0,0.0,14206010.784521,0
70,6,1,1,1,0,0.0,14916785.387211,0
70,7,0,0,1,1,487.68803767576026,12256153.417279,1
70,8,0,3,2,2,478.38613078614526,15137552.939404,1
70,9,2,1,1,1,123.21865434381124,16173543.28473,1
70,10,0,2,0,2,811.8641356494844,13097004.095544,1
71,1,1,1,0,0,0.0,14236432.051674,0
71,2,4,1,4,0,0.0,16267460.010482,0
71,3,1,2,0,2,498.0548903847018,16145461.077465,1
71,4,1,1,1,0,0.0,10372104.096149,0
71,5,1,1,2,2,514.668020814781,16456653.77255,1
71,6,2,0,0,0,0.0,13301720.950432,0
71,7,1,1,0,1,394.33747438533896,16159702.402542,1
71,8,5,0,1,2,506.7935648714605,17226877.129721,1
71,9,2,2,1,3,966.8904971048651,15008191.835476,1
71,10,0,1,1,1,45.893649290971645,14877008.117496,1
72,1,2,3,1,0,0.0,8379742.646822,0
72,2,3,3,0,2,649.6964857787475,9666690.03724,1
72,3,3,1,0,0,0.0,12040236.797802,0
72,4,1,1,1,1,24.157114297268446,15091064.139094,1
72,5,1,1,0,1,121.67134662200232,9930643.551732,1
72,6,1,1,0,0,0.0,11596767.067599,0
72,7,2,1,3,1,220.51350305134247,15580496.883947,1
72,8,1,3,1,1,289.48818493126464,11255446.636509,1
72,9,0,0,3,1,103.45099216544952,11992348.924942,1
72,10,0,2,3,0,0.0,8946986.321123,0
73,1,1,1,0,0,0.0,12152933.87058,0
73,2,0,1,2,0,0.0,9969141.384565,0
73,3,3,1,1,2,371.9509462398376,11768814.06712,1
73,4,1,1,1,0,0.0,9666012.397525,0
73,5,1,0,2,1,230.42282403853125,16484126.978545,1
73,6,1,2,0,0,0.0,8024563.626169,0
73,7,0,0,3,1,8.049278619535334,11294347.319167,1
73,8,0,2,1,1,129.39546961421317,13557752.78638,1
73,9,0,3,2,1,101.52708181309788,16821587.671571,1
73,10,1,0,2,0,0.0,14591905.610463,0
74,1,1,1,0,0,0.0,14990238.28507,0
74,2,0,2,1,0,0.0,6722441.812067,0
74,3,1,1,3,0,0.0,9975448.575114,0
74,4,1,0,0,3,932.1246158147467,15603447.871136,1
74,5,0,0,1,0,0.0,6057395.19867,0
74,6,0,1,2,3,1043.1166211284233,10795271.879371,1
74,7,0,2,2,0,0.0,12334468.662099,0
74,8,2,0,1,3,888.3156388217836,11931716.178236,1
74,9,0,0,0,1,372.9444953152369,10629024.736065,1
74,10,0,1,1,1,109.04995147141808,15490731.887931,1
75,1,4,0,1,0,0.0,12375684.251981,0
75,2,1,1,0,2,257.4709725361109,14949943.54667,1
75,3,0,3,0,1,331.63324029769166,13642300.464921,1
75,4,0,0,1,1,477.9280470560913,14520105.226436,1
75,5,1,5,0,0,0.0,14024998.323505,0
75,6,0,1,1,0,0.0,14846913.480798,0
75,7,1,0,5,1,366.0129837074337,15911876.322456,1
75,8,0,0,1,2,546.2715368356577,7209923.790453,1
75,9,1,1,3,1,336.4831660978115,15889298.289193,1
75,10,0,0,0,1,198.09934445129855,15535471.661572,1
76,1,1,1,1,0,0.0,11116862.577867,0
76,2,2,1,1,0,0.0,12027181.965236,0
76,3,1,1,0,1,228.52911355800495,15000690.030689,1
76,4,0,2,2,0,0.0,9963138.905722,0
76,5,0,2,1,0,0.0,12912408.593925,0
76,6,0,2,3,2,436.2496937555609,16234562.871726,1
76,7,0,1,5,1,459.8520854943192,14769056.072589,1
76,8,0,1,1,1,258.7152019981475,10699079.532775,1
76,9,2,1,1,2,310.23130539157455,15353408.012756,1
76,10,3,1,0,1,268.7936271858451,12630842.845184,1
77,1,0,3,1,0,0.0,9599196.287977,0
77,2,2,0,1,3,554.7915142555399,13666745.797294,1
77,3,0,0,1,1,210.7885731681469,16716593.0805,1
77,4,0,1,1,0,0.0,10351854.453856,0
77,5,1,2,1,1,336.1536943069791,14556048.075754,1
77,6,1,4,0,0,0.0,10856192.915381,0
77,7,2,1,0,2,530.5027443803368,16897490.421752,1
77,8,4,0,0,1,259.38748476631235,15037964.696341,1
77,9,2,1,1,0,0.0,12574840.999394,0
77,10,0,2,1,3,699.2706421612054,16508480.017563,1
78,1,1,1,1,2,490.7922100643372,13305602.685877,1
78,2,3,1,1,1,8.491841390816443,15433267.945162,1
78,3,0,2,0,0,0.0,10857879.438691,0
78,4,1,0,2,0,0.0,14270487.422667,0
78,5,1,1,2,2,513.7365869185029,9266028.500178,1
78,6,0,2,1,0,0.0,12883442.403562,0
78,7,1,1,1,2,462.1420855302922,12483461.552882,1
78,8,0,1,0,1,425.9646705424353,12879696.722926,1
78,9,0,1,1,1,430.4403841446623,13876821.973722,1
78,10,1,2,0,0,0.0,16204190.050083,0
79,1,2,0,2,1,354.4890216719313,8560765.309627,1
79,2,2,1,0,0,0.0,12922957.751413,0
79,3,1,1,1,2,334.490076665323,14518099.467835,1
79,4,0,0,2,2,106.88075093171288,15220449.686598,1
79,5,0,2,1,1,487.5259666543574,10354381.228689,1
79,6,2,1,0,1,124.01996027949232,11812910.956105,1
79,7,0,0,3,3,217.6332784078121,12077653.289174,1
79,8,1,0,0,0,0.0,11682237.700108,0
79,9,3,1,0,1,132.2545094946419,12001842.057327,1
79,10,1,1,0,1,397.6028032706311,13948524.616522,1
80,1,1,0,2,2,535.5438738567142,14818950.216035,1
80,2,0,1,0,2,284.66706914177183,6390788.290963,1
80,3,0,1,0,1,188.8759559787713,12840855.097271,1
80,4,0,0,1,1,487.2492337464969,9499176.098184,1
80,5,2,1,3,2,489.89365302672456,11221580.765895,1
80,6,2,1,0,2,360.670949377758,9512516.60917,1
80,7,1,0,0,0,0.0,11593092.33312,0
80,8,1,2,0,0,0.0,8171407.414384,0
80,9,2,0,1,3,311.9737476797974,14790331.959982,1
80,10,0,0,1,0,0.0,11151279.903895,0
81,1,0,0,3,1,180.8135123458607,12231035.689938,1
81,2,2,1,0,0,0.0,9553489.199527,0
81,3,2,0,1,3,1137.8161342115502,15997426.431328,1
81,4,0,1,1,1,242.3450912415664,15051555.271655,1
81,5,0,3,1,0,0.0,14300606.533876,0
81,6,0,1,1,1,298.02158553072945,15606916.159671,1
81,7,0,2,2,1,212.3797899481528,17166884.84829,1
81,8,0,3,1,1,291.14681494388805,13147137.658254,1
81,9,0,1,2,0,0.0,7371756.022977,0
81,10,2,1,1,0,0.0,15287215.883127,0
82,1,2,1,3,0,0.0,11676744.58014,0
82,2,2,2,1,0,0.0,17575559.849444,0
82,3,0,0,4,0,0.0,12378049.931896,0
82,4,0,0,1,1,473.49664923475547,6536197.095417,1
82,5,2,2,1,0,0.0,15758441.035155,0
82,6,1,1,1,2,429.80729562836734,11857066.670955,1
82,7,2,4,0,0,0.0,13781836.690053,0
82,8,1,0,1,0,0.0,8635284.789414,0
82,9,2,1,2,2,272.34866533597386,13034447.696057,1
82,10,0,0,3,3,1250.1808977355086,13744377.835624,1
83,1,3,1,0,1,315.76533830312604,12989888.437958,1
83,2,2,1,3,0,0.0,9881314.087364,0
83,3,4,1,2,1,348.9887511716331,16377543.183202,1
83,4,1,1,1,0,0.0,12324730.129492,0
83,5,3,1,1,0,0.0,13710201.435183,0
83,6,1,1,1,0,0.0,9488442.440037,0
83,7,1,0,2,0,0.0,14170623.094678,0
83,8,3,0,3,1,339.5449258641486,12358701.495041,1
83,9,0,0,4,2,720.5879538781551,16836881.451635,1
83,10,1,0,2,2,157.94778823441484,1750838.16632,1
84,1,0,1,0,2,509.9337420685316,16956313.948644,1
84,2,0,0,1,2,607.0434602784039,14852648.866224,1
84,3,0,0,2,0,0.0,15062996.592053,0
84,4,1,1,0,2,801.5851689602546,10258124.607785,1
84,5,1,0,1,2,611.2681628278849,12476602.615132,1
84,6,0,3,2,1,291.291550928827,13191361.886055,1
84,7,1,2,0,0,0.0,12984568.943881,0
84,8,2,0,2,1,165.11396617988746,14716919.996607,1
84,9,2,1,1,1,409.7395321059138,15381704.858704,1
84,10,1,1,0,0,0.0,16502260.396874,0
85,1,0,2,1,2,661.5260498648923,8294186.794983,1
85,2,0,1,1,0,0.0,14722136.017024,0
85,3,2,1,3,1,246.8809187517527,16028520.288866,1
85,4,1,1,2,1,406.5968301369194,14346305.553551,1
85,5,0,0,1,1,190.5174673099183,12354357.575725,1
85,6,0,1,3,2,547.849542337434,10794877.54179,1
85,7,0,0,1,2,742.5346869177586,8672578.12764,1
85,8,2,6,1,1,459.6401651021693,17384540.773003,1
85,9,2,1,1,1,173.36049966296983,13757776.47584,1
85,10,2,0,0,0,0.0,15211513.025543,0
86,1,0,1,1,2,493.65310319686733,8122720.39505,1
86,2,0,1,0,2,517.8489055827766,13774460.674988,1
86,3,1,1,1,0,0.0,8976961.164143,0
86,4,3,0,1,2,717.1221990441978,16140518.106207,1
86,5,1,4,1,2,384.6971110246861,14801355.856165,1
86,6,1,1,0,0,0.0,9510243.825497,0
86,7,1,0,2,1,338.11770889579526,13651257.489297,1
86,8,0,1,0,2,545.2974582952723,12261480.220504,1
86,9,0,1,1,1,250.27150332991505,14845591.714839,1
86,10,2,4,1,0,0.0,14536934.151164,0
87,1,1,3,1,1,116.33908366574056,12819637.782924,1
87,2,0,0,1,0,0.0,13894171.49536,0
87,3,1,1,2,0,0.0,12200594.05628,0
87,4,0,0,2,5,1215.1016560360054,9090302.152285,1
87,5,0,1,0,2,91.77556182290718,9009131.500513,1
87,6,1,1,1,1,32.44251190446987,10342322.14552,1
87,7,1,1,0,0,0.0,9256996.387979,0
87,8,0,1,3,1,215.19153131873503,13189320.664974,1
87,9,0,1,1,1,334.6805267030389,10857392.672646,1
87,10,1,1,0,1,84.92321597046013,16811932.235888,1
88,1,1,1,0,4,917.2312281828318,7050810.477574,1
88,2,0,0,1,3,262.4043571456624,13991721.076416,1
88,3,3,0,1,1,137.85916703356293,16343806.788333,1
88,4,1,2,1,1,379.5619164923991,11374439.753412,1
88,5,1,0,1,1,354.7099234107147,10725595.413069,1
88,6,1,1,0,1,228.80217223516465,14976047.741621,1
88,7,1,1,1,1,37.89075776407096,12530848.187019,1
88,8,0,0,1,2,137.5159714673623,13101742.478818,1
88,9,1,0,2,1,239.9800660396853,16063356.78119,1
88,10,1,1,0,3,230.75018695737785,11199429.045808,1
89,1,3,1,1,0,0.0,6769795.200573,0
89,2,3,1,0,1,95.46794193150131,7400369.941419,1
89,3,0,2,0,1,315.7668572804097,14467736.277335,1
89,4,0,0,2,2,205.14764373720237,14428685.271376,1
89,5,0,1,2,0,0.0,9421384.801321,0
89,6,0,2,0,1,140.1347972883918,7924458.419616,1
89,7,1,2,0,0,0.0,11809643.841146,0
89,8,1,1,0,2,730.8487712943149,10117212.584719,1
89,9,0,1,0,2,525.0467982255661,14435903.375624,1
89,10,1,2,0,1,480.1471186080778,13902842.947987,1
90,1,0,2,0,1,311.997025699028,15611540.189819,1
90,2,2,1,1,0,0.0,14295903.757257,0
90,3,2,1,2,2,369.330929674869,13204502.163263,1
90,4,2,1,0,2,587.0413479199808,8299625.050839,1
90,5,1,0,0,1,350.9450577710629,12886785.358252,1
90,6,1,1,2,1,439.75755648337497,13709327.706995,1
90,7,0,2,1,1,133.6311340290821,10687482.82045,1
90,8,0,2,3,1,318.04531881892046,14025464.609485,1
90,9,3,0,1,2,347.9846333003371,10087223.21557,1
90,10,1,3,0,0,0.0,14640233.663154,0
91,1,1,3,1,2,455.2337226383196,14824858.21444,1
91,2,1,0,3,3,1055.8405409644577,14102086.583172,1
91,3,0,1,0,1,137.4225626264584,14212049.101633,1
91,4,2,2,2,2,348.74662368526543,14141826.498127,1
91,5,0,1,0,3,530.496149635921,11975234.156249,1
91,6,0,2,2,0,0.0,15448054.611045,0
91,7,0,1,0,3,430.5491506227782,16006181.637375,1
91,8,3,1,3,0,0.0,15690918.460143,0
91,9,0,1,2,1,444.8585231026643,12728445.097158,1
91,10,0,1,1,3,951.0473703846351,10302210.933466,1
92,1,1,2,1,0,0.0,13440515.420415,0
92,2,0,2,3,0,0.0,13504167.758614,0
92,3,2,3,0,1,361.9935072501273,12559929.162302,1
92,4,3,1,1,1,227.29846809649104,14367449.641276,1
92,5,1,0,1,2,175.06079097275924,8859667.664641,1
92,6,2,0,1,2,782.8953837443212,7184002.799034,1
92,7,1,0,2,1,157.46244805727707,13638403.431785,1
92,8,1,1,2,0,0.0,13472885.528614,0
92,9,1,0,1,0,0.0,14725108.863157,0
92,10,1,1,0,0,0.0,8192244.081189,0
93,1,2,1,1,0,0.0,13141824.916714,0
93,2,0,3,1,1,36.31196873440341,14283747.735381,1
93,3,2,2,3,2,489.0909390924745,15354752.955095,1
93,4,0,0,1,2,458.75056376956974,12525232.915735,1
93,5,1,0,1,1,261.8061187037697,13029562.826542,1
93,6,1,0,0,0,0.0,16482469.364251,0
93,7,0,1,2,1,162.8026037992918,12479682.186695,1
93,8,1,0,2,0,0.0,13580525.526171,0
93,9,0,3,1,3,714.0491406179664,14197979.763886,1
93,10,0,1,0,2,321.7896011993698,15108009.220985,1
94,1,1,1,0,1,186.14080842774885,9269069.031172,1
94,2,2,1,2,2,551.3241325682891,11275435.318507,1
94,3,0,1,4,0,0.0,10887777.444768,0
94,4,2,0,0,1,429.9387532111438,11378104.017785,1
94,5,0,0,3,4,993.4800776727442,11185876.984471,1
94,6,2,1,0,3,539.2777123291255,15214611.416666,1
94,7,0,1,2,3,821.0848785237074,11729459.887137,1
94,8,0,0,0,1,59.500911297294,11678150.14865,1
94,9,2,4,0,0,0.0,16334982.775049,0
94,10,0,1,1,1,25.64304388485911,15684229.143485,1
95,1,0,2,0,3,405.0615355213667,8920805.194,1
95,2,0,4,1,0,0.0,14280488.907387,0
95,3,1,2,0,1,247.3527860807154,13661614.640223,1
95,4,1,2,0,0,0.0,8726854.111976,0
95,5,1,1,0,1,282.9492733323728,16996434.656376,1
95,6,0,1,0,0,0.0,9415385.549165,0
95,7,0,1,1,1,375.8500175062936,14091602.432715,1
95,8,1,2,0,0,0.0,12737819.429302,0
95,9,1,2,1,0,0.0,16251285.171763,0
95,10,1,1,1,0,0.0,14684778.875096,0
96,1,2,2,0,0,0.0,12558416.011862,0
96,2,0,1,1,1,326.59542815726184,15559734.284086,1
96,3,2,1,0,0,0.0,15285224.423141,0
96,4,1,0,0,2,478.5625642860972,6260872.130126,1
96,5,0,0,2,1,21.033453500592508,16258196.781851,1
96,6,0,1,1,3,1128.5225852265726,13505065.504908,1
96,7,0,0,1,2,469.5047674965048,11274348.73954,1
96,8,1,0,1,0,0.0,12563410.226741,0
96,9,2,1,1,1,63.60479619496466,12239635.966433,1
96,10,1,0,0,0,0.0,14525221.908249,0
97,1,1,2,1,0,0.0,12728700.641659,0
97,2,1,2,1,0,0.0,13390289.993132,0
97,3,2,0,3,1,25.88795786375812,12175474.310747,1
97,4,1,0,0,1,340.5800699911508,15571363.00549,1
97,5,2,1,1,2,743.7601956690303,12981033.989333,1
97,6,3,2,0,0,0.0,14226895.104163,0
97,7,3,1,1,0,0.0,16400541.572062,0
97,8,0,1,3,1,444.1692384909774,15625696.72942,1
97,9,0,0,4,2,508.5607544835987,14571535.728012,1
97,10,2,1,1,0,0.0,12912300.793679,0
98,1,1,1,1,1,28.92592826050837,11326959.519532,1
98,2,0,0,1,2,599.3626020807544,12530803.153182,1
98,3,1,2,0,1,264.18045986618307,8511454.26132,1
98,4,0,0,3,0,0.0,13884523.231167,0
98,5,0,1,2,2,765.1580936128641,16795679.058092,1
98,6,1,1,1,2,381.4308935891023,12362443.245798,1
98,7,3,0,2,2,794.1502378263992,15887424.810358,1
98,8,0,0,4,0,0.0,5317944.123046,0
98,9,3,1,3,0,0.0,17206846.594773,0
98,10,0,0,2,0,0.0,12577055.899079,0
99,1,0,2,3,1,269.7641272976905,13400614.14977,1
99,2,1,1,0,2,497.3848494305962,17384094.130867,1
99,3,1,1,0,0,0.0,15285442.467461,0
99,4,1,2,1,1,220.9001218590676,9554318.860633,1
99,5,2,1,1,0,0.0,13264468.619573,0
99,6,2,0,1,1,357.4986597994031,15324702.702647,1
99,7,2,0,0,0,0.0,17609912.052894,0
99,8,1,2,0,2,298.21699469410976,15029383.858545,1
99,9,0,1,0,0,0.0,8453356.137321,0
99,10,2,0,0,2,672.0637005630507,12548187.999062,1
100,1,1,1,2,1,133.62052193552262,10048864.158037,1
100,2,1,4,0,0,0.0,13481440.928712,0
100,3,2,2,1,2,359.46301611277306,13362484.831466,1
100,4,2,3,0,1,375.7938755499503,16546824.375438,1
100,5,1,1,0,1,111.90465744887835,16766246.141996,1
100,6,0,1,1,2,536.7277040693173,14031004.92467,1
100,7,1,3,1,2,411.44805454795005,10390203.956205,1
100,8,0,0,1,4,1357.6690422760216,15631653.67157,1
100,9,1,0,3,2,304.8870861230802,16149219.619211,1
100,10,0,1,0,0,0.0,12498034.926183,0
101,1,2,0,0,1,244.5567584931324,8944023.354296,1
101,2,0,0,1,3,691.9557472187157,9372989.196848,1
101,3,1,1,2,1,8.278621539905036,14470453.335826,1
101,4,0,1,1,3,659.8786452287484,15706271.294775,1
101,5,1,1,1,0,0.0,17236857.544672,0
101,6,2,1,2,0,0.0,11770960.957138,0
101,7,1,1,0,4,834.9072402766418,14872140.585235,1
101,8,2,0,1,0,0.0,13731706.266711,0
101,9,0,1,1,1,230.19105393045288,12675889.618471,1
101,10,2,3,1,2,387.52843893942213,17188106.200275,1
102,1,1,2,0,0,0.0,14862237.626409,0
102,2,0,1,0,2,857.9943572327577,10471254.678865,1
102,3,2,1,0,0,0.0,12670192.214624,0
102,4,2,2,1,2,482.0929695089219,15003803.196684,1
102,5,1,0,1,2,212.99219997824292,12830080.647336,1
102,6,2,0,2,1,203.78631445053,16756158.374321,1
102,7,1,0,0,1,466.1019716510084,16364996.663934,1
102,8,1,1,0,3,648.4917029459656,12236698.536914,1
102,9,0,1,0,1,112.79708900552448,16817209.71651,1
102,10,1,0,1,0,0.0,13814472.487521,0
103,1,3,2,3,0,0.0,17477109.261369,0
103,2,0,1,2,1,153.58246092545457,12798163.711494,1
103,3,2,0,2,1,496.6976795238496,12839848.930932,1
103,4,2,0,2,1,134.69432329358077,15409795.866156,1
103,5,2,2,2,2,478.7235413946814,12645246.899635,1
103,6,1,0,0,2,884.6174831330918,15925322.323688,1
103,7,1,1,4,2,507.5411880325386,16374291.379619,1
103,8,1,0,1,0,0.0,14383822.453018,0
103,9,2,3,2,1,298.14921984826395,15665918.54526,1
103,10,2,3,1,0,0.0,15484538.306575,0
104,1,0,0,2,1,107.67461170708872,15720555.105236,1
104,2,1,0,4,2,405.7895874356634,13165038.804262,1
104,3,1,0,2,0,0.0,14060710.804662,0
104,4,0,1,2,1,20.914228903548626,13811486.922398,1
104,5,1,2,2,0,0.0,9007761.757141,0
104,6,0,2,2,0,0.0,15184171.320642,0
104,7,2,1,1,1,109.16071726973354,15077244.223893,1
104,8,0,2,2,2,752.8975343162518,16005091.989652,1
104,9,1,3,3,0,0.0,16712776.583973,0
104,10,1,0,0,2,210.45258443402005,7053989.721681,1
105,1,4,0,0,4,1156.7141508581526,12380544.255418,1
105,2,2,1,2,1,176.08849951984314,15327157.120901,1
105,3,1,1,2,1,307.9849935627639,15855430.140788,1
105,4,0,2,1,1,158.10255676558862,15001239.792781,1
105,5,0,1,1,0,0.0,13833928.525018,0
105,6,3,2,1,0,0.0,9084996.067465,0
105,7,0,0,0,1,476.552960220719,17486721.688426,1
105,8,2,4,0,0,0.0,16253020.044059,0
105,9,0,1,2,0,0.0,9863328.936204,0
105,10,1,1,1,1,213.71062852653108,12968582.532689,1
106,1,1,1,2,0,0.0,16352498.036919,0
106,2,1,1,2,1,409.3350443044758,12144804.007517,1
106,3,0,0,2,1,308.94527136978314,11802624.270672,1
106,4,1,2,0,1,480.9842274070155,17365437.05289,1
106,5,1,2,1,1,48.260384928597446,17598167.03425,1
106,6,1,1,2,1,151.7269832331233,11696680.221105,1
106,7,2,0,1,3,870.7593974355145,11046480.986505,1
106,8,0,1,0,2,403.0321290987073,13994783.449012,1
106,9,2,0,2,1,271.95732758638485,11288545.77055,1
106,10,2,1,1,0,0.0,16399139.234032,0
107,1,2,1,1,1,9.126626181295858,13493754.460394,1
107,2,1,2,1,1,275.8297425020988,14396122.551839,1
107,3,1,1,0,1,16.918622097078845,17103892.464581,1
107,4,2,5,0,0,0.0,15868254.492806,0
107,5,2,1,0,1,380.1825976996371,15501545.376172,1
107,6,2,1,0,3,408.17655403836966,17340324.64652,1
107,7,4,1,0,1,382.5478177944469,13682186.411054,1
107,8,0,0,0,1,41.274316732546616,12056743.303547,1
107,9,1,2,1,0,0.0,12948874.40206,0
107,10,1,0,0,2,603.1649059106422,5387713.015041,1
108,1,0,3,3,0,0.0,13410605.827098,0
108,2,0,1,1,2,226.64951265129682,14843794.112518,1
108,3,1,0,1,3,1140.8586883444227,14793732.264909,1
108,4,1,0,1,1,115.67894997497616,16337008.919095,1
108,5,1,3,3,0,0.0,15769075.336519,0
108,6,1,1,1,0,0.0,16857110.336688,0
108,7,2,2,2,1,71.27181445767117,15377336.134821,1
108,8,0,2,1,0,0.0,13707390.287889,0
108,9,0,1,0,1,389.3508278209468,12641093.846627,1
108,10,2,1,3,0,0.0,15155433.337362,0
109,1,0,2,3,0,0.0,10655418.464014,0
109,2,1,2,0,2,753.5513823386831,10234657.887085,1
109,3,2,1,3,0,0.0,11538201.338447,0
109,4,1,2,0,3,253.65167853850414,10720251.797037,1
109,5,2,0,0,1,8.13094004668135,14889852.012644,1
109,6,0,2,0,2,801.3115885588549,10426527.290653,1
109,7,0,0,2,0,0.0,13990342.13235,0
109,8,0,0,2,3,953.5393066790018,10812848.42864,1
109,9,0,0,3,0,0.0,8632032.388886,0
109,10,0,2,0,0,0.0,12369571.569877,0
110,1,1,0,1,1,256.44933961448686,11801414.860535,1
110,2,2,1,2,0,0.0,8378526.785626,0
110,3,2,0,1,0,0.0,13001663.706889,0
110,4,1,1,3,0,0.0,11259010.634509,0
110,5,1,0,1,2,529.5630929763074,11521296.171559,1
110,6,0,2,0,1,424.4150076489152,12717847.310348,1
110,7,1,0,0,1,75.97042465679714,11601378.965805,1
110,8,1,5,0,1,120.65695562793772,10118559.912987,1
110,9,1,1,0,4,712.4711517073807,17076214.107707,1
110,10,2,1,0,0,0.0,16562861.856251,0
111,1,2,1,2,0,0.0,14497406.340077,0
111,2,0,2,0,2,227.6078501388394,11040988.985382,1
111,3,4,2,1,0,0.0,14050371.587449,0
111,4,0,0,0,2,807.6095304756458,15445881.203063,1
111,5,0,0,2,1,57.01567643230047,14323421.612526,1
111,6,2,0,0,2,840.1447068941168,14959142.646246,1
111,7,1,3,1,0,0.0,12799788.170017,0
111,8,2,0,0,3,1060.0227720612374,16323012.354115,1
111,9,3,2,0,2,221.50503656276513,11680989.765297,1
111,10,2,0,2,1,29.37626240577196,14246130.166489,1
112,1,0,1,2,0,0.0,9003048.112357,0
112,2,0,1,1,1,388.1612651359134,13857692.712892,1
112,3,2,0,0,0,0.0,10681669.683353,0
112,4,1,0,0,1,386.2024513024288,4551407.192898,1
112,5,1,0,0,1,81.5906155328068,15184864.88229,1
112,6,2,1,1,1,96.86852048914903,12812675.223945,1
112,7,1,2,1,1,245.88301337944037,12064811.886715,1
112,8,0,2,0,1,77.64204432203736,12745345.54118,1
112,9,2,0,3,1,429.78934141723016,15251455.572691,1
112,10,1,2,0,1,186.95230144670768,14659121.878829,1
113,1,1,2,1,2,558.6036549853555,10411366.866177,1
113,2,2,3,3,1,166.8956303286212,11345617.839561,1
113,3,1,0,0,1,119.75159550433528,16868463.730421,1
113,4,2,1,1,2,702.7357536733576,13773153.811412,1
113,5,2,1,2,2,281.87603679116677,17037515.305271,1
113,6,1,2,3,1,449.6761407016993,16018689.018308,1
113,7,0,2,0,2,414.6355770347093,8976669.684106,1
113,8,1,2,0,2,727.9777625563404,16128490.370551,1
113,9,0,0,2,3,525.0627980758367,17058496.401281,1
113,10,2,2,0,0,0.0,16457377.631444,0
114,1,2,1,2,1,111.5505534476367,16847854.13233,1
114,2,0,2,2,0,0.0,14809934.320097,0
114,3,1,1,1,1,122.51049280850516,15339933.025883,1
114,4,1,1,1,3,623.1554717678641,15686594.445001,1
114,5,1,0,2,2,376.7318104281519,13665823.752084,1
114,6,0,3,1,0,0.0,16001866.846213,0
114,7,0,2,1,1,438.5102138855535,11077594.52552,1
114,8,2,0,2,2,325.1346082033639,11074357.731748,1
114,9,0,1,3,1,315.1050858492333,14699473.166894,1
114,10,1,0,0,1,195.1349273063241,11180751.762647,1
115,1,1,1,1,3,1141.8211371730192,14373083.540194,1
115,2,1,2,0,1,99.32067382949133,8721866.890382,1
115,3,1,3,0,0,0.0,12209895.368491,0
115,4,1,0,1,1,275.0496234607907,13524650.708655,1
115,5,1,2,0,0,0.0,14597212.533228,0
115,6,1,0,2,1,442.4751029595936,13335110.044587,1
115,7,1,0,2,1,146.20676071159787,10453362.058985,1
115,8,1,1,2,0,0.0,16521336.993024,0
115,9,1,1,0,1,349.3077841898207,16272214.288554,1
115,10,1,2,0,1,89.3381083883175,13419153.10362,1
116,1,3,1,1,2,651.3956158666873,15533689.38525,1
116,2,2,1,2,0,0.0,12791984.791606,0
116,3,1,2,1,1,277.13554859474857,12863049.470982,1
116,4,0,2,1,2,625.7141928198512,15857905.640739,1
116,5,0,2,4,0,0.0,14478522.908643,0
116,6,0,1,2,0,0.0,15175976.916686,0
116,7,0,1,1,1,297.9364580572425,15124678.381484,1
116,8,1,1,2,2,432.1204116240715,13598292.589034,1
116,9,0,1,3,2,372.2855379361283,10991956.930882,1
116,10,0,0,3,0,0.0,15998971.20516,0
117,1,1,0,1,0,0.0,9220628.415091,0
117,2,0,0,0,2,551.4790147849556,14534060.302168,1
117,3,0,2,0,0,0.0,14655973.126307,0
117,4,1,1,1,0,0.0,14168851.388844,0
117,5,1,2,2,2,834.2135264584356,15232937.594212,1
117,6,2,1,2,0,0.0,10222674.456422,0
117,7,0,3,2,0,0.0,17110372.676003,0
117,8,0,1,1,1,220.7947095371943,14660738.096427,1
117,9,2,1,0,3,977.6010402224555,12656042.185915,1
117,10,1,2,2,1,39.26640912619013,11367189.738674,1
118,1,2,1,1,1,402.3458356771656,12574416.229362,1
118,2,2,1,2,0,0.0,14968516.488366,0
118,3,1,4,1,1,281.1150847074917,13747663.969569,1
118,4,0,1,0,2,617.6953319990289,12538191.705199,1
118,5,2,0,0,1,331.8084980494489,9548812.216114,1
118,6,3,1,2,1,483.9784038704073,12087991.497746,1
118,7,3,0,0,1,120.37201727363582,9163279.796182,1
118,8,2,2,0,1,112.59768467013537,15754019.783505,1
118,9,0,1,0,1,159.97636746289643,11121503.215116,1
118,10,0,0,3,1,6.727566157969589,12915674.497697,1
119,1,1,2,1,0,0.0,10568323.044388,0
119,2,1,3,1,1,215.0287448640105,10806681.311176,1
119,3,2,1,1,1,119.62593219284864,17203695.11624,1
119,4,1,1,1,3,202.33439239373905,15618463.217904,1
119,5,1,2,2,1,62.14373146030064,16888019.852374,1
119,6,3,0,1,2,367.3931348071353,12214055.617461,1
119,7,0,0,4,2,247.05400246300655,14232483.223161,1
119,8,1,2,0,1,121.40580335105504,12987681.688595,1
119,9,0,1,1,4,1006.3337207379407,12410533.904298,1
119,10,2,0,1,0,0.0,8228715.96548,0
120,1,2,4,2,1,481.9468132244958,16619349.079925,1
120,2,1,0,2,0,0.0,9815209.196108,0
120,3,2,1,0,1,110.35260895058988,6767391.899674,1
120,4,0,2,1,0,0.0,16517844.726957,0
120,5,1,1,1,1,103.9871067763944,8188342.639617,1
120,6,2,2,1,0,0.0,16545571.435098,0
120,7,1,1,0,2,580.6597543785426,14178964.655767,1
120,8,4,1,0,0,0.0,13016992.784961,0
120,9,2,0,3,1,250.0213397917556,12439329.328453,1
120,10,1,1,0,3,719.2835718385496,13409324.990523,1
121,1,0,1,1,2,381.7400392782391,17239321.910698,1
121,2,0,2,2,1,106.34142541917667,13937206.141392,1
121,3,2,2,1,1,428.7334322614888,16526574.058654,1
121,4,1,0,1,1,402.7199379801052,9241410.426311,1
121,5,3,1,1,0,0.0,13423562.978859,0
121,6,1,1,1,0,0.0,16895470.506038,0
121,7,0,1,3,0,0.0,4134820.894006,0
121,8,0,2,1,3,617.1812124605183,16437705.520738,1
121,9,1,0,2,2,869.1668570672637,16647951.738748,1
121,10,1,0,1,1,456.449734535862,10095790.957211,1
122,1,0,3,0,1,99.05697147519624,15862309.823166,1
122,2,1,0,1,1,441.5266477787385,12251050.635904,1
122,3,1,0,1,0,0.0,13202904.935283,0
122,4,1,0,2,2,328.25270196379336,16023866.98871,1
122,5,2,0,2,2,773.8360113842884,14231552.65431,1
122,6,2,0,0,0,0.0,15314956.243025,0
122,7,2,2,1,0,0.0,14028522.96672,0
122,8,1,1,1,2,232.79428877985794,14286970.172511,1
122,9,0,2,0,0,0.0,15515329.903583,0
122,10,1,0,2,0,0.0,13095900.701272,0
123,1,1,0,0,2,418.2188112863565,14609023.953138,1
123,2,1,2,0,1,167.20172623591452,15382253.532277,1
123,3,1,0,0,1,474.05914990407007,15670497.120713,1
123,4,0,3,3,0,0.0,14846082.785236,0
123,5,3,0,2,1,204.8697776172692,7058786.353672,1
123,6,1,0,1,2,569.8391458427207,12215193.591285,1
123,7,3,1,0,0,0.0,8828387.410908,0
123,8,1,1,1,3,476.42296206084717,15793355.561175,1
123,9,1,2,0,2,311.09706553175613,10176207.674659,1
123,10,0,1,1,1,368.2591611459179,8311064.670899,1
124,1,1,1,1,1,306.95185855149816,15301626.025473,1
124,2,1,0,0,0,0.0,11596756.618919,0
124,3,0,1,2,1,218.3065119749838,9701250.687272,1
124,4,2,1,0,1,258.9048527060692,13817367.033193,1
124,5,0,0,0,1,230.86428659886275,10556222.760075,1
124,6,1,0,1,0,0.0,9594255.510112,0
124,7,0,2,0,1,330.84990578522587,13479165.499757,1
124,8,2,1,2,0,0.0,10255591.894596,0
124,9,2,0,3,1,100.59132661190368,14475190.7373,1
124,10,1,1,2,0,0.0,14187399.719527,0
125,1,2,1,1,1,393.8563284466094,11942723.036923,1
125,2,3,1,1,1,412.2852131201112,16526783.377672,1
125,3,2,1,0,1,223.2652819800175,8302159.065873,1
125,4,2,2,1,1,321.1158602789173,14855093.056768,1
125,5,0,0,0,0,0.0,14866122.584088,0
125,6,2,2,0,0,0.0,11809961.463493,0
125,7,1,1,3,1,315.905948121827,17103681.120915,1
125,8,0,0,1,1,155.1991630866898,11511769.129699,1
125,9,1,1,1,1,368.2987432242937,16099049.785545,1
125,10,1,1,1,2,411.44406966501253,15070230.554222,1
126,1,0,0,2,1,435.58663616899065,8689193.772848,1
126,2,0,2,1,0,0.0,14312731.262072,0
126,3,3,0,1,0,0.0,14253756.160577,0
126,4,0,1,1,2,455.7780507570494,12708807.121917,1
126,5,1,2,1,1,237.29584515128747,6790764.909948,1
126,6,0,0,1,3,1046.047736288531,16554628.833269,1
126,7,1,0,2,1,188.7962748301288,12586100.470787,1
126,8,0,2,0,3,1219.7837548430864,16836257.339605,1
126,9,0,2,0,2,382.6488465433745,16849843.51136,1
126,10,0,1,3,1,24.212725862122213,14281751.493601,1
127,1,0,0,2,0,0.0,12461709.49701,0
127,2,0,2,1,2,338.3707859929166,13440213.331597,1
127,3,2,0,1,1,338.28450557275835,13577723.060447,1
127,4,0,2,3,0,0.0,12303316.889871,0
127,5,0,1,2,1,296.163972483785,16786070.002493,1
127,6,0,1,0,2,450.3467109191306,14303084.594637,1
127,7,0,1,0,2,506.8573062041622,6016756.735279,1
127,8,0,2,1,3,224.63072619509649,16807296.200849,1
127,9,3,2,1,0,0.0,15689514.29056,0
127,10,1,1,1,2,280.5066126210003,16776784.635564,1
128,1,3,0,3,0,0.0,13090845.285438,0
128,2,0,1,1,2,391.41542247657526,14973027.398016,1
128,3,2,1,1,3,763.3045122659903,14573958.931452,1
128,4,0,0,0,1,49.88657642886462,15949199.354475,1
128,5,1,0,0,2,577.4091287882911,10716452.174437,1
128,6,0,1,2,3,752.6266598473381,15659538.231155,1
128,7,2,0,0,2,512.7904029502176,15683514.033749,1
128,8,0,1,0,3,341.6977044387262,12978655.524662,1
128,9,3,0,1,0,0.0,8761629.700781,0
128,10,0,1,2,1,477.9735085167909,12711093.787977,1
129,1,3,0,1,0,0.0,16586594.586517,0
129,2,1,1,0,2,191.53966763461347,10776216.320008,1
129,3,0,1,0,0,0.0,17669647.304666,0
129,4,1,1,1,0,0.0,10838957.723761,0
129,5,1,1,1,0,0.0,15537907.053924,0
129,6,1,2,0,0,0.0,16964776.198261,0
129,7,0,1,2,1,173.86699097201736,15664605.432274,1
129,8,1,1,3,2,165.14536127908724,14388058.4906,1
129,9,0,1,1,1,110.17512994887656,14856474.834019,1
129,10,0,0,0,3,626.0942302066361,13030712.588067,1
130,1,2,0,1,2,162.8164573082513,16309702.774001,1
130,2,1,0,0,2,312.0932257673015,4873745.91448,1
130,3,2,0,1,1,230.87332499745395,4785770.317259,1
130,4,1,5,0,2,441.396567437257,16612551.953772,1
130,5,2,1,2,0,0.0,13778989.996946,0
130,6,2,0,1,2,646.0333772166271,13921617.224793,1
130,7,1,0,2,1,261.3297519106672,16221405.515571,1
130,8,0,1,2,1,342.7627494908144,17144393.575832,1
130,9,1,0,0,1,335.45240068419514,14234429.170834,1
130,10,0,0,1,2,448.76085751842743,11910701.544273,1
131,1,2,2,1,0,0.0,13291406.281283,0
131,2,1,1,1,0,0.0,8725364.068705,0
131,3,3,1,0,2,600.2741421099854,14024819.695404,1
131,4,1,1,0,1,240.73069618575667,17097010.8127,1
131,5,2,2,0,0,0.0,11983043.828006,0
131,6,2,2,0,1,107.07196188293736,14649815.046226,1
131,7,0,0,0,0,0.0,10739153.713252,0
131,8,0,0,1,3,952.2537011528572,15533151.716219,1
131,9,0,3,1,0,0.0,17219776.649609,0
131,10,1,1,1,0,0.0,17402402.861632,0
132,1,1,2,1,0,0.0,15445589.463748,0
132,2,2,0,1,1,224.4128615605452,14761541.90137,1
132,3,0,3,4,1,292.14864483067413,14451452.941995,1
132,4,0,1,4,3,670.8024227377404,15460031.504349,1
132,5,1,0,2,0,0.0,14495762.959925,0
132,6,1,2,1,2,380.86782717789004,14520101.595892,1
132,7,3,1,1,0,0.0,17056332.232756,0
132,8,2,3,0,2,623.2425808747251,15781092.748438,1
132,9,0,2,0,0,0.0,12459561.279412,0
132,10,3,0,2,1,425.4777943271261,17293066.483456,1
133,1,2,0,0,1,194.01140615890796,14605727.967886,1
133,2,0,0,3,1,193.84909168915556,9820735.654909,1
133,3,0,2,0,1,306.2846827817575,9492240.188859,1
133,4,3,2,0,2,759.8572790618907,13095736.639054,1
133,5,1,0,1,1,207.19558912448,16531859.572186,1
133,6,2,0,0,1,254.20257105569385,10414784.577016,1
133,7,1,0,1,0,0.0,15865486.272621,0
133,8,0,0,2,1,193.8166470651305,15755477.300872,1
133,9,1,1,0,0,0.0,14833919.722983,0
133,10,1,0,0,1,179.61055263513356,6674350.032685,1
134,1,2,0,1,0,0.0,11254257.441556,0
134,2,0,2,1,2,312.4193932040232,16891245.052952,1
134,3,2,1,1,1,145.39838178783518,13971479.46513,1
134,4,2,0,2,0,0.0,16756755.73623,0
134,5,1,0,1,2,273.74325818271564,11647936.304482,1
134,6,0,1,1,1,220.90918068316137,14947946.886657,1
134,7,1,1,2,0,0.0,14001899.456936,0
134,8,1,2,1,2,83.4290440033056,15919541.507494,1
134,9,2,0,2,2,788.1555191910118,15696243.382402,1
134,10,4,1,0,1,392.0290669365157,6695376.747727,1
135,1,1,2,2,1,226.80556502639695,14632671.269513,1
135,2,0,0,2,0,0.0,8687606.048481,0
135,3,0,3,0,1,424.7251338875049,12978614.838518,1
135,4,2,1,0,0,0.0,9188300.846649,0
135,5,2,1,0,3,487.5927746378277,11892694.375142,1
135,6,1,0,3,2,553.2706158642375,9756523.823911,1
135,7,0,0,1,0,0.0,12507238.622862,0
135,8,2,0,1,1,32.78165222580613,16945554.001119,1
135,9,1,2,1,1,24.18480251417239,15186880.152591,1
135,10,1,1,1,2,660.1265981918004,16275893.279759,1
136,1,1,1,0,3,1020.721895699403,14703467.07684,1
136,2,2,1,2,0,0.0,10156005.620822,0
136,3,0,1,2,0,0.0,7382947.345108,0
136,4,0,1,1,2,215.49872801663338,14676275.190591,1
136,5,1,2,1,3,649.1260035432491,13963178.834348,1
136,6,2,2,0,1,144.3218211337866,16731262.947487,1
136,7,0,1,2,1,295.96271995004525,16773066.992445,1
136,8,1,1,1,1,15.555323511438742,12825437.817028,1
136,9,0,1,0,2,703.0507077407908,13715279.118513,1
136,10,3,0,0,1,370.04350547056777,13812891.73492,1
137,1,1,0,1,2,87.39611200167823,13360663.191281,1
137,2,1,2,0,1,80.36802311016883,9670784.866587,1
137,3,2,0,1,1,411.9761969852205,15483643.021574,1
137,4,1,4,0,1,178.90359416088216,16046227.33718,1
137,5,1,0,1,5,936.817341227629,13584699.343106,1
137,6,1,2,0,5,913.9054968517609,15736290.308928,1
137,7,4,0,3,0,0.0,15744435.102057,0
137,8,0,0,0,0,0.0,10046422.709729,0
137,9,2,1,0,1,468.0304561912101,15631839.950191,1
137,10,0,0,0,0,0.0,15107653.315334,0
138,1,1,0,0,1,102.75141433845226,14456514.845325,1
138,2,0,4,0,2,390.601126839832,15005172.030868,1
138,3,0,2,2,0,0.0,14831101.74762,0
138,4,1,0,1,2,494.93651467609607,12882999.059855,1
138,5,0,0,2,1,495.5800567403576,8528395.846839,1
138,6,0,2,1,1,42.31578067377806,14305660.135648,1
138,7,1,1,1,3,764.1978939988728,15575338.070997,1
138,8,1,1,1,1,69.31067650478047,17307500.182099,1
138,9,2,0,0,1,74.18972401712124,8933102.632098,1
138,10,0,0,0,0,0.0,13422476.234282,0
139,1,2,2,2,1,277.5817330607076,16800805.497584,1
139,2,0,3,1,1,164.37552741393463,17305669.326407,1
139,3,1,1,1,1,295.5442065740313,5967595.31968,1
139,4,1,1,0,0,0.0,13899140.70593,0
139,5,2,1,2,3,275.071893699283,15303823.618625,1
139,6,1,1,1,0,0.0,12479650.442468,0
139,7,3,0,0,0,0.0,14059244.761778,0
139,8,0,0,2,3,1054.7423717960255,9693588.370638,1
139,9,2,0,2,0,0.0,16370057.506155,0
139,10,0,1,4,1,23.64426079919993,11123130.105514,1
140,1,0,1,1,1,316.50030948909085,11876962.065087,1
140,2,1,1,0,1,466.0898697225886,7443251.396865,1
140,3,1,0,3,1,61.05340075238156,11913407.128432,1
140,4,0,2,0,0,0.0,15487483.707361,0
140,5,1,1,0,3,1143.6630387790776,15755945.817486,1
140,6,0,3,1,1,169.8920071735565,7954077.893229,1
140,7,2,1,1,1,423.4209423883556,10938699.694689,1
140,8,2,3,0,1,265.5493052466725,15586756.882835,1
140,9,2,2,0,1,253.42841655207687,14765359.2279,1
140,10,1,3,2,0,0.0,15922170.020772,0
141,1,1,2,1,0,0.0,13922213.769504,0
141,2,3,0,1,1,87.18299932068383,14477616.126709,1
141,3,0,2,0,2,561.5827785082506,8979258.693206,1
141,4,3,0,0,0,0.0,12531372.471038,0
141,5,0,1,0,2,486.22197991792024,15631915.650204,1
141,6,1,1,1,0,0.0,13328103.043134,0
141,7,2,0,1,2,787.6794492797719,12439308.665466,1
141,8,1,0,1,2,302.8984128994716,12664778.205796,1
141,9,1,3,2,0,0.0,16906973.349243,0
141,10,1,0,1,1,148.46849474186138,14082447.65189,1
142,1,2,0,0,0,0.0,9605432.871733,0
142,2,1,2,2,2,222.66337617276292,12737780.736537,1
142,3,0,0,0,1,232.16997638954183,17100282.793201,1
142,4,0,0,0,1,445.5977915673865,15346703.359742,1
142,5,0,1,2,3,822.1735062001997,10996063.387069,1
142,6,1,1,1,1,174.51912352538724,9601057.836112,1
142,7,0,3,2,0,0.0,16751287.542899,0
142,8,4,0,2,1,35.13286731802235,13008275.338246,1
142,9,1,1,2,0,0.0,12077837.418196,0
142,10,1,0,1,1,9.285506676991975,10956428.660818,1
143,1,1,0,1,2,513.9158069553381,12404811.26558,1
143,2,4,1,0,0,0.0,12148374.079823,0
143,3,1,1,1,1,257.01906216143414,12237339.354664,1
143,4,2,1,2,2,46.66346288663701,14076202.141754,1
143,5,1,0,2,0,0.0,15478778.264111,0
143,6,0,0,0,1,154.25586507987634,15601637.292005,1
143,7,0,1,2,1,300.61468969374965,10546429.067428,1
143,8,0,3,0,1,214.1640100367335,13569959.300303,1
143,9,1,0,2,0,0.0,13559026.562109,0
143,10,1,1,1,0,0.0,16817069.882247,0
144,1,1,1,1,2,441.44896317892295,16395706.768412,1
144,2,2,2,2,0,0.0,16915206.78426,0
144,3,2,0,0,0,0.0,15677834.05335,0
144,4,1,4,2,1,18.963528165188777,13917366.882349,1
144,5,1,1,1,0,0.0,15134015.438293,0
144,6,3,1,1,2,559.0212627808833,15087127.226127,1
144,7,2,1,0,2,77.90985451445422,12978715.408154,1
144,8,1,0,1,1,297.05274751442624,11947376.221726,1
144,9,0,2,3,0,0.0,17096284.693636,0
144,10,0,0,1,2,388.481569528232,13536935.109858,1
145,1,0,1,0,3,545.8006190384364,12711251.47898,1
145,2,1,1,0,1,114.1734446199549,16551866.727747,1
145,3,0,2,1,0,0.0,15488258.911186,0
145,4,3,1,2,0,0.0,7453618.863002,0
145,5,4,1,1,0,0.0,15073499.646071,0
145,6,0,0,0,0,0.0,16903485.533299,0
145,7,1,0,2,1,371.363404208992,13573096.932854,1
145,8,2,1,0,2,438.07702207922995,14188871.087023,1
145,9,0,0,0,1,217.5269520721609,5952602.336701,1
145,10,2,1,0,0,0.0,15334761.054441,0
146,1,2,2,0,2,365.3836258049494,14195401.855907,1
146,2,2,0,2,2,408.2164830959498,14524537.320922,1
146,3,2,1,2,1,156.5994414436673,16391953.357486,1
146,4,0,0,0,0,0.0,5474517.274191,0
146,5,1,0,1,1,274.67740066654005,6053921.153609,1
146,6,0,3,0,2,124.0243270917676,13305425.435394,1
146,7,1,0,0,1,55.72148561803205,10414553.119903,1
146,8,1,1,0,0,0.0,13240912.294816,0
146,9,0,0,5,0,0.0,15353143.157872,0
146,10,2,0,1,2,653.0991000289187,16229193.838887,1
147,1,3,3,0,1,153.16300254057242,15789541.697364,1
147,2,1,1,1,1,145.9096506865625,11311073.525311,1
147,3,1,0,0,0,0.0,10363778.315465,0
147,4,1,0,0,2,131.42015637056912,7275441.62465,1
147,5,0,2,0,2,424.75876629229464,12747991.061771,1
147,6,3,0,0,2,535.1935008976981,16709819.449963,1
147,7,1,1,0,0,0.0,17594821.332908,0
147,8,2,1,1,0,0.0,15365229.009964,0
147,9,2,3,1,3,493.926181682014,16337902.744105,1
147,10,1,1,1,2,619.2660841459528,11956388.183119,1
148,1,1,1,1,3,766.7319985909703,13641557.013929,1
148,2,2,0,1,1,190.5882045753611,10839944.117592,1
148,3,0,1,1,3,1069.8642344410955,16824823.273193,1
148,4,1,2,1,1,328.86570771379303,16101382.547111,1
148,5,2,0,1,0,0.0,14461965.648954,0
148,6,1,2,0,0,0.0,15169478.436261,0
148,7,0,2,1,1,138.24198384755226,8849295.057382,1
148,8,0,1,1,2,419.6825085426864,16213528.327064,1
148,9,2,0,0,0,0.0,13799531.394826,0
148,10,0,1,0,2,555.4069113933325,14486162.719458,1
149,1,0,0,1,1,379.79988101698666,16554094.017479,1
149,2,1,2,2,1,431.1797198818247,12757573.668609,1
149,3,3,0,0,0,0.0,15174721.862278,0
149,4,4,1,0,2,921.3595458189095,13568484.6836,1
149,5,0,0,2,0,0.0,13029372.243462,0
149,6,2,2,2,2,293.33086647741857,11197009.642128,1
149,7,1,0,1,1,9.961878570205489,14282404.865998,1
149,8,2,2,1,1,54.62483458599476,8098986.972473,1
149,9,2,0,1,0,0.0,12855594.964224,0
149,10,3,0,0,1,104.2355195164668,11405221.952699,1
150,1,3,1,2,1,183.92961374030492,10067295.228942,1
150,2,0,0,2,1,364.7653077599763,13591792.125711,1
150,3,1,1,0,2,252.5646057122218,14176684.522181,1
150,4,1,0,0,2,873.9088697047978,12191176.245783,1
150,5,1,0,1,2,547.966316028205,14233723.795794,1
150,6,0,1,0,2,780.6875562823639,12415838.971609,1
150,7,0,0,0,1,316.19075252640886,14104491.131481,1
150,8,1,1,0,0,0.0,3405556.153656,0
150,9,0,1,1,1,177.57698977542313,9830165.642449,1
150,10,1,0,2,2,449.01990392882146,9397339.003976,1
151,1,1,0,0,0,0.0,8341392.25463,0
151,2,0,1,2,1,225.21496853271188,13279980.108687,1
151,3,1,0,1,1,485.2949409083872,15368063.508035,1
151,4,0,2,1,0,0.0,3885590.892096,0
151,5,1,1,1,0,0.0,1859979.778387,0
151,6,1,1,1,1,315.2247690406763,15036681.602265,1
151,7,0,0,1,0,0.0,13676970.351057,0
151,8,0,2,2,0,0.0,14306550.65276,0
151,9,1,0,1,1,62.38940492121686,14905997.877663,1
151,10,3,0,0,2,711.0170870108362,15905077.285592,1
152,1,1,2,1,2,268.0153662521501,14661474.25582,1
152,2,1,0,1,0,0.0,13709198.634669,0
152,3,0,1,1,0,0.0,12638018.33516,0
152,4,1,2,0,0,0.0,14379463.310233,0
152,5,0,2,1,0,0.0,9157809.615528,0
152,6,0,2,0,2,412.54149014830995,6531488.291897,1
152,7,1,1,2,1,300.327511427145,14856832.72675,1
152,8,0,0,1,1,113.9326459534074,11558951.421852,1
152,9,0,3,3,0,0.0,15125123.254099,0
152,10,0,1,0,1,140.5695629468708,9141851.772734,1
153,1,0,2,0,0,0.0,8831837.354798,0
153,2,1,0,4,0,0.0,13407976.415688,0
153,3,1,0,1,0,0.0,11756271.64234,0
153,4,2,0,1,3,912.3684803866727,16392664.60139,1
153,5,0,0,0,2,718.9293182521786,7032038.099288,1
153,6,2,0,2,2,800.1683762118826,14562296.324178,1
153,7,0,1,1,0,0.0,9957985.916164,0
153,8,5,0,2,0,0.0,16395836.729252,0
153,9,1,0,0,1,483.813758016555,14244625.944421,1
153,10,2,0,2,0,0.0,13203462.344242,0
154,1,2,3,2,1,408.7568070981523,8612285.492802,1
154,2,1,1,2,3,450.7824332683041,15500676.164147,1
154,3,0,2,1,2,488.8363170672276,16054736.304497,1
154,4,0,2,1,0,0.0,7822615.373599,0
154,5,1,0,2,1,355.8884740443522,15813327.877495,1
154,6,1,1,3,1,432.7176362757533,17230988.053272,1
154,7,1,3,1,1,442.63371275391,15119780.319012,1
154,8,0,0,2,1,468.96140900946864,14723855.995043,1
154,9,0,0,1,3,919.3269521689779,16840844.828156,1
154,10,0,0,3,0,0.0,16568894.994133,0
155,1,0,1,4,1,465.9337553670787,14947041.616125,1
155,2,1,3,2,1,126.93253176844355,12525441.412384,1
155,3,1,3,0,1,154.98352583529245,14855714.088232,1
155,4,3,2,0,2,718.9677564377834,16720226.642211,1
155,5,1,2,0,0,0.0,11374520.338779,0
155,6,0,0,1,0,0.0,11744594.183878,0
155,7,1,1,2,0,0.0,12245730.270316,0
155,8,3,0,2,0,0.0,15138084.995259,0
155,9,2,1,1,1,494.5403972589886,10031818.032779,1
155,10,2,1,1,4,902.3976919158672,11253925.326825,1
156,1,1,0,1,0,0.0,15371992.353795,0
156,2,0,0,0,0,0.0,11483441.761126,0
156,3,0,1,1,0,0.0,14181109.610246,0
156,4,0,1,0,0,0.0,14769233.110309,0
156,5,2,0,2,2,137.2800873354662,12167980.127302,1
156,6,2,0,2,0,0.0,15872934.072811,0
156,7,1,1,2,2,476.57136229908554,12505308.769243,1
156,8,0,0,2,2,177.33778570573335,12816073.371231,1
156,9,1,0,0,2,677.1449078959499,11459160.033906,1
156,10,1,1,0,2,269.33084747188616,13820994.938721,1
157,1,1,1,1,1,196.7469143750584,14839874.842498,1
157,2,0,1,0,1,39.78295676930582,16923790.457743,1
157,3,1,0,3,1,217.6178107653421,7065258.290012,1
157,4,2,2,1,2,238.95714967303041,15506841.347729,1
157,5,1,0,0,0,0.0,10129341.656476,0
157,6,1,0,1,0,0.0,10752380.746873,0
157,7,1,0,3,1,311.1413737580408,13144362.385781,1
157,8,0,2,1,0,0.0,15380405.763853,0
157,9,0,3,1,0,0.0,12460407.693913,0
157,10,1,2,4,1,215.3944939320839,13555628.25586,1
158,1,1,2,1,1,226.5528475449809,13046209.806767,1
158,2,2,2,0,1,189.43261828831615,13899898.6163,1
158,3,1,0,1,1,481.0025505406527,15046923.077979,1
158,4,2,2,0,0,0.0,12695112.923109,0
158,5,0,2,1,1,246.07765730209215,4985134.277642,1
158,6,1,0,1,3,888.6245786630204,15844137.510038,1
158,7,1,1,1,0,0.0,12379316.0274,0
158,8,1,0,4,1,289.3040413267655,9194643.423518,1
158,9,1,0,2,2,674.970910669486,13259274.381294,1
158,10,1,1,0,1,448.6058058313407,16895033.693259,1
159,1,0,0,2,0,0.0,8558383.561356,0
159,2,1,2,2,0,0.0,14621355.379542,0
159,3,1,3,1,1,358.7212669883809,13351718.718918,1
159,4,2,0,1,0,0.0,14385504.937425,0
159,5,0,0,0,1,144.6010985893504,16124071.797994,1
159,6,1,0,1,0,0.0,13428137.109566,0
159,7,1,0,0,1,289.616038998464,15106210.569927,1
159,8,2,2,1,1,491.9345477169356,14204556.266437,1
159,9,1,1,1,2,349.11706697370073,16469575.447046,1
159,10,0,1,2,2,466.96119003158947,16223762.805744,1
160,1,1,1,2,0,0.0,16541163.236083,0
160,2,0,1,0,1,449.5953275540431,10262533.234975,1
160,3,1,2,0,0,0.0,16359113.570421,0
160,4,1,0,1,0,0.0,12523225.240458,0
160,5,1,1,2,2,423.26686505683534,13698822.202297,1
160,6,1,1,1,2,625.1371857915408,12542131.495471,1
160,7,1,2,1,1,393.2295336806398,10446567.59603,1
160,8,4,0,0,0,0.0,14514036.908198,0
160,9,0,0,0,1,424.4846750961027,12901493.702462,1
160,10,2,0,1,1,137.60968104181055,15209111.958842,1
161,1,0,1,2,0,0.0,11597760.285288,0
161,2,0,1,1,2,306.65851021630357,14432639.360423,1
161,3,0,1,0,3,1023.8381235494945,11218122.533671,1
161,4,1,1,1,0,0.0,13507570.231884,0
161,5,0,3,0,4,333.39962682343884,11295874.878533,1
161,6,2,1,2,0,0.0,14757218.818284,0
161,7,2,2,1,1,448.3610778041969,14704193.81937,1
161,8,1,1,0,2,449.68557959989425,14677490.172467,1
161,9,1,0,1,1,423.44115918003166,14749956.281468,1
161,10,2,1,1,1,365.0053979414034,10916748.33041,1
162,1,2,3,1,0,0.0,14123253.081485,0
162,2,0,0,1,1,54.56325614181036,15370208.000557,1
162,3,0,0,1,1,477.2263691581786,13200492.891594,1
162,4,1,0,0,2,720.2598082258486,16891130.863851,1
162,5,2,0,1,0,0.0,14297007.765459,0
162,6,0,2,1,1,189.61641299569743,5738656.310637,1
162,7,1,1,1,3,719.2027435830639,12942983.391492,1
162,8,2,1,0,3,1008.0547406741018,15716651.238372,1
162,9,1,3,0,0,0.0,16074096.670275,0
162,10,0,1,1,1,342.2215938439839,15490928.686439,1
163,1,1,1,1,2,504.23139409156875,15407789.541146,1
163,2,0,1,0,4,911.7351922697195,10703739.597551,1
163,3,2,1,1,0,0.0,14255847.917058,0
163,4,3,1,1,3,1054.9604172581294,15545553.221191,1
163,5,2,0,1,0,0.0,13347422.600305,0
163,6,0,1,1,0,0.0,13683516.727369,0
163,7,1,0,1,0,0.0,5853703.275996,0
163,8,2,1,1,1,13.445711746271115,16873850.160609,1
163,9,0,1,1,1,382.3634238603147,14943502.5843,1
163,10,2,2,0,1,158.99168183880718,14416462.84975,1
164,1,1,3,1,0,0.0,12495029.201116,0
164,2,2,0,2,0,0.0,12927050.319543,0
164,3,2,1,1,0,0.0,13116969.668155,0
164,4,1,0,1,1,347.6409922527613,12529940.447046,1
164,5,0,1,0,2,683.5972801479321,11439296.870282,1
164,6,1,0,0,1,187.9164381331595,13205435.132753,1
164,7,0,4,1,1,242.9163200976761,12629104.235097,1
164,8,0,2,1,0,0.0,15804588.216576,0
164,9,1,2,1,0,0.0,16567075.137066,0
164,10,1,2,2,0,0.0,14509738.614765,0
165,1,1,0,2,1,76.39694081707972,8639890.090749,1
165,2,0,0,1,0,0.0,11317956.749062,0
165,3,2,1,0,1,162.99430969598097,11878986.830127,1
165,4,1,1,0,0,0.0,9915543.435794,0
165,5,1,0,1,1,115.26172901550888,16997814.736591,1
165,6,0,2,1,1,216.2270633738256,15996071.687705,1
165,7,0,1,0,2,392.47336339422174,12984323.970673,1
165,8,0,0,1,3,434.27668199595126,17474252.501641,1
165,9,0,1,1,2,406.03336192460256,16554386.07538,1
165,10,2,2,1,3,875.0202690121124,11655765.999664,1
166,1,2,0,2,2,675.2895138949937,14638218.173364,1
166,2,1,1,4,0,0.0,10608496.237966,0
166,3,0,0,0,3,172.22622354764417,12896355.457699,1
166,4,0,0,1,1,173.71707281636645,17211231.435255,1
166,5,0,1,1,2,332.92901219201565,14310391.594095,1
166,6,0,1,0,1,343.3057257563455,12996161.952915,1
166,7,0,0,1,1,353.906685006806,15118374.439413,1
166,8,1,1,2,1,463.9166530753629,14146452.170277,1
166,9,0,3,1,1,147.52096853133693,16189508.362689,1
166,10,2,1,0,0,0.0,9223118.476896,0
167,1,1,1,4,1,178.1108865210756,11689916.913685,1
167,2,1,1,2,1,395.554749217156,15970860.63606,1
167,3,1,1,0,0,0.0,12197135.506183,0
167,4,0,0,1,0,0.0,14972455.249189,0
167,5,3,0,1,1,338.6660505579019,9917163.749972,1
167,6,2,1,0,3,307.7025357347326,13580180.273892,1
167,7,2,1,1,1,14.010777115209873,17379626.31,1
167,8,1,2,1,0,0.0,13790906.620492,0
167,9,0,3,3,1,248.98579156817036,13779656.46971,1
167,10,1,1,1,0,0.0,9736803.575566,0
168,1,3,3,0,0,0.0,16196449.42373,0
168,2,3,0,0,0,0.0,13486741.588657,0
168,3,0,1,2,1,293.7621715478963,14754094.521216,1
168,4,0,1,2,0,0.0,15699763.627131,0
168,5,0,2,2,0,0.0,6090740.893014,0
168,6,2,0,1,1,105.2121739282597,16669265.612825,1
168,7,0,0,1,1,228.14640606743092,8333066.927063,1
168,8,0,0,2,2,589.8656167314189,15576539.905776,1
168,9,1,1,0,1,373.46882163741407,11684777.397269,1
168,10,0,0,1,3,634.6529733528673,16278123.410531,1
169,1,0,0,1,1,178.36135455950463,13621264.120478,1
169,2,2,0,1,0,0.0,9459071.251934,0
169,3,0,2,0,1,104.96012248465745,16706357.04629,1
169,4,0,0,0,1,245.1328570721269,8788242.658913,1
169,5,1,0,1,1,126.12717410998984,14980559.97758,1
169,6,2,3,1,1,117.14520167070437,14002448.951165,1
169,7,0,1,1,3,428.3129491801089,12394735.572758,1
169,8,2,3,1,0,0.0,13907673.516161,0
169,9,1,2,0,0,0.0,15344932.310883,0
169,10,1,0,1,0,0.0,13212574.91598,0
170,1,0,1,2,1,81.38672435183875,10752942.620209,1
170,2,2,2,3,0,0.0,14846775.884049,0
170,3,0,1,2,4,1162.650084740294,15758349.297645,1
170,4,2,0,4,0,0.0,14921035.822274,0
170,5,0,2,0,2,379.2295830512355,15089243.158592,1
170,6,0,0,0,2,289.74781498804475,8488567.44433,1
170,7,1,1,1,2,789.1222369398668,11162176.109215,1
170,8,1,1,1,2,870.2103665004856,13155341.956794,1
170,9,4,0,1,1,191.25478059710736,15408579.768208,1
170,10,0,2,2,1,169.0749622241858,16586219.606726,1
171,1,2,2,0,1,321.1238961506653,13216178.569247,1
171,2,2,0,1,2,348.7145116347931,16988891.890128,1
171,3,4,1,1,0,0.0,12357368.146537,0
171,4,1,0,2,0,0.0,14267848.094399,0
171,5,0,1,2,1,379.86909056947,16887295.488459,1
171,6,1,0,2,1,263.0213279353485,16895501.159178,1
171,7,3,2,0,1,71.56864999069836,10901515.292942,1
171,8,2,1,0,3,972.7778518965181,14696242.584114,1
171,9,0,1,1,1,63.73578507636293,11866322.811137,1
171,10,0,0,2,0,0.0,13725072.169007,0
172,1,0,1,0,1,90.9893198330828,16210375.4215,1
172,2,1,0,2,2,534.601757881238,10733493.969243,1
172,3,2,0,3,1,168.99179757718872,12024378.782482,1
172,4,2,1,1,0,0.0,17308396.330655,0
172,5,0,0,1,1,141.2839095377879,13818102.723899,1
172,6,0,2,1,2,878.0177713928525,16911821.437826,1
172,7,0,3,2,2,135.14545618718432,10474334.882719,1
172,8,1,1,0,1,184.92958588408396,16855269.038261,1
172,9,1,1,0,4,570.3245771572001,13735085.564985,1
172,10,3,1,0,0,0.0,15963525.638076,0
173,1,1,2,0,1,90.9303359022695,17163476.807351,1
173,2,1,0,2,3,514.6691308191446,14539033.273386,1
173,3,2,0,0,2,577.9725903261657,14075151.637773,1
173,4,2,2,0,0,0.0,13928800.414265,0
173,5,0,1,1,0,0.0,10807388.079253,0
173,6,3,1,0,1,382.3185011536351,14493174.256101,1
173,7,1,0,3,2,524.6853310284572,10041087.609786,1
173,8,0,0,1,2,506.9993855794369,16416079.62463,1
173,9,0,2,2,0,0.0,10348530.255455,0
173,10,1,0,3,0,0.0,13453635.979833,0
174,1,2,1,1,2,182.04561993092773,7266622.453822,1
174,2,1,2,0,0,0.0,16511752.311574,0
174,3,3,0,1,1,470.0178559848374,14789413.071129,1
174,4,2,1,0,0,0.0,13563220.794948,0
174,5,3,0,2,1,477.745499980314,14168965.84812,1
174,6,0,1,0,0,0.0,6591095.809779,0
174,7,1,0,0,2,378.85510554694827,13754193.885694,1
174,8,1,1,1,1,273.3535652870967,14698817.464645,1
174,9,1,0,2,1,429.4522906058068,7031316.09725,1
174,10,0,2,2,0,0.0,15637888.679046,0
175,1,0,0,3,1,175.80276880362766,17233496.073931,1
175,2,2,0,0,0,0.0,9861069.596514,0
175,3,1,2,1,2,875.4551812886882,11837456.138599,1
175,4,1,2,3,1,328.5556951280571,12884627.051528,1
175,5,1,0,1,0,0.0,15761030.071745,0
175,6,1,0,4,0,0.0,14807208.742026,0
175,7,1,0,1,2,866.489984854443,15631681.145456,1
175,8,2,2,1,0,0.0,15241916.835277,0
175,9,1,0,0,2,485.79206360804466,8679691.015219,1
175,10,0,1,0,2,557.1693257233878,16408350.266665,1
176,1,1,0,4,1,209.86586806140707,12028108.296395,1
176,2,0,2,0,1,47.21858453461633,13602700.915551,1
176,3,1,2,2,0,0.0,12039583.704441,0
176,4,0,1,2,1,457.1545291537512,14463552.104306,1
176,5,0,2,0,1,451.3176339222562,15836541.041508,1
176,6,0,0,2,2,586.6771581876731,15708376.56162,1
176,7,1,0,0,1,441.6163638642132,13939463.098889,1
176,8,4,1,1,2,604.4946130329133,14995657.175426,1
176,9,0,2,1,3,675.9075675657966,15060876.71047,1
176,10,5,1,1,0,0.0,11534775.528244,0
177,1,4,1,0,1,482.0957169020541,14368286.670037,1
177,2,3,1,1,1,424.580850623612,10367175.331784,1
177,3,4,2,1,0,0.0,10791312.748168,0
177,4,1,2,1,1,316.8384927359718,14127583.43498,1
177,5,1,0,1,1,191.76260448612575,12443494.735098,1
177,6,1,1,0,0,0.0,9386172.786028,0
177,7,3,4,0,0,0.0,10483578.960691,0
177,8,0,0,0,2,42.71739269353566,15229620.764719,1
177,9,1,1,1,0,0.0,16398128.534994,0
177,10,0,2,0,3,1014.3869534075915,15217739.328738,1
178,1,0,0,1,3,711.0772165247519,12814701.715345,1
178,2,1,0,1,1,117.1726282468072,17187463.472497,1
178,3,2,0,1,5,1269.091728456177,14834477.438284,1
178,4,1,0,0,1,498.2275449196207,12084739.487096,1
178,5,1,1,0,1,483.5016406321908,10569422.186984,1
178,6,2,1,1,0,0.0,13219865.549956,0
178,7,0,1,1,1,76.34497104836305,12535680.434202,1
178,8,1,1,4,1,111.11090503625304,14584020.37806,1
178,9,2,0,0,1,254.13957710928628,16705612.470973,1
178,10,0,0,1,4,502.026057902723,14170844.105244,1
179,1,2,1,1,1,120.42839167065176,14471029.082479,1
179,2,2,2,2,1,491.7907682768768,16980763.660668,1
179,3,0,4,1,0,0.0,13250496.357016,0
179,4,0,0,1,1,240.92170218022025,10149355.143583,1
179,5,2,1,3,3,1364.2296091449625,14336485.071442,1
179,6,1,1,2,3,713.9509529872291,13511740.243133,1
179,7,1,1,0,2,595.1829886144213,10822918.301768,1
179,8,1,3,0,0,0.0,12420746.477932,0
179,9,2,0,2,2,483.2450092529965,15211073.744269,1
179,10,0,3,1,0,0.0,4681297.819411,0
180,1,0,2,0,3,733.5223316337074,12943469.960497,1
180,2,0,1,1,1,333.92371315704844,11558252.663102,1
180,3,1,2,2,1,297.53474908180294,11796982.715388,1
180,4,1,0,1,2,440.95328858271455,8912551.736627,1
180,5,1,1,1,3,709.79887934949,15820465.50034,1
180,6,0,2,0,0,0.0,9441163.629632,0
180,7,0,0,0,1,391.60457601271617,10218589.726394,1
180,8,3,0,2,1,276.38153560649096,13431751.624627,1
180,9,0,1,1,1,289.8475112782983,13366920.386942,1
180,10,0,2,3,1,104.6708659090532,9351238.703829,1
181,1,0,1,1,2,386.3859400148638,13299201.095984,1
181,2,2,2,1,1,429.8512531000748,15694504.608087,1
181,3,1,0,2,1,10.849222945739694,16565508.463283,1
181,4,1,2,1,1,375.6440742133577,17300721.877848,1
181,5,3,1,0,1,451.3955069335544,16361649.978633,1
181,6,2,2,0,1,77.24730111173426,14502446.63067,1
181,7,1,2,1,2,399.16529179188166,14851367.531305,1
181,8,0,1,1,2,734.3838250988849,8850437.498111,1
181,9,0,3,0,2,538.3398391189442,13296375.103029,1
181,10,1,0,2,0,0.0,14362101.284121,0
182,1,1,2,1,1,273.1397365114097,9576147.930914,1
182,2,1,1,2,2,434.88263436490774,16295063.697948,1
182,3,0,0,1,0,0.0,9092637.118047,0
182,4,0,4,2,0,0.0,13958238.960519,0
182,5,2,2,2,1,267.4182007718999,16460446.027044,1
182,6,0,2,0,1,176.93633707281322,13896262.061106,1
182,7,1,1,1,3,700.3722244871309,16539924.865306,1
182,8,1,2,1,1,327.42425829501707,8480613.677521,1
182,9,1,0,0,1,487.62874249008456,13176707.160293,1
182,10,0,0,1,0,0.0,14659990.037041,0
183,1,1,1,1,1,70.94830182077413,10378003.797266,1
183,2,1,0,0,1,144.0789934255561,7220108.186692,1
183,3,1,2,2,2,608.2205119678341,16707745.930521,1
183,4,0,0,1,3,756.9633275168798,15928167.177424,1
183,5,0,2,1,0,0.0,11292951.068715,0
183,6,0,0,0,3,884.1281162222315,10012935.565459,1
183,7,0,0,1,1,263.8836922416857,14960121.684155,1
183,8,3,1,1,0,0.0,15913707.682677,0
183,9,1,2,2,2,798.8838436321499,13651166.313431,1
183,10,1,0,0,2,803.7021876178544,15595884.845602,1
184,1,1,1,3,0,0.0,8028666.058384,0
184,2,2,1,1,0,0.0,14612311.705914,0
184,3,0,2,1,2,599.2274706189761,14225699.06937,1
184,4,2,1,0,3,513.9670126586502,12862039.903357,1
184,5,0,0,0,3,892.9726729308477,13362827.053302,1
184,6,2,2,2,1,364.4437762271882,15070564.06055,1
184,7,1,1,0,1,265.3945614543345,15498902.77145,1
184,8,0,2,1,2,733.9901133913227,9928345.227088,1
184,9,3,0,0,1,235.08456161860707,14329793.595317,1
184,10,1,3,3,0,0.0,10883761.011076,0
185,1,1,1,4,2,393.34397370946715,15558362.278937,1
185,2,0,1,2,1,103.92413266789676,15613856.226055,1
185,3,1,1,0,1,59.11710627019714,15146815.484766,1
185,4,0,0,0,0,0.0,16677314.938896,0
185,5,2,1,0,1,316.62325539327435,13491763.322339,1
185,6,1,1,3,1,197.05778353130157,16809235.280558,1
185,7,1,0,1,0,0.0,15492733.780046,0
185,8,4,0,1,2,556.8009386676952,15953078.254759,1
185,9,3,1,1,0,0.0,12470619.426383,0
185,10,0,3,0,1,442.071316311851,12008843.955297,1
186,1,0,2,0,0,0.0,13874979.410291,0
186,2,1,0,1,1,101.8201171703816,11582140.412662,1
186,3,0,2,0,1,139.54257031381252,9610425.112745,1
186,4,3,1,0,2,309.81291910273706,13986821.586396,1
186,5,0,1,2,0,0.0,12746064.333885,0
186,6,1,2,0,3,946.7765127193516,13706293.898542,1
186,7,2,0,0,3,878.3458119154084,14879650.831057,1
186,8,1,1,2,0,0.0,15554225.850334,0
186,9,1,2,1,1,258.6047328557016,13270805.565718,1
186,10,0,0,1,1,139.16688111879168,8984332.216926,1
187,1,0,2,1,0,0.0,14808456.941037,0
187,2,2,0,0,2,461.447634479996,15765368.337893,1
187,3,1,0,1,1,400.497413902889,13786589.840886,1
187,4,0,1,3,2,343.14111111933175,15841721.552854,1
187,5,3,1,0,1,152.21706308007197,16223690.990977,1
187,6,0,4,0,1,238.34173467208296,13670980.11054,1
187,7,1,0,0,0,0.0,12372133.351035,0
187,8,0,0,0,2,357.17446158807473,16266888.124351,1
187,9,1,0,0,2,376.0999829658954,13254992.790505,1
187,10,2,0,0,0,0.0,11665887.653335,0
188,1,2,0,1,1,107.0522720784839,15200845.508829,1
188,2,0,2,3,0,0.0,13819432.843708,0
188,3,0,3,1,0,0.0,13823552.758679,0
188,4,1,0,2,1,166.6328422364367,12566396.982801,1
188,5,0,1,0,3,692.4009969242277,12635520.033309,1
188,6,0,1,0,0,0.0,14047447.421788,0
188,7,2,1,0,0,0.0,8837281.347929,0
188,8,0,2,1,2,380.8524964387059,11813458.900974,1
188,9,1,1,2,0,0.0,10211742.734261,0
188,10,0,1,1,1,321.91797212648754,13000476.826441,1
189,1,1,2,3,3,542.8055542906975,16362764.014162,1
189,2,1,2,2,3,1020.2224782317778,13715735.447444,1
189,3,1,2,0,1,151.25932687396568,6961169.38496,1
189,4,1,2,0,1,107.03799488512674,16983239.068191,1
189,5,1,0,1,2,598.1665183883985,12756996.929345,1
189,6,1,1,0,1,276.96745451212206,9851044.950949,1
189,7,0,3,1,0,0.0,16878109.839248,0
189,8,5,0,2,1,38.11898217938367,12406238.161725,1
189,9,0,3,0,2,756.8615830162655,17020475.462642,1
189,10,2,0,1,0,0.0,5663501.545421,0
190,1,1,2,1,0,0.0,8363499.974161,0
190,2,0,0,3,1,279.17957673079366,12655515.272934,1
190,3,3,2,1,1,9.961101677386289,17135534.549265,1
190,4,1,2,1,0,0.0,12652655.527461,0
190,5,2,0,1,3,617.5932964964773,16962370.465349,1
190,6,1,2,3,0,0.0,15773422.210775,0
190,7,1,0,2,1,368.0014508358199,15599375.577878,1
190,8,1,1,0,0,0.0,11030168.582068,0
190,9,3,0,2,0,0.0,14485028.155282,0
190,10,0,2,0,1,464.00049323610017,13973061.153631,1
191,1,1,0,2,1,393.0479334312168,13667788.208172,1
191,2,3,0,1,0,0.0,11664909.912841,0
191,3,0,2,1,0,0.0,13492957.354798,0
191,4,0,1,2,1,381.780987292056,12643747.32868,1
191,5,0,1,2,1,202.34361822477945,14576023.831055,1
191,6,1,2,0,0,0.0,13206728.332962,0
191,7,0,3,1,1,422.5053192052409,16963854.688825,1
191,8,0,0,2,2,443.36175506434074,16892354.572492,1
191,9,1,1,1,1,285.68972327564745,9188679.252515,1
191,10,1,1,1,3,863.1920634875077,12970201.92685,1
192,1,1,3,1,1,221.7145466549856,14102906.033429,1
192,2,2,3,1,0,0.0,14971194.935087,0
192,3,0,1,3,1,332.9665147640689,13784657.053257,1
192,4,0,1,0,0,0.0,13289683.14432,0
192,5,3,0,2,2,468.11993752174027,10452860.217063,1
192,6,1,0,1,1,295.91305618281064,11833717.712261,1
192,7,2,1,1,1,80.4660497232415,15292436.991857,1
192,8,1,0,1,3,746.76043307571,13902595.275374,1
192,9,1,2,4,0,0.0,16806849.664958,0
192,10,1,1,1,0,0.0,13990240.500438,0
193,1,3,0,1,0,0.0,17075203.173201,0
193,2,1,1,0,1,182.1372070182485,8907710.879845,1
193,3,2,1,0,0,0.0,11449946.163113,0
193,4,1,0,2,4,956.63971666148,17500465.195436,1
193,5,0,0,0,2,533.4271340517104,16570646.920878,1
193,6,0,2,2,0,0.0,14029226.816002,0
193,7,2,0,1,2,423.218803190401,13294980.750754,1
193,8,0,2,3,1,392.2594823030129,14986166.28628,1
193,9,0,1,3,0,0.0,15326572.532553,0
193,10,1,3,1,1,324.7151471365192,14180775.448895,1
194,1,1,1,1,2,304.4031936301292,16330070.19666,1
194,2,3,0,1,1,57.97963053910097,15553653.982695,1
194,3,1,0,0,2,569.5794909081711,13572969.412394,1
194,4,2,0,3,1,87.89800691338529,16766156.054514,1
194,5,1,0,1,0,0.0,16845177.680267,0
194,6,1,1,0,2,369.04625058013806,17541038.866497,1
194,7,2,1,0,4,1115.5969465694673,13800916.457069,1
194,8,0,0,0,1,466.1548809165053,12750295.280258,1
194,9,3,1,1,0,0.0,16486516.266182,0
194,10,1,1,1,0,0.0,14305110.267288,0
195,1,1,1,2,1,275.57106722948924,17283422.435159,1
195,2,0,3,2,1,131.76609226835512,13256570.025116,1
195,3,3,3,1,1,321.3619718179041,15987206.616674,1
195,4,1,0,2,1,198.9654577320658,10730186.486194,1
195,5,0,0,3,1,368.630933178012,15118372.833472,1
195,6,4,1,0,0,0.0,15539723.733842,0
195,7,2,1,0,1,428.748455594483,15914081.624296,1
195,8,1,1,4,2,517.49071689378,16674821.27649,1
195,9,0,1,0,2,422.81869721809204,17079718.712095,1
195,10,1,0,1,1,123.18595989921486,14355875.950869,1
196,1,2,0,2,0,0.0,17330347.121726,0
196,2,2,1,0,0,0.0,8765168.929896,0
196,3,0,2,1,1,313.7336531630725,8103056.012243,1
196,4,3,0,0,0,0.0,16486770.232745,0
196,5,0,1,0,1,343.7248208208189,12721663.721395,1
196,6,1,3,1,0,0.0,14065183.391919,0
196,7,1,1,2,3,986.646311048198,11184497.934891,1
196,8,0,1,4,2,894.6516922898967,16332830.192186,1
196,9,0,1,1,2,710.1988851913118,13548591.284756,1
196,10,0,1,2,0,0.0,11705901.494183,0
197,1,1,1,2,1,349.52875239186454,11519526.604334,1
197,2,1,0,0,2,761.1281407405961,14729459.169769,1
197,3,1,1,1,0,0.0,10709358.742641,0
197,4,3,0,1,1,346.9875161868765,11801197.410142,1
197,5,2,0,1,1,198.34497966010792,8159894.220202,1
197,6,2,0,3,0,0.0,15473656.041543,0
197,7,1,1,1,0,0.0,16047696.51454,0
197,8,0,1,0,0,0.0,14295963.127131,0
197,9,2,3,1,1,410.3656961222201,14846297.197208,1
197,10,0,0,1,4,1229.8525521893434,10156466.411698,1
198,1,1,1,0,5,1324.2375543499597,12692858.902545,1
198,2,4,2,0,0,0.0,11040571.703878,0
198,3,2,0,1,0,0.0,11079932.419909,0
198,4,0,1,2,2,512.3750278794552,12436127.197324,1
198,5,1,0,0,2,619.6450896657042,15634175.487789,1
198,6,2,1,1,1,441.8395681618266,12807646.138525,1
198,7,0,0,1,0,0.0,13409195.347628,0
198,8,1,1,1,0,0.0,6629009.779722,0
198,9,1,1,1,1,232.19707338298667,11608812.294661,1
198,10,0,1,1,1,386.05190091558416,14254727.158768,1
199,1,1,1,1,1,50.69951764558951,4655823.374894,1
199,2,1,0,2,1,495.5401421390698,11628252.107158,1
199,3,1,1,1,0,0.0,15774721.271556,0
199,4,3,0,1,1,384.5102002619099,14301000.557323,1
199,5,2,3,1,0,0.0,15626185.529074,0
199,6,0,0,1,2,379.74575507461304,15973708.459296,1
199,7,1,0,1,0,0.0,12495879.27435,0
199,8,1,2,1,0,0.0,15544202.659662,0
199,9,2,1,0,1,370.4761638806938,7784800.541438,1
199,10,3,2,1,0,0.0,14530283.279146,0
200,1,2,1,0,0,0.0,8871636.23714,0
200,2,0,1,1,2,177.28517982844392,10673242.406937,1
200,3,1,1,0,0,0.0,15003366.778995,0
200,4,0,1,1,0,0.0,8521335.835755,0
200,5,1,3,0,1,435.2609810444522,16873761.015904,1
200,6,2,4,1,1,377.8750999741672,14532380.014934,1
200,7,1,1,0,2,331.9908739820898,14100131.885152,1
200,8,1,1,1,1,460.5271493866082,12356356.303533,1
200,9,1,0,2,0,0.0,12547854.634837,0
200,10,1,1,1,1,393.7468150155632,14139016.486548,1
201,1,3,2,1,0,0.0,14596069.959055,0
201,2,0,2,0,0,0.0,10170695.184134,0
201,3,0,1,0,2,473.6373707912078,7916539.562731,1
201,4,2,1,3,2,964.9901482921568,15338579.579,1
201,5,1,1,1,2,370.14702409431186,13091442.893814,1
201,6,2,2,3,0,0.0,15524822.768927,0
201,7,1,2,2,1,24.766791091294333,16196686.635664,1
201,8,1,1,1,1,125.26888120778126,13456731.713893,1
201,9,2,0,3,0,0.0,15459162.187705,0
201,10,2,0,0,2,739.8275845347466,14819912.389047,1
202,1,1,1,1,1,362.6991651555031,15424015.505781,1
202,2,3,2,2,1,100.69443950282196,13844031.004218,1
202,3,2,2,2,2,626.1334873079386,11227380.185845,1
202,4,2,0,0,1,83.39749153019726,16068548.778072,1
202,5,0,0,1,0,0.0,15337399.221094,0
202,6,1,2,1,0,0.0,14584287.476479,0
202,7,0,2,0,0,0.0,15542646.754629,0
202,8,0,2,0,1,179.46757438086644,15047559.44916,1
202,9,1,1,0,1,109.1913153925786,11589736.504342,1
202,10,0,1,0,0,0.0,17214454.56388,0
203,1,2,1,0,0,0.0,9267788.29569,0
203,2,1,3,0,1,150.41347677859542,6996072.054676,1
203,3,2,1,2,0,0.0,17349477.755941,0
203,4,2,1,1,1,93.47144189554716,10354926.215567,1
203,5,4,2,0,2,246.92223815263014,14965069.099214,1
203,6,2,0,2,0,0.0,15660157.174684,0
203,7,0,1,1,1,496.9486855112691,10309651.492947,1
203,8,3,0,0,1,65.74617673785494,7482582.055009,1
203,9,2,0,0,1,354.0716761431892,13562461.344751,1
203,10,1,2,0,1,490.7025753704089,6756173.751095,1
204,1,1,2,0,3,449.55346495165435,15756992.353296,1
204,2,3,2,0,1,421.6930899201495,14067915.618341,1
204,3,0,2,0,1,378.5106969017448,9893840.264945,1
204,4,0,2,1,0,0.0,11494276.270395,0
204,5,0,0,2,0,0.0,12753695.560959,0
204,6,1,1,1,1,206.44014194407424,5534550.191744,1
204,7,0,1,2,1,444.5740597836362,14374364.035922,1
204,8,1,1,1,0,0.0,11960089.694746,0
204,9,0,0,0,2,859.1384721612676,12713005.080433,1
204,10,2,1,2,1,218.6163978516547,16510484.352617,1
205,1,1,2,0,1,432.8293021723086,13612725.726274,1
205,2,1,1,1,0,0.0,13039693.064168,0
205,3,2,2,3,0,0.0,7658317.135366,0
205,4,0,2,3,0,0.0,16388457.514241,0
205,5,1,2,3,1,481.7023472262407,12007512.168311,1
205,6,1,1,0,3,1042.7146908055238,11704647.249996,1
205,7,0,1,1,1,33.761245766693534,10571661.126555,1
205,8,0,0,2,1,453.6079852688084,15095536.015681,1
205,9,1,0,2,2,868.438209970172,11619082.150632,1
205,10,0,2,3,1,488.9413644073618,14233941.909371,1
206,1,0,3,1,0,0.0,12929256.41886,0
206,2,0,0,1,2,565.8169937558213,8025115.192515,1
206,3,0,0,2,1,214.7900321709212,10047772.933202,1
206,4,1,0,3,0,0.0,10274129.767039,0
206,5,2,0,3,1,381.0099509317213,13457039.356628,1
206,6,1,1,1,4,764.6906128410571,15803646.810049,1
206,7,2,1,1,1,289.8642123635121,16507541.661684,1
206,8,1,1,2,2,215.8637650666078,14644068.269144,1
206,9,0,0,1,1,259.54775898269577,15140707.017152,1
206,10,4,1,1,1,360.7038930463992,14571196.645841,1
207,1,2,2,0,0,0.0,15692010.226168,0
207,2,2,2,0,2,742.6583702257077,15776247.259135,1
207,3,1,0,0,1,417.4446460370783,5366039.968746,1
207,4,1,2,0,0,0.0,15873163.635192,0
207,5,1,1,1,2,536.8360553649286,8740619.168839,1
207,6,1,1,1,0,0.0,14326277.243144,0
207,7,0,0,0,2,448.5113473449027,16348447.296495,1
207,8,1,0,1,4,991.8141175747285,15129507.022705,1
207,9,2,1,1,2,766.6091064359175,9897679.226949,1
207,10,2,0,1,0,0.0,14148559.506458,0
208,1,2,1,1,2,402.862860165746,12433515.67404,1
208,2,1,1,3,1,182.9672012667008,13895814.829261,1
208,3,0,2,2,1,240.8349225157633,16419725.324812,1
208,4,1,2,2,0,0.0,14039433.882142,0
208,5,0,1,1,1,331.4064719607763,9812475.950322,1
208,6,0,2,1,0,0.0,8041570.562847,0
208,7,1,1,0,1,310.9423110201689,14522648.629875,1
208,8,0,0,1,0,0.0,15792260.227137,0
208,9,2,1,1,1,205.629909126271,11194956.914135,1
208,10,2,0,1,0,0.0,15215812.599737,0
209,1,0,0,0,2,529.968092396732,13448375.459846,1
209,2,0,2,0,2,668.2902115229213,14327957.383167,1
209,3,1,1,1,2,557.3073472834528,7751705.386291,1
209,4,1,2,2,0,0.0,10374629.187632,0
209,5,2,0,3,1,370.591278297194,13152729.660934,1
209,6,2,2,0,0,0.0,15993706.49553,0
209,7,0,1,1,1,134.98837431332817,13564598.27683,1
209,8,1,0,2,0,0.0,16569206.540219,0
209,9,1,0,0,1,374.82989598027285,6928862.903672,1
209,10,0,2,1,0,0.0,16208476.548644,0
210,1,0,0,0,1,278.0228782507456,8993011.134455,1
210,2,0,2,2,0,0.0,8769669.506517,0
210,3,2,2,2,1,201.1327086845849,11199069.395501,1
210,4,0,1,0,1,385.6032857476769,11268817.636953,1
210,5,1,0,2,1,212.3704587458001,13910557.933249,1
210,6,0,1,0,3,1021.75584287704,15717132.399281,1
210,7,1,0,1,1,95.48326749228896,13550280.166822,1
210,8,1,0,2,2,436.5011461431643,11409496.647622,1
210,9,0,1,0,2,706.3532861693507,14083775.833782,1
210,10,1,0,0,1,108.03886597021167,14046565.727016,1
211,1,2,0,2,0,0.0,11925676.028125,0
211,2,0,1,2,2,909.917454205914,10975434.990038,1
211,3,2,0,2,0,0.0,15996224.64312,0
211,4,1,0,0,1,428.3914774338933,11278679.742144,1
211,5,1,0,2,1,494.7323619536908,14558148.053587,1
211,6,1,1,0,3,472.8989096791049,16649246.380959,1
211,7,2,0,0,1,223.68750634508348,13506425.180697,1
211,8,2,1,0,2,924.3875449055647,14420300.613207,1
211,9,1,0,2,0,0.0,16535132.291726,0
211,10,2,1,0,0,0.0,12086785.885053,0
212,1,0,0,2,1,275.01223109318926,10157740.81451,1
212,2,3,2,1,1,332.2550734063865,16193873.837426,1
212,3,0,1,3,3,355.69157560826847,12610759.36755,1
212,4,0,2,0,2,155.09877260163776,7589037.785399,1
212,5,1,0,1,0,0.0,15712825.711579,0
212,6,0,0,0,1,315.02498065763336,12465208.999595,1
212,7,2,3,1,1,363.4262847860201,13423646.778443,1
212,8,2,0,0,4,940.2176449844092,14357268.325354,1
212,9,1,2,1,1,133.38861717708988,13764178.508715,1
212,10,0,2,3,1,406.6918258003816,16032301.763995,1
213,1,1,1,2,1,268.52548790108705,6256361.246905,1
213,2,1,3,2,1,45.31027272108734,13960619.92982,1
213,3,1,1,3,1,202.81012771116025,14585698.189931,1
213,4,1,1,0,4,669.8674696892924,15688995.392729,1
213,5,1,2,1,1,229.62212519096545,13114382.707753,1
213,6,0,2,1,1,309.6165913300844,6653561.192418,1
213,7,1,3,0,0,0.0,14973457.018171,0
213,8,5,1,2,0,0.0,15296675.924573,0
213,9,0,1,1,1,222.1575147539035,15094018.73282,1
213,10,4,0,1,1,44.70083687148713,14341052.597539,1
214,1,2,1,0,1,76.25707658379758,16810132.096758,1
214,2,1,0,0,3,664.2134534908969,14944361.927417,1
214,3,1,1,0,3,413.48977159894093,15521922.543769,1
214,4,1,0,2,0,0.0,9541134.247036,0
214,5,1,2,1,0,0.0,6621538.721821,0
214,6,0,0,3,2,937.7048394835779,12019986.898256,1
214,7,0,3,2,1,375.3246203609052,16163226.510551,1
214,8,4,0,0,1,312.30792721760315,17166614.375069,1
214,9,1,1,2,3,873.2433485075094,11792966.383076,1
214,10,0,1,3,2,813.859237535942,15430459.351606,1
215,1,0,0,0,2,538.1441211878459,8255001.765869,1
215,2,1,1,0,2,566.0812968091773,2215297.459966,1
215,3,2,4,0,1,26.57486106587605,15039619.712009,1
215,4,2,1,1,2,607.0039895396367,16156922.931049,1
215,5,0,2,1,1,234.21696254671636,13181075.386951,1
215,6,2,2,0,1,32.32121799072441,16707178.038571,1
215,7,2,1,1,2,252.7131712940008,16591257.130207,1
215,8,0,1,2,2,773.965493016502,11149724.335272,1
215,9,1,1,0,1,316.8869664320392,14416396.105785,1
215,10,2,0,1,2,688.773273797354,7759594.915296,1
216,1,1,0,2,2,919.6719419443857,11237502.48463,1
216,2,4,1,0,3,802.3866507427256,14838340.46661,1
216,3,1,2,0,0,0.0,17174530.600851,0
216,4,3,0,2,2,462.60933579243533,12481841.506806,1
216,5,0,2,0,1,459.87104388332943,14861120.654005,1
216,6,1,1,0,3,696.1877218352694,13111146.673828,1
216,7,1,2,1,1,168.12299921742067,11908615.958541,1
216,8,0,1,0,1,388.619165653058,13001735.898889,1
216,9,1,0,0,0,0.0,16532012.965232,0
216,10,2,2,2,1,316.3025099668344,10756746.98894,1
217,1,2,1,1,1,39.7600445526364,15566201.38182,1
217,2,1,2,1,1,143.09511153227314,17464121.669246,1
217,3,2,0,1,0,0.0,15318636.512227,0
217,4,1,0,0,0,0.0,15090135.207844,0
217,5,1,1,1,1,231.7298893865431,13748845.736134,1
217,6,1,2,4,1,242.07577525228476,13305909.503823,1
217,7,1,0,0,1,284.15451806045377,12946109.051037,1
217,8,1,0,1,1,105.2980996208967,15585138.389715,1
217,9,6,1,0,1,311.0333353156069,14652579.554888,1
217,10,3,0,2,2,451.5050448053259,16437569.943596,1
218,1,1,0,2,2,842.2354699710875,14743754.322029,1
218,2,1,2,0,1,182.3044283701515,13213366.62485,1
218,3,1,1,1,1,67.48682252729435,11787676.477024,1
218,4,2,2,0,0,0.0,13473587.690638,0
218,5,1,0,1,2,431.62198421069843,15229457.79155,1
218,6,0,0,2,0,0.0,15101702.434517,0
218,7,2,1,1,1,360.40716766282776,9220713.601563,1
218,8,0,1,1,0,0.0,16164171.778728,0
218,9,2,2,0,0,0.0,6574351.328141,0
218,10,1,3,0,0,0.0,10683863.089165,0
219,1,1,2,0,2,496.1360658485286,15769222.611072,1
219,2,1,1,1,0,0.0,17044492.417739,0
219,3,3,0,0,1,381.5374594933028,7141340.071374,1
219,4,1,2,2,1,421.5091725239329,17340707.753161,1
219,5,2,0,1,0,0.0,15127498.524106,0
219,6,1,1,1,0,0.0,7198346.864421,0
219,7,1,1,0,4,1286.3497445554767,17445748.617957,1
219,8,2,0,2,2,706.1806034843512,16825790.304058,1
219,9,2,0,1,3,353.329856891529,15084334.265716,1
219,10,1,0,0,2,782.4108783307595,17033047.287035,1
220,1,2,1,1,1,16.317741379445238,14558074.438174,1
220,2,2,4,0,1,215.8719034119029,16867939.891226,1
220,3,0,3,1,1,398.8822028426198,17293372.031483,1
220,4,3,1,0,3,755.3290380847054,15901350.603573,1
220,5,1,0,1,0,0.0,15831458.331306,0
220,6,0,1,0,2,230.48020167114458,10586975.987438,1
220,7,1,3,1,3,889.3906118799067,14208465.25579,1
220,8,0,1,0,1,80.15515202510548,13614992.913219,1
220,9,0,0,1,3,825.1485858883366,14285483.20785,1
220,10,2,0,0,2,191.82323004521393,9940179.942181,1
221,1,1,1,1,0,0.0,4427522.69551,0
221,2,1,0,0,3,823.773765997576,11694761.735515,1
221,3,1,2,2,1,17.27101206167501,15576585.296959,1
221,4,1,1,1,2,681.6289027844499,14422093.988557,1
221,5,1,0,1,0,0.0,13527311.933542,0
221,6,1,2,1,2,413.7222211857769,16729321.10953,1
221,7,1,2,0,3,932.1072430025104,14480758.757714,1
221,8,0,0,1,2,487.1840500423647,10341793.810872,1
221,9,2,2,2,1,29.37638567279764,11758344.412553,1
221,10,2,2,0,1,295.18511095023604,12576896.52925,1
222,1,3,1,2,0,0.0,12002741.375374,0
222,2,0,0,3,1,353.03506936523405,14541476.601149,1
222,3,0,0,2,1,314.8971167706178,11340726.351562,1
222,4,2,2,1,0,0.0,12394455.207573,0
222,5,1,2,0,1,310.6574428476616,13617985.348027,1
222,6,3,4,1,1,113.98532452415934,13749869.536735,1
222,7,1,2,0,3,1107.7728223336462,15929074.718938,1
222,8,2,1,1,1,151.6757800840819,17240554.43795,1
222,9,2,0,0,0,0.0,12192441.564735,0
222,10,1,2,0,3,734.3326501586024,12764625.322892,1
223,1,0,2,2,0,0.0,9706106.669366,0
223,2,2,2,2,2,541.5825617581254,14324798.658684,1
223,3,1,2,1,3,613.2144253378431,16832971.314064,1
223,4,1,0,1,2,240.5543708145232,12157471.602582,1
223,5,0,1,1,1,197.0332553367699,13542119.735255,1
223,6,1,0,1,0,0.0,12293466.663127,0
223,7,4,0,0,0,0.0,11192621.099399,0
223,8,0,0,2,1,130.31412642681087,10841739.332101,1
223,9,2,3,1,1,50.664270330688105,13690643.13466,1
223,10,2,2,0,1,188.03341113244508,14835871.015852,1
224,1,0,0,3,1,260.83189831624577,14681136.366695,1
224,2,1,0,1,0,0.0,8578130.01526,0
224,3,1,1,1,0,0.0,6345591.47456,0
224,4,0,0,3,3,714.7541483698374,14678870.163221,1
224,5,1,1,2,2,868.2274372584725,11337488.844,1
224,6,0,0,1,3,1146.2293255049015,13050449.352449,1
224,7,3,0,1,0,0.0,15264019.86167,0
224,8,2,1,2,2,637.1202476088013,15473328.680693,1
224,9,1,0,1,1,160.85221196509596,14123188.223473,1
224,10,0,1,2,3,940.053443481766,12290839.766481,1
225,1,2,0,0,3,600.7791438368532,11647433.029776,1
225,2,0,3,1,0,0.0,11896563.522883,0
225,3,1,1,1,0,0.0,12630650.24574,0
225,4,1,1,1,2,648.744980687269,14710750.437915,1
225,5,3,3,2,0,0.0,11395622.402482,0
225,6,1,0,2,1,233.7110583635657,14585291.91912,1
225,7,0,1,0,1,52.30146811459925,12538010.304795,1
225,8,2,1,0,2,424.5712250456262,10248894.187131,1
225,9,2,0,2,2,183.17604846618175,11655572.47763,1
225,10,4,2,2,0,0.0,14463383.577935,0
226,1,1,0,1,0,0.0,10849779.365903,0
226,2,0,1,1,0,0.0,15509929.862742,0
226,3,0,1,3,1,492.97308401103214,14096494.737879,1
226,4,1,2,3,1,305.86123119555543,17223373.905178,1
226,5,2,0,1,0,0.0,15882256.785243,0
226,6,1,0,0,1,400.1783926651802,10010458.862847,1
226,7,2,1,2,0,0.0,11909136.080937,0
226,8,2,0,1,1,496.7103401159832,13415372.999612,1
226,9,1,0,4,1,499.0180380030167,10460141.835612,1
226,10,2,1,0,0,0.0,14360533.136661,0
227,1,1,1,1,2,291.05622873823324,16368414.301862,1
227,2,0,1,0,0,0.0,9310444.937584,0
227,3,2,1,0,0,0.0,14692273.674322,0
227,4,2,1,0,1,38.541183566756615,15270290.215113,1
227,5,1,1,0,0,0.0,9529426.161281,0
227,6,0,0,2,1,363.5441679032189,12603539.130047,1
227,7,1,1,0,1,450.0089421699402,11644844.76662,1
227,8,1,1,3,3,448.8614542198631,15923436.170976,1
227,9,0,0,3,0,0.0,17003002.443285,0
227,10,1,2,0,1,438.7700526060558,14624816.555109,1
228,1,2,0,1,1,323.9150776616927,14641203.959556,1
228,2,2,1,1,2,317.54042495278145,10366366.74919,1
228,3,1,1,1,1,440.2412759362167,12932656.372427,1
228,4,0,0,4,1,188.92806169280988,13539708.537876,1
228,5,1,1,0,1,77.74217407544351,14515521.636488,1
228,6,1,2,0,1,462.4302935987472,13313612.552091,1
228,7,1,3,0,0,0.0,14429126.214971,0
228,8,2,2,1,1,58.199041076070735,9646614.894334,1
228,9,2,3,0,1,113.42558836391682,17218844.180411,1
228,10,0,2,1,0,0.0,7050817.750306,0
229,1,1,3,1,1,424.0488802625197,10894935.840128,1
229,2,0,2,0,0,0.0,16720503.888926,0
229,3,1,0,2,2,536.0190431551293,14620148.139383,1
229,4,1,0,1,1,22.878780427958315,5351996.457101,1
229,5,1,1,1,0,0.0,14445991.448668,0
229,6,1,2,0,0,0.0,12072024.740512,0
229,7,1,0,0,0,0.0,15239116.710746,0
229,8,0,0,2,1,65.19464586820874,10048086.288981,1
229,9,2,0,1,3,405.1592903811727,13558192.928405,1
229,10,2,3,1,1,474.55903931856335,16775009.006611,1
230,1,1,0,0,0,0.0,14797015.239026,0
230,2,2,2,0,2,474.4374867791954,11659588.52649,1
230,3,3,0,2,0,0.0,14705040.056947,0
230,4,0,0,1,2,712.210821946424,15223974.611062,1
230,5,0,1,0,0,0.0,10082533.603605,0
230,6,1,1,1,0,0.0,12042063.29992,0
230,7,1,1,2,0,0.0,14702086.326352,0
230,8,3,1,1,0,0.0,17363058.07387,0
230,9,1,2,2,0,0.0,16745006.269929,0
230,10,2,2,1,0,0.0,15203617.595217,0
231,1,1,1,0,0,0.0,13974608.303251,0
231,2,2,2,0,2,294.0997631639307,11986148.143826,1
231,3,1,1,2,0,0.0,14937942.148209,0
231,4,1,1,1,2,417.9729661407525,12882465.943433,1
231,5,0,1,0,0,0.0,11400145.067101,0
231,6,1,2,1,0,0.0,9365864.516784,0
231,7,3,1,1,0,0.0,13864505.359708,0
231,8,2,1,0,4,1061.8207614107152,14749481.378431,1
231,9,2,1,1,1,374.7440871368038,15741473.176825,1
231,10,0,0,3,1,165.88396751242522,15837509.340793,1
232,1,1,3,0,1,222.51164664185723,15731056.323332,1
232,2,3,0,1,0,0.0,13268592.195822,0
232,3,0,2,3,0,0.0,12619674.316635,0
232,4,2,0,2,1,188.6801565508165,7140499.300258,1
232,5,1,1,2,2,203.0372089445121,11405575.069739,1
232,6,0,1,1,1,277.27946412436205,16594288.399873,1
232,7,1,1,2,0,0.0,8678153.701294,0
232,8,2,1,2,0,0.0,14261131.4143,0
232,9,0,1,1,3,679.23519595799,16149529.718759,1
232,10,1,2,0,1,31.45257460215052,8044833.191122,1
233,1,1,0,1,2,547.8445869692083,14570543.711623,1
233,2,2,0,1,1,384.8255074889095,15314265.457901,1
233,3,2,1,1,2,689.0308806446363,15239072.622766,1
233,4,3,1,0,0,0.0,8247279.451921,0
233,5,1,3,2,1,284.5119131683508,15128831.105989,1
233,6,5,1,1,0,0.0,17097330.633098,0
233,7,1,1,1,1,313.90789169106586,14509099.390537,1
233,8,1,3,0,1,225.7930478206892,15608072.430378,1
233,9,1,2,0,1,10.734374850355351,13180095.78536,1
233,10,2,0,0,0,0.0,11227977.803271,0
234,1,4,1,1,1,387.1463284455947,12803338.744268,1
234,2,1,1,1,3,1124.732548364264,11842538.087404,1
234,3,2,1,1,0,0.0,15181611.486426,0
234,4,2,0,1,1,218.02759542888623,16418248.499129,1
234,5,3,1,0,0,0.0,13574003.63484,0
234,6,2,0,1,0,0.0,9904191.250944,0
234,7,0,1,2,1,121.15969881067616,6048807.890443,1
234,8,4,1,0,1,22.18588839619577,16207582.140438,1
234,9,0,2,2,1,23.3739117379112,14584081.306087,1
234,10,4,0,2,0,0.0,17210172.261288,0
235,1,1,0,1,1,76.68935300625455,15312692.957401,1
235,2,1,2,1,0,0.0,12165874.21548,0
235,3,1,2,0,1,77.1312783984018,15397086.94173,1
235,4,1,0,0,1,274.4513293256938,17319234.307763,1
235,5,1,0,0,1,126.5849710218542,14812987.95166,1
235,6,1,1,1,0,0.0,13257826.806557,0
235,7,1,1,3,1,86.94013968081728,16762081.734439,1
235,8,1,0,2,1,408.41608225558326,15522391.233818,1
235,9,0,2,1,1,496.9317419422081,8431558.744347,1
235,10,0,3,2,0,0.0,10862751.000425,0
236,1,3,0,1,1,266.1806186615112,12560610.312424,1
236,2,2,0,0,1,226.96274790043137,8702038.350351,1
236,3,1,2,1,2,245.2439863873127,13617764.09737,1
236,4,0,0,5,2,805.6185651797746,13891990.95017,1
236,5,1,1,1,3,521.8905491462722,13493900.516503,1
236,6,2,2,1,0,0.0,8638467.809304,0
236,7,0,0,0,0,0.0,10333654.826918,0
236,8,2,2,1,0,0.0,14532640.297055,0
236,9,0,2,0,3,768.9316816708639,12693552.673111,1
236,10,0,0,1,2,618.0521681168327,7883019.759527,1
237,1,0,0,0,3,609.1205999280953,15145678.172299,1
237,2,0,2,0,1,277.2154452415199,11432950.509918,1
237,3,1,0,1,1,425.9243513270943,7631942.344458,1
237,4,3,1,1,1,323.24702177299275,15364423.582711,1
237,5,3,0,1,1,117.122499701193,15496103.647162,1
237,6,2,0,1,0,0.0,7642115.365839,0
237,7,1,1,0,1,451.78880404739607,17262798.956395,1
237,8,3,1,2,0,0.0,15927255.102572,0
237,9,0,1,1,1,144.8094843433966,10385159.694597,1
237,10,0,3,0,1,304.83158146868027,16513323.280252,1
238,1,0,1,1,0,0.0,9643226.943517,0
238,2,1,1,2,0,0.0,15061409.34029,0
238,3,0,2,1,0,0.0,12408108.975524,0
238,4,0,1,1,4,712.7601282810775,9545482.049849,1
238,5,1,1,2,0,0.0,11894804.505044,0
238,6,1,1,1,2,468.8799081038867,16792030.687419,1
238,7,3,1,0,1,354.71441360029803,12491352.360461,1
238,8,1,0,0,1,308.51640648833944,15343378.707479,1
238,9,1,3,2,1,322.7467569535595,15896775.501502,1
238,10,0,0,2,0,0.0,9001237.917987,0
239,1,2,0,2,2,233.2563076769734,12027377.078524,1
239,2,2,2,2,2,368.67700094990175,17301710.826682,1
239,3,1,0,3,1,172.38864438456503,12513720.669544,1
239,4,0,1,1,1,107.85767280522477,9081379.691438,1
239,5,3,0,0,2,782.1942528743552,14023662.799615,1
239,6,1,0,1,3,961.5810370160798,13018451.46016,1
239,7,1,1,0,1,103.5741576278868,14418792.743309,1
239,8,1,2,0,2,389.6806690401697,13739527.682197,1
239,9,1,0,1,3,697.3740294678689,11343123.671966,1
239,10,2,2,2,1,489.92154415924415,16499757.199808,1
240,1,2,2,0,1,161.96297692914533,15196884.771831,1
240,2,0,0,2,0,0.0,10380283.734848,0
240,3,0,1,0,0,0.0,14284324.237733,0
240,4,0,1,0,1,489.3563185568195,11444926.255108,1
240,5,1,1,2,0,0.0,14292712.142629,0
240,6,1,1,1,0,0.0,16484986.492385,0
240,7,0,1,3,1,292.43641073898783,14405742.436154,1
240,8,1,1,2,1,291.8012393998856,11977774.076985,1
240,9,1,0,0,1,83.65132751988997,5191744.411949,1
240,10,0,1,2,1,483.1952392857282,16077120.289217,1
241,1,1,1,1,0,0.0,12596109.554876,0
241,2,2,1,0,0,0.0,7839007.495663,0
241,3,5,1,0,1,421.474288854654,16756097.995081,1
241,4,2,2,1,1,440.2034643524042,16781251.113847,1
241,5,2,1,0,1,301.80404284377704,16264590.408479,1
241,6,0,0,0,1,20.90981381170177,14912754.789319,1
241,7,0,1,2,1,77.6462964976184,14820388.995345,1
241,8,1,0,1,0,0.0,12036093.439505,0
241,9,0,0,1,1,265.0284775238005,8961244.703269,1
241,10,1,1,0,0,0.0,9057756.724874,0
242,1,1,0,2,0,0.0,13559955.789759,0
242,2,0,0,0,4,1557.3934172226745,8050512.426501,1
242,3,1,1,0,2,552.0039131362391,11999591.404186,1
242,4,2,0,1,0,0.0,15131038.729469,0
242,5,2,0,1,1,156.904480791455,16266655.343831,1
242,6,0,2,0,1,348.87694874225826,15649989.792342,1
242,7,0,1,0,1,387.02669520334587,15122130.9149,1
242,8,1,2,0,0,0.0,9691910.044198,0
242,9,1,0,0,0,0.0,8621360.12979,0
242,10,2,1,3,0,0.0,10194992.517209,0
243,1,1,1,2,0,0.0,14929241.196713,0
243,2,4,1,0,0,0.0,13124700.914374,0
243,3,2,0,0,0,0.0,8102638.558779,0
243,4,1,1,3,3,1181.4172434114785,16660479.910861,1
243,5,1,1,4,1,419.2709121904266,16457461.3835,1
243,6,2,1,1,1,406.11149278951166,14326630.832142,1
243,7,1,2,0,2,705.601973662019,15231448.48279,1
243,8,3,3,2,2,418.8072630740956,13204462.38473,1
243,9,0,3,0,1,476.5252195091588,9091720.933264,1
243,10,0,0,2,1,195.7577581324623,13309974.753568,1
244,1,0,2,0,0,0.0,16291619.340992,0
244,2,0,1,3,2,549.2463888817989,16346758.706001,1
244,3,1,1,1,0,0.0,15747525.245975,0
244,4,1,2,0,0,0.0,13909482.517281,0
244,5,0,1,1,1,40.02835705814483,13350187.359151,1
244,6,1,0,0,0,0.0,11832011.903682,0
244,7,1,0,2,0,0.0,13048567.815724,0
244,8,2,0,2,1,26.824825690262404,16187639.489866,1
244,9,0,1,3,3,485.0007807666218,16707357.635507,1
244,10,3,4,0,0,0.0,17146195.871429,0
245,1,2,1,1,1,209.27603903652025,10642983.116729,1
245,2,1,1,1,1,81.87140986216406,12668900.785555,1
245,3,0,1,0,0,0.0,9544326.914249,0
245,4,0,0,2,0,0.0,11939776.156155,0
245,5,2,0,1,0,0.0,15986246.624365,0
245,6,1,2,0,2,793.8181555215606,12809714.256157,1
245,7,1,1,0,3,1134.0967851527541,15797160.51403,1
245,8,0,1,1,1,415.9199530808274,17595086.928733,1
245,9,0,0,1,1,344.0206695675792,15479355.745701,1
245,10,2,1,2,0,0.0,13684903.889982,0
246,1,0,4,0,0,0.0,7946052.352843,0
246,2,1,0,3,0,0.0,9242681.293651,0
246,3,1,0,3,2,290.6716999447813,11496019.956396,1
246,4,1,0,0,1,395.59697925757473,11641403.715814,1
246,5,0,1,0,1,299.82576015701267,12962716.685095,1
246,6,2,1,1,2,615.3455743336372,16602963.697941,1
246,7,1,1,2,0,0.0,12944782.519056,0
246,8,0,0,1,2,761.9444959232245,11179786.53112,1
246,9,1,0,4,1,414.8879981397536,14283474.227931,1
246,10,0,2,0,1,199.95960207032925,12700088.798357,1
247,1,0,0,1,1,397.2459874185769,15208765.248763,1
247,2,0,0,3,0,0.0,15157555.955858,0
247,3,1,0,3,0,0.0,14757005.217724,0
247,4,2,0,1,1,385.30048445950433,12045653.748562,1
247,5,1,0,2,2,447.05674545913473,15818185.490723,1
247,6,1,0,2,0,0.0,8798055.640691,0
247,7,1,2,0,2,607.9857593405211,12454003.412948,1
247,8,1,2,3,1,79.26281352665573,12393671.01508,1
247,9,2,0,2,1,229.9302835337765,9860308.393807,1
247,10,0,0,0,1,362.6703249893888,11495096.677307,1
248,1,0,1,0,0,0.0,15535885.30136,0
248,2,2,1,2,1,215.05174023346643,16148110.274589,1
248,3,1,1,1,1,280.7288254829204,13780645.697263,1
248,4,1,1,0,1,319.8895448801478,15842639.751378,1
248,5,2,0,1,1,467.4670186999181,14345752.079795,1
248,6,0,2,2,1,301.2536048479412,12782303.982511,1
248,7,0,1,0,2,716.3617480621753,17563476.734796,1
248,8,1,1,1,0,0.0,15950268.423518,0
248,9,0,2,0,0,0.0,9788857.736359,0
248,10,1,0,2,0,0.0,10218372.293473,0
249,1,1,0,0,1,375.1973250187853,6925007.072468,1
249,2,2,0,2,0,0.0,15384067.883745,0
249,3,0,1,0,1,285.61020100394444,11579395.090762,1
249,4,2,1,0,0,0.0,11649069.503251,0
249,5,2,0,1,0,0.0,15973079.266932,0
249,6,0,2,0,4,932.0121545165143,13285933.60769,1
249,7,0,0,1,2,404.98553639593,12675215.033162,1
249,8,2,2,0,0,0.0,12684969.102366,0
249,9,2,0,1,0,0.0,12348043.048044,0
249,10,0,2,1,1,9.572879415709233,16490442.392732,1
250,1,0,1,1,0,0.0,15770594.882426,0
250,2,0,4,1,2,798.3471488517939,16116784.224316,1
250,3,0,3,3,0,0.0,13759717.766688,0
250,4,0,2,2,2,768.903849169855,14299364.195148,1
250,5,0,1,0,0,0.0,8780866.161708,0
250,6,1,0,1,2,923.7521716509016,12716831.836329,1
250,7,1,1,1,0,0.0,16592054.833164,0
250,8,2,0,3,2,588.3538277739203,12844282.396039,1
250,9,0,0,1,1,405.9215076206493,14841144.621592,1
250,10,1,1,2,0,0.0,15430700.012748,0
251,1,3,0,2,2,495.5142412159769,14529748.424086,1
251,2,1,2,1,1,263.40648659212457,16424171.158272,1
251,3,1,1,0,2,308.0687586671388,14610022.503633,1
251,4,3,0,0,1,232.00430473887525,13376296.280078,1
251,5,2,2,0,0,0.0,9489456.024805,0
251,6,0,1,0,0,0.0,9463290.55807,0
251,7,0,1,1,2,690.4242653040922,6633018.396522,1
251,8,2,0,2,1,335.6426801867242,8969553.524102,1
251,9,0,0,0,1,96.51007666617012,11926778.930003,1
251,10,2,4,0,2,400.77702807167617,15745996.092549,1
252,1,1,0,2,1,315.7472222602662,11203455.986618,1
252,2,1,1,0,3,1036.3255350988525,14259862.054142,1
252,3,1,1,1,2,171.767337455775,10528852.411547,1
252,4,2,1,1,0,0.0,16723155.413877,0
252,5,0,1,2,1,104.55621988694227,16752875.030939,1
252,6,4,1,2,0,0.0,14813191.055932,0
252,7,2,1,1,0,0.0,16530019.94642,0
252,8,1,1,1,4,509.90726365002445,12111803.147725,1
252,9,1,0,0,0,0.0,10716239.561488,0
252,10,2,2,0,1,150.95664198325446,14681941.870491,1
253,1,0,0,1,2,914.5893562956351,15421539.868438,1
253,2,0,2,2,2,702.3405752855109,13939551.580419,1
253,3,1,1,1,1,308.93959423360803,15054418.105681,1
253,4,0,1,2,0,0.0,15906853.485191,0
253,5,0,0,1,0,0.0,13472462.137722,0
253,6,2,0,2,0,0.0,13781444.766319,0
253,7,0,1,1,2,677.7697097728139,8552617.959622,1
253,8,1,1,2,1,134.17278935949537,14808087.641023,1
253,9,2,1,1,0,0.0,14395370.370954,0
253,10,1,2,1,2,514.7310608309147,13064958.172811,1
254,1,2,3,1,1,224.57601092150003,12542690.526683,1
254,2,0,0,1,3,427.7345931345774,15958330.217658,1
254,3,1,0,0,2,444.24092677473436,14917312.408244,1
254,4,1,0,3,3,794.3982249070424,17311652.733217,1
254,5,2,2,1,1,108.13812854544152,17330619.127021,1
254,6,1,1,1,3,806.716190757156,14257081.205223,1
254,7,0,5,0,2,624.1022136113805,13721256.700532,1
254,8,2,1,1,1,8.743953171221467,13659229.538477,1
254,9,0,4,1,2,348.5788524076221,15406670.109577,1
254,10,1,0,2,1,397.4420267319813,15891846.736025,1
255,1,2,1,0,1,91.24647856408386,11594127.728785,1
255,2,2,1,0,1,238.9149253513864,14805143.725379,1
255,3,3,2,0,0,0.0,14196482.157504,0
255,4,0,0,2,0,0.0,9125223.901579,0
255,5,3,1,0,1,264.64460420392413,16105438.774625,1
255,6,3,0,0,2,920.623509774551,11311948.144497,1
255,7,2,1,0,1,383.6037150549319,9471125.233699,1
255,8,2,1,0,0,0.0,15387774.697513,0
255,9,1,2,0,0,0.0,16214556.749966,0
255,10,2,2,0,0,0.0,15986815.758571,0
256,1,2,0,0,0,0.0,15196127.555433,0
256,2,2,1,0,1,278.39004336436943,10017860.161615,1
256,3,1,1,1,0,0.0,10697430.968122,0
256,4,0,0,2,2,900.8117883293116,16377523.855086,1
256,5,4,0,2,1,29.95603200310455,13509310.624379,1
256,6,2,2,2,0,0.0,12288329.907971,0
256,7,1,2,2,1,464.2337585146661,14003986.171437,1
256,8,2,2,0,1,232.0581547966535,16339691.154496,1
256,9,1,0,0,2,627.0878864022068,10937141.997789,1
256,10,1,1,1,1,410.1254648389141,12614839.458844,1
257,1,5,0,0,0,0.0,14905159.283418,0
257,2,2,0,1,1,186.34017258406968,17066117.634569,1
257,3,1,1,1,2,762.0406541820225,17405146.310439,1
257,4,0,0,1,2,395.6715280904387,15454980.977069,1
257,5,0,0,0,3,759.6173583951861,10647855.508457,1
257,6,1,0,3,0,0.0,14600706.550674,0
257,7,0,0,1,2,627.4741719830897,14483708.285451,1
257,8,3,0,0,2,303.4904073987812,12228387.453862,1
257,9,1,1,1,0,0.0,16366128.589567,0
257,10,2,0,0,1,91.43071412805396,16553001.381163,1
258,1,0,4,1,0,0.0,11712627.744537,0
258,2,0,1,1,0,0.0,11155283.256336,0
258,3,1,1,1,0,0.0,13146453.193191,0
258,4,1,0,3,2,695.9522412779859,15485848.853362,1
258,5,5,0,2,0,0.0,9277921.093946,0
258,6,0,0,1,0,0.0,15032521.810397,0
258,7,1,2,0,2,374.92474394359044,7557101.305986,1
258,8,0,1,1,1,99.7149728427208,13419491.796936,1
258,9,1,2,1,0,0.0,13422193.540371,0
258,10,3,0,2,2,807.5398721135898,15388740.045435,1
259,1,2,0,0,0,0.0,12777873.757923,0
259,2,3,1,1,2,552.7756776772957,14473175.736819,1
259,3,1,1,3,1,200.05900345854596,15081442.345277,1
259,4,1,1,0,0,0.0,7704749.913932,0
259,5,1,2,0,2,700.8388485297669,16096016.091687,1
259,6,1,0,1,1,439.7318420128588,16244627.172073,1
259,7,1,1,1,1,356.8489188978607,14842759.144179,1
259,8,0,0,0,1,318.8844033621825,12366151.692253,1
259,9,2,1,0,2,625.7375172208325,11058344.077397,1
259,10,1,1,1,2,376.74164038837125,13058173.649459,1
260,1,0,0,0,2,531.9419609490692,13806118.888677,1
260,2,3,1,1,1,405.8890865729606,10421345.291484,1
260,3,0,2,0,2,341.68990820796034,17354434.747937,1
260,4,0,1,1,3,737.9702746574599,11675348.623385,1
260,5,1,0,2,2,670.9860096800085,16998112.665754,1
260,6,0,2,1,3,787.202669803934,15990273.196105,1
260,7,2,0,1,1,228.01518305607777,13848369.082293,1
260,8,1,1,0,2,738.8725345868818,14561424.306809,1
260,9,0,0,1,0,0.0,14588591.428645,0
260,10,1,0,2,1,491.9467606844553,9784489.40231,1
261,1,0,1,0,4,1218.7779640211045,12664375.353943,1
261,2,0,1,3,1,106.87695503370196,17188776.439816,1
261,3,0,0,1,1,245.0579961210315,12355570.477064,1
261,4,1,2,2,1,226.4140765924794,16060440.883659,1
261,5,2,1,1,2,614.8966346790069,16867895.237908,1
261,6,2,0,0,1,384.15928694308326,15113938.131761,1
261,7,2,0,2,1,324.9201041318425,10111341.564888,1
261,8,0,2,3,3,871.4649279954531,15246349.000446,1
261,9,0,1,0,0,0.0,11405401.671978,0
261,10,3,0,1,0,0.0,13206626.531666,0
262,1,2,1,2,0,0.0,12564192.167616,0
262,2,1,1,0,3,485.7173213293505,15167880.337192,1
262,3,1,0,1,0,0.0,9287007.860148,0
262,4,0,1,0,0,0.0,14674432.530825,0
262,5,2,1,1,1,143.53994296494338,12503146.873793,1
262,6,0,1,4,2,485.2613655272475,15632554.324383,1
262,7,1,0,0,0,0.0,13818184.519581,0
262,8,1,1,1,0,0.0,13534892.374208,0
262,9,1,2,1,0,0.0,16128400.604161,0
262,10,0,1,3,2,474.37049870674446,14265194.169688,1
263,1,1,1,1,2,583.460786689526,11506188.978844,1
263,2,1,2,1,0,0.0,16754829.658558,0
263,3,1,1,1,0,0.0,16773442.737097,0
263,4,0,2,2,1,131.302955475283,13303226.170942,1
263,5,2,1,1,2,527.7306108069199,13730240.482409,1
263,6,2,0,1,1,407.0034020216273,13107473.500327,1
263,7,0,0,1,2,629.3341229342388,11269328.575059,1
263,8,2,0,0,0,0.0,11574317.330327,0
263,9,0,0,0,3,863.9087643009616,9781120.456413,1
263,10,0,0,3,2,238.22637980400532,17006745.359077,1
264,1,1,2,1,0,0.0,15755587.897085,0
264,2,0,0,0,2,321.11885560775465,13298523.958004,1
264,3,0,1,0,2,298.4526692420096,10489179.267373,1
264,4,1,0,1,0,0.0,15209941.089553,0
264,5,2,1,1,2,612.0197826352634,14318857.248443,1
264,6,2,1,0,1,168.65161396793246,13673601.297227,1
264,7,1,1,1,0,0.0,14969536.466653,0
264,8,2,1,1,1,183.86804261439988,16189183.866314,1
264,9,1,1,1,3,695.5507011197325,11473810.383758,1
264,10,0,0,0,4,872.2771960607855,13491224.494785,1
265,1,1,0,0,1,174.83517886359107,11513249.141217,1
265,2,1,1,0,0,0.0,15731487.293052,0
265,3,1,0,2,3,272.57375385179495,14584961.582269,1
265,4,1,0,1,0,0.0,11596477.194306,0
265,5,1,0,3,3,841.3460793181803,17031828.991183,1
265,6,1,1,0,0,0.0,13668152.340949,0
265,7,1,0,0,3,786.4474265574843,12809319.817085,1
265,8,1,0,1,3,115.28115716001496,11743600.62603,1
265,9,0,0,0,1,72.66938165977851,10106077.123469,1
265,10,2,1,0,2,656.3704709163212,12484856.838867,1
266,1,2,3,0,1,265.3271907983313,14306520.055589,1
266,2,2,2,1,2,582.4781592173908,13042224.063811,1
266,3,2,2,0,2,472.0777722232998,13602676.629958,1
266,4,0,2,0,1,390.7204435432775,15197510.028038,1
266,5,0,2,0,1,487.0082296277827,8869812.685809,1
266,6,1,1,2,1,353.3646442067628,13817241.47547,1
266,7,0,3,2,2,417.94964361536,15928568.603473,1
266,8,0,2,2,3,489.20576319278445,10088614.910998,1
266,9,1,2,1,2,542.1489885882964,15714268.553885,1
266,10,1,1,1,2,637.122812566671,13335178.208376,1
267,1,2,4,0,0,0.0,17483484.063551,0
267,2,2,1,0,1,317.44913575673087,16965761.263002,1
267,3,3,0,1,0,0.0,16325780.199467,0
267,4,0,2,0,2,685.0716350406203,17394040.461821,1
267,5,1,1,1,0,0.0,14979288.348516,0
267,6,1,0,0,1,468.2876694637563,7469901.215566,1
267,7,1,0,3,2,721.3662526705266,14337501.844644,1
267,8,1,0,0,1,285.72367936197963,11243991.027842,1
267,9,1,1,3,0,0.0,15653874.71482,0
267,10,0,1,1,1,110.5307735884886,15200436.650103,1
268,1,0,0,0,1,325.85338339900426,11257487.639904,1
268,2,1,0,2,2,701.1073016292787,13805454.523895,1
268,3,2,1,0,0,0.0,13785757.646503,0
268,4,1,1,1,1,32.88031621008406,12197692.367141,1
268,5,0,1,1,2,430.56185762382415,10487020.051103,1
268,6,1,1,2,0,0.0,16062992.022973,0
268,7,0,1,2,1,222.64256517729956,16952649.053762,1
268,8,2,0,0,2,205.04433489989418,11689511.246229,1
268,9,3,0,1,0,0.0,13635827.926481,0
268,10,0,1,1,1,448.334410137148,10505397.603828,1
269,1,1,0,0,1,491.9904246481505,13769581.172532,1
269,2,1,1,1,1,488.1223407089261,14491651.88184,1
269,3,1,2,0,1,37.20459944568141,10178835.308821,1
269,4,2,0,0,3,970.0455045464005,10424671.759891,1
269,5,3,1,1,1,229.09651368464452,11979712.953157,1
269,6,0,1,1,4,730.8821110996138,11737586.76283,1
269,7,0,0,3,1,267.50639607292544,10871232.95248,1
269,8,3,2,1,1,278.0130745037106,16932230.579654,1
269,9,1,0,1,1,113.40574504693166,17572713.10129,1
269,10,0,0,0,0,0.0,10126148.130824,0
270,1,0,3,1,1,136.23340138017528,12249055.001861,1
270,2,1,1,2,2,467.23480263576823,15963208.600945,1
270,3,2,0,1,2,502.6623974918914,14770364.968056,1
270,4,3,0,0,2,536.9011742537064,16707902.825551,1
270,5,1,1,2,0,0.0,16084508.527169,0
270,6,1,1,1,2,209.31285433030527,16463465.912187,1
270,7,0,1,0,0,0.0,14257151.892067,0
270,8,4,0,1,2,939.7479809913681,13802788.613889,1
270,9,2,0,0,4,898.2299900752832,13766030.77598,1
270,10,2,0,0,0,0.0,12467842.131077,0
271,1,2,2,1,2,599.2229581791521,14752380.614683,1
271,2,0,1,0,2,315.0603068794681,10317920.14066,1
271,3,0,0,1,0,0.0,16431013.793484,0
271,4,0,3,1,2,288.8662767745745,16823610.671219,1
271,5,1,1,0,2,754.363473883771,17225611.914687,1
271,6,1,0,0,2,271.6396961696397,13779941.729262,1
271,7,0,1,1,2,425.3184864974555,10556521.880903,1
271,8,2,1,3,1,471.5383143528027,15499442.369154,1
271,9,3,1,2,0,0.0,15175145.396769,0
271,10,1,4,1,1,458.10584422979673,14138877.967638,1
272,1,1,0,1,0,0.0,13055734.377107,0
272,2,2,1,1,2,368.15862240199914,10092751.707765,1
272,3,3,1,0,0,0.0,5434751.448295,0
272,4,2,0,1,1,200.9497156443801,15169451.235896,1
272,5,0,1,3,3,946.2017815761803,15562826.209991,1
272,6,1,0,1,2,863.9023921732933,15501060.55746,1
272,7,2,1,0,1,444.154219262928,11987148.012314,1
272,8,1,0,0,0,0.0,7264819.744721,0
272,9,2,2,3,0,0.0,16331282.190051,0
272,10,1,1,3,0,0.0,10659631.683584,0
273,1,1,1,0,1,139.59194330519577,14635595.98929,1
273,2,2,2,0,0,0.0,13407893.192265,0
273,3,0,1,2,3,772.1554502263764,16171006.943896,1
273,4,1,2,2,1,403.670554636948,15167591.767161,1
273,5,1,1,1,0,0.0,11073221.437621,0
273,6,0,2,0,1,382.9688296038424,13756812.271874,1
273,7,1,0,1,0,0.0,13978046.708171,0
273,8,1,1,2,2,628.7190284574726,15254372.88939,1
273,9,1,0,1,1,148.59826923220592,6188861.125978,1
273,10,0,0,1,1,384.0927913697612,14253380.521083,1
274,1,0,1,1,0,0.0,10279134.216495,0
274,2,3,1,2,1,86.90829554717216,13367427.967227,1
274,3,1,1,2,1,190.4027850520761,13474445.985781,1
274,4,1,1,0,4,1556.4681183725713,16152302.505674,1
274,5,0,1,1,2,600.9551438657281,16003187.328194,1
274,6,2,1,0,1,474.6728888214728,10660203.930135,1
274,7,3,3,1,0,0.0,16840600.808497,0
274,8,2,1,0,0,0.0,13351734.131471,0
274,9,0,3,2,1,79.44082275621673,15671256.645667,1
274,10,1,0,2,0,0.0,15078595.593815,0
275,1,2,0,1,0,0.0,16849839.895111,0
275,2,1,0,3,0,0.0,13111466.87468,0
275,3,2,3,3,1,452.7546828537963,13200283.981388,1
275,4,1,0,0,2,108.75509773437435,13919153.284297,1
275,5,1,1,2,1,208.68593299652392,16678027.510858,1
275,6,1,1,0,1,73.47732463089692,12443392.258323,1
275,7,2,1,2,0,0.0,10996421.133376,0
275,8,0,3,4,0,0.0,7776349.961704,0
275,9,2,3,0,1,247.17578226599971,15852661.213858,1
275,10,0,1,1,2,776.6771896899473,17007429.120742,1
276,1,1,2,0,0,0.0,12920802.208019,0
276,2,2,2,0,0,0.0,14603161.996278,0
276,3,0,1,1,3,801.3157932947763,13499126.681094,1
276,4,2,2,2,0,0.0,15107865.03796,0
276,5,3,0,0,2,423.4042679937292,14558232.207186,1
276,6,1,0,0,2,266.86129843740866,13226523.376524,1
276,7,2,0,0,0,0.0,13937600.494941,0
276,8,0,0,3,1,163.30205481417912,16707997.436008,1
276,9,2,0,2,1,438.2173439606654,14291494.444083,1
276,10,2,2,1,0,0.0,16119491.320583,0
277,1,0,0,0,1,372.8037957137783,14444541.100651,1
277,2,2,1,1,1,10.439628759111445,11748474.374812,1
277,3,2,3,1,0,0.0,13373749.73271,0
277,4,0,0,2,1,406.87612760481295,3398071.531698,1
277,5,0,1,1,3,863.6371368686691,15202661.486098,1
277,6,0,2,1,3,617.7062981660829,14769124.695708,1
277,7,0,0,0,4,1199.2378968102016,17149746.209014,1
277,8,0,1,1,2,530.2832186581026,17313198.840022,1
277,9,0,1,0,2,461.4429357643281,14690094.839661,1
277,10,1,1,2,2,304.7306730611087,16234303.439183,1
278,1,1,1,0,0,0.0,14354858.552509,0
278,2,2,0,1,2,940.9824757448266,8180634.896481,1
278,3,1,1,1,1,319.6553182300103,13460106.508411,1
278,4,0,0,0,0,0.0,8333075.832068,0
278,5,1,1,0,3,641.6969129577141,16011622.602604,1
278,6,0,2,1,1,411.698478756951,14080536.196477,1
278,7,2,0,1,0,0.0,9279870.156022,0
278,8,1,0,1,0,0.0,13361643.496655,0
278,9,1,0,0,2,581.8175109586384,6975912.792513,1
278,10,3,0,0,1,186.5157935685698,15363293.858355,1
279,1,2,1,1,1,22.35733294883249,14650884.573116,1
279,2,2,1,0,0,0.0,13929371.533685,0
279,3,1,2,1,0,0.0,8753717.574923,0
279,4,1,3,0,0,0.0,13234421.683218,0
279,5,0,2,2,0,0.0,14054965.440705,0
279,6,0,2,1,0,0.0,13292453.580767,0
279,7,1,1,2,0,0.0,15046468.753883,0
279,8,3,0,1,3,947.7827968928314,12499072.057838,1
279,9,2,1,1,1,354.01279175675097,17168948.961935,1
279,10,0,0,2,2,401.26011307443014,10915345.382268,1
280,1,1,0,2,1,415.4538903862343,7783237.649314,1
280,2,1,2,1,2,315.3991950747698,14584126.897653,1
280,3,2,2,2,0,0.0,15408094.446454,0
280,4,1,1,0,1,351.2853482495709,6599393.613539,1
280,5,0,1,0,0,0.0,8154330.7399,0
280,6,2,1,2,1,228.7269450817537,16507771.610671,1
280,7,1,2,1,0,0.0,9651359.021269,0
280,8,2,0,0,0,0.0,17010277.971056,0
280,9,1,1,2,0,0.0,11784285.565239,0
280,10,1,0,1,1,16.52511526467557,12907748.411544,1
281,1,1,0,1,1,217.6259519172293,7950361.483434,1
281,2,1,0,3,1,327.218923819007,16242977.932111,1
281,3,1,1,0,2,373.5790275713415,15423910.41422,1
281,4,1,0,1,0,0.0,16160350.872623,0
281,5,0,2,1,0,0.0,15026535.456309,0
281,6,0,1,2,1,300.70238406159604,12168324.648736,1
281,7,1,0,0,3,623.7117771498554,13106851.180507,1
281,8,0,2,2,1,73.29071360346016,14446639.080178,1
281,9,0,3,1,0,0.0,16507173.150754,0
281,10,1,2,0,1,468.871810373714,12404805.171975,1
282,1,2,0,2,1,180.20739694029,17643690.54222,1
282,2,0,1,0,1,229.06332397681368,13630616.112769,1
282,3,1,0,1,1,183.81117563605017,8262971.384724,1
282,4,0,4,0,0,0.0,17483886.842468,0
282,5,2,0,1,0,0.0,8909496.283869,0
282,6,1,0,0,2,234.89157842346683,11423349.780551,1
282,7,1,2,2,2,659.7143505957698,15806946.728461,1
282,8,0,2,0,0,0.0,9795388.533663,0
282,9,0,1,2,1,85.6917847250102,4202111.148958,1
282,10,1,3,0,0,0.0,8037902.529567,0
283,1,2,0,0,0,0.0,12152140.378986,0
283,2,2,1,1,2,388.3869139497946,15172205.817756,1
283,3,2,1,0,0,0.0,11492876.682166,0
283,4,1,0,4,0,0.0,15821497.196156,0
283,5,1,0,0,2,852.7945651869683,17047007.731138,1
283,6,0,0,1,2,428.55443857064154,13616469.392875,1
283,7,1,1,1,0,0.0,7805287.857587,0
283,8,2,3,1,2,388.45328334269095,16657237.119014,1
283,9,1,4,2,2,64.90063511440502,17128182.307468,1
283,10,0,0,0,3,747.1191580875517,16066647.551586,1
284,1,0,1,1,0,0.0,13413328.673825,0
284,2,3,0,1,1,410.04552854104304,11654915.833217,1
284,3,0,2,1,1,283.9507011193767,15229790.043476,1
284,4,0,1,2,1,314.21471934019746,15509251.178231,1
284,5,1,1,0,0,0.0,16308070.431612,0
284,6,4,0,1,0,0.0,13899180.695804,0
284,7,0,1,2,0,0.0,10844014.188093,0
284,8,0,2,2,0,0.0,14961243.276379,0
284,9,0,3,0,2,440.7639358179558,16130551.599861,1
284,10,1,0,2,1,384.21341157236265,10875914.838151,1
285,1,0,2,0,2,98.83643387010552,12407811.092058,1
285,2,2,2,0,1,89.38521392146643,17232164.1113,1
285,3,1,0,2,0,0.0,10373246.109541,0
285,4,1,1,0,0,0.0,15671980.485441,0
285,5,1,1,2,0,0.0,8919415.125935,0
285,6,0,2,2,1,402.2546132026265,17529370.785834,1
285,7,1,2,1,0,0.0,13865707.60115,0
285,8,0,0,3,1,140.64929156195518,8639039.062284,1
285,9,1,1,2,0,0.0,11062531.931319,0
285,10,0,4,3,0,0.0,13643706.637212,0
286,1,1,1,1,2,609.5292408733328,11740036.284424,1
286,2,0,2,1,2,471.9393131787434,13867777.377413,1
286,3,1,0,0,3,1266.8438015625034,7943567.345006,1
286,4,2,1,2,2,754.1942645939318,16723203.871392,1
286,5,0,2,2,1,487.4002129161591,13953889.635415,1
286,6,1,0,3,1,306.7327297417829,16082593.892336,1
286,7,2,0,1,3,602.3245439308531,16430998.32686,1
286,8,1,1,1,2,791.4996224680558,8891545.703652,1
286,9,1,4,1,2,525.1526650698592,12921749.483818,1
286,10,1,0,0,0,0.0,15358646.794828,0
287,1,2,1,0,0,0.0,12032533.547933,0
287,2,1,0,2,0,0.0,13413094.900592,0
287,3,3,1,1,0,0.0,14191751.151177,0
287,4,2,0,0,0,0.0,12907165.670321,0
287,5,0,0,1,1,399.4857249107154,14006856.599062,1
287,6,0,0,2,0,0.0,14122524.791607,0
287,7,0,0,2,1,177.74789107970332,11771083.161198,1
287,8,0,1,0,2,706.0015183198909,15542689.743434,1
287,9,1,1,2,1,499.1366623114422,14989126.319219,1
287,10,1,2,1,1,61.395841872168646,14088923.892438,1
288,1,1,1,0,1,429.5531086118962,11499800.807411,1
288,2,3,2,2,0,0.0,15659026.423294,0
288,3,0,1,0,2,710.6178300551985,8593142.48797,1
288,4,0,1,0,3,782.6821931853824,15156453.64639,1
288,5,2,0,2,0,0.0,16058899.50735,0
288,6,1,1,1,1,112.9560693820544,12914284.257419,1
288,7,0,0,1,1,449.11688661087015,13843687.712886,1
288,8,1,3,1,0,0.0,9587816.087901,0
288,9,1,0,2,0,0.0,15810776.970779,0
288,10,0,2,3,1,413.207496304644,9227458.56365,1
289,1,0,1,2,0,0.0,10056393.915072,0
289,2,0,0,1,3,941.0249429785084,16419735.525219,1
289,3,1,0,2,1,376.9124787291354,10578169.883587,1
289,4,0,2,1,0,0.0,10164040.542251,0
289,5,1,0,1,1,270.46461331121054,7329815.254181,1
289,6,0,0,0,0,0.0,13861909.399915,0
289,7,1,1,2,0,0.0,16121416.891058,0
289,8,0,1,2,4,1221.2180483619618,15969005.310966,1
289,9,1,1,2,2,858.0665177104352,13944365.159009,1
289,10,1,1,3,0,0.0,11240348.13441,0
290,1,1,0,1,2,657.5532582174037,9004443.25003,1
290,2,1,0,2,0,0.0,12686356.37658,0
290,3,1,2,1,0,0.0,8780231.200829,0
290,4,1,1,1,1,395.72702116226446,13276328.701334,1
290,5,0,0,1,2,370.82156155059556,13796003.398579,1
290,6,2,3,0,0,0.0,13261645.235006,0
290,7,0,0,2,2,621.6438026759292,12733725.285873,1
290,8,1,1,0,0,0.0,16198743.56455,0
290,9,1,1,0,1,329.12386067281534,13897712.97712,1
290,10,0,4,1,0,0.0,7035025.341227,0
291,1,0,0,3,0,0.0,12539873.40167,0
291,2,1,1,0,0,0.0,11385973.956351,0
291,3,4,1,0,1,487.2186331574593,13034486.077656,1
291,4,2,1,0,2,551.3214608263709,11957040.606569,1
291,5,0,0,2,0,0.0,14948284.306542,0
291,6,2,1,1,0,0.0,12651082.288985,0
291,7,0,0,0,2,512.6670372901057,10381470.551121,1
291,8,2,1,2,1,37.43618292482566,14102612.799659,1
291,9,0,0,2,1,66.2558873872548,4877438.74098,1
291,10,1,2,1,2,920.6564271775787,12384529.179884,1
292,1,2,3,1,0,0.0,15609296.726832,0
292,2,3,0,0,1,46.76304970382836,11852417.174941,1
292,3,0,0,3,1,244.4095530608924,13525438.981134,1
292,4,0,1,0,0,0.0,16503455.666537,0
292,5,0,1,2,0,0.0,11033275.817245,0
292,6,1,1,0,1,239.9326238414309,14736216.725438,1
292,7,0,2,3,0,0.0,15198583.258448,0
292,8,2,0,1,0,0.0,12988630.567718,0
292,9,1,1,1,2,405.1445541571014,11790104.472028,1
292,10,0,2,0,0,0.0,13935425.042853,0
293,1,1,0,1,1,177.42787782209473,14632048.175845,1
293,2,0,1,2,2,323.8022996633809,13221087.406406,1
293,3,0,0,1,2,193.26112627685683,16617310.91772,1
293,4,2,0,1,0,0.0,13588856.201883,0
293,5,1,1,2,0,0.0,11566960.954022,0
293,6,1,3,2,1,142.88155391820126,16105201.958079,1
293,7,2,1,2,0,0.0,10635460.4532,0
293,8,1,1,1,2,472.0064914077858,8960274.648378,1
293,9,3,0,1,0,0.0,9438938.260479,0
293,10,1,2,0,1,402.6593082166175,12381320.739262,1
294,1,2,1,1,1,303.3748346469133,11151557.089914,1
294,2,0,2,1,3,642.6585676418562,9761307.602531,1
294,3,0,2,0,1,246.19104100876996,10936608.715926,1
294,4,0,1,2,0,0.0,10449007.012737,0
294,5,1,1,1,0,0.0,11661482.718252,0
294,6,3,0,0,0,0.0,10088810.636936,0
294,7,2,2,1,0,0.0,13028695.100934,0
294,8,2,2,2,1,123.82316819639348,13800542.126982,1
294,9,2,0,3,0,0.0,15388986.939241,0
294,10,0,0,1,1,22.191896910348664,7183177.755591,1
295,1,0,1,1,2,281.98537560232484,12672613.580023,1
295,2,1,0,0,3,1170.3267741641012,11161322.304608,1
295,3,2,1,1,0,0.0,14326591.529705,0
295,4,0,1,3,1,197.66074555205756,15053458.827632,1
295,5,2,0,0,3,1107.3928372403677,14944585.385726,1
295,6,2,0,0,0,0.0,12323637.130363,0
295,7,2,2,1,1,405.0365304197933,15224952.77115,1
295,8,3,2,0,3,800.1462196682801,15237195.523409,1
295,9,1,2,1,2,357.13610499497884,12368456.460298,1
295,10,3,1,0,1,16.348221836010097,13824817.205057,1
296,1,0,3,1,0,0.0,7034680.917594,0
296,2,0,0,1,2,417.79184642605003,16029832.495526,1
296,3,0,1,0,0,0.0,14700188.807324,0
296,4,2,0,0,2,579.629579393941,15726115.354318,1
296,5,2,1,0,2,602.0392097203779,16743564.836394,1
296,6,0,2,1,1,29.976840215330405,11762806.322563,1
296,7,1,1,1,0,0.0,13528933.297984,0
296,8,0,2,0,0,0.0,16729269.938341,0
296,9,1,1,1,0,0.0,11743015.942242,0
296,10,0,1,0,0,0.0,9381597.957861,0
297,1,0,1,1,2,803.7462264814556,14376326.338705,1
297,2,1,3,1,0,0.0,16805830.019152,0
297,3,1,1,2,1,183.78499459152252,9524260.405741,1
297,4,2,1,0,0,0.0,11874227.265195,0
297,5,1,1,1,2,248.2034078762672,15484459.458857,1
297,6,2,0,1,1,99.53594012676436,10904244.943623,1
297,7,1,3,1,0,0.0,10724354.953716,0
297,8,1,0,2,0,0.0,8722982.298749,0
297,9,3,0,2,1,490.4785967887071,13142634.651475,1
297,10,1,0,2,2,351.7884139243118,15532753.320081,1
298,1,1,2,1,1,210.13443979494684,13305668.006619,1
298,2,0,0,1,1,248.01394381128583,15376466.847419,1
298,3,0,0,0,1,154.9531681706491,14335527.285565,1
298,4,3,1,1,1,36.5538754418845,14844281.039729,1
298,5,1,1,0,3,440.9343023248193,11117606.756535,1
298,6,0,1,0,1,89.40971718216646,10151158.402447,1
298,7,1,2,0,2,229.59144218441745,14470064.105753,1
298,8,0,3,0,0,0.0,14702092.820475,0
298,9,2,3,1,3,420.6911578186821,15724602.010076,1
298,10,1,2,1,0,0.0,14348245.091591,0
299,1,1,0,2,1,68.5121684486555,15846600.848331,1
299,2,0,1,1,2,368.7656411446166,11699815.585283,1
299,3,0,2,0,0,0.0,12901603.095304,0
299,4,1,0,2,2,272.74267794551656,16739636.095666,1
299,5,1,2,1,0,0.0,16134122.11138,0
299,6,1,2,1,0,0.0,10979682.561025,0
299,7,1,1,0,4,1120.9467972474483,14489998.153112,1
299,8,1,1,0,1,109.527947470015,12133682.949623,1
299,9,1,4,0,2,565.7462623161697,14192268.890291,1
299,10,1,0,0,1,159.84334286011958,15422391.907626,1
300,1,4,4,0,0,0.0,17160575.001126,0
300,2,1,2,1,1,347.1208563021198,16184341.90044,1
300,3,0,3,0,0,0.0,13580113.266235,0
300,4,1,1,0,1,68.64876401639573,13233192.568308,1
300,5,2,0,4,2,366.6651621672268,17040992.797669,1
300,6,0,0,2,0,0.0,4264582.677574,0
300,7,3,3,1,0,0.0,12860944.310796,0
300,8,0,1,0,1,387.8704924104538,13354297.733679,1
300,9,0,1,0,2,412.5925922277057,14298709.644424,1
300,10,1,1,1,1,381.783616966708,14158789.15546,1
301,1,2,1,1,1,288.42586294282694,14564450.059472,1
301,2,1,0,4,0,0.0,14342695.3972,0
301,3,3,1,3,1,25.583696618222188,13412614.629708,1
301,4,1,0,2,1,402.39356789217067,12920820.654572,1
301,5,2,3,2,2,381.7046015646035,15663058.795906,1
301,6,0,1,1,0,0.0,7372447.611006,0
301,7,2,0,2,0,0.0,8868157.975866,0
301,8,2,0,2,1,135.87899214433665,15901723.353398,1
301,9,1,0,2,1,112.55838471042374,11920444.080227,1
301,10,3,0,2,2,591.891051085177,14513789.738494,1
302,1,1,0,4,2,335.4896271041048,14496732.956974,1
302,2,0,1,1,2,527.145364605206,16817084.330545,1
302,3,0,1,0,2,294.10461808230605,12360761.162316,1
302,4,0,3,0,2,216.68579102781345,11932450.456018,1
302,5,2,3,0,2,644.5164413242865,14533059.936156,1
302,6,1,0,2,4,1340.1577777101659,13075011.888937,1
302,7,1,2,0,3,526.6831274354408,10302815.814801,1
302,8,1,0,1,0,0.0,12789724.957711,0
302,9,2,1,0,0,0.0,16415715.080431,0
302,10,1,2,2,1,265.856934942871,15635356.284358,1
303,1,1,2,1,0,0.0,16995382.224139,0
303,2,1,1,2,3,717.8658622780027,12609184.6685,1
303,3,1,1,2,0,0.0,9749469.163677,0
303,4,1,1,1,0,0.0,14192373.864511,0
303,5,1,1,3,1,197.86175209828397,17231621.484002,1
303,6,1,1,2,0,0.0,6931784.442773,0
303,7,1,2,3,0,0.0,11304024.99234,0
303,8,0,1,0,1,129.58828833095305,4840680.985467,1
303,9,1,2,1,0,0.0,13787615.048538,0
303,10,2,1,3,2,946.8945124597504,15181246.857221,1
304,1,0,2,2,2,500.8276530718466,16464720.33402,1
304,2,1,1,3,0,0.0,11666298.970333,0
304,3,1,3,1,1,70.48206106091085,10493957.24065,1
304,4,1,2,1,1,100.2538923173238,6866463.915266,1
304,5,0,1,2,0,0.0,14239134.741583,0
304,6,1,2,1,1,44.00499510675394,15206662.184101,1
304,7,1,2,1,2,865.5001451571484,15254126.429255,1
304,8,2,0,0,0,0.0,10068565.914351,0
304,9,4,0,0,1,226.33792621562463,12776073.085312,1
304,10,1,1,0,0,0.0,15533007.14023,0
305,1,1,2,0,1,93.43442487831244,12246257.841587,1
305,2,2,1,0,2,400.23810579394757,11169097.911687,1
305,3,2,1,4,1,85.87408681666224,16677842.879241,1
305,4,1,2,2,0,0.0,10598103.34804,0
305,5,1,0,2,1,17.3679255111389,14511708.151846,1
305,6,1,3,2,0,0.0,11886281.710382,0
305,7,2,3,2,1,313.6611686031542,12460581.448613,1
305,8,0,3,1,0,0.0,13210801.597166,0
305,9,0,1,4,1,217.97869955459228,13232278.105332,1
305,10,2,0,1,2,213.65283897928128,14641225.994894,1
306,1,2,1,0,2,778.1322739940688,13849359.671566,1
306,2,0,1,1,0,0.0,15586239.620569,0
306,3,1,2,2,0,0.0,15355543.187015,0
306,4,1,3,0,2,544.2557102863027,17071021.194591,1
306,5,0,1,1,2,540.2543043766774,15113323.564425,1
306,6,1,0,1,1,240.04661384375387,13712514.047357,1
306,7,1,1,1,1,286.5138422390076,10491617.478484,1
306,8,2,0,2,0,0.0,15945666.61863,0
306,9,0,1,0,0,0.0,13975267.933748,0
306,10,1,2,1,2,794.0414059776897,13341623.815993,1
307,1,2,0,0,1,355.0954532148593,16102371.921396,1
307,2,0,1,2,2,436.5527156063413,9327117.419052,1
307,3,0,1,1,0,0.0,8469726.868728,0
307,4,1,1,2,2,325.05865181536296,15398885.60952,1
307,5,0,1,1,2,888.3604560838698,16638246.188103,1
307,6,1,0,2,1,148.83082977623565,12624411.410085,1
307,7,2,0,3,0,0.0,6750979.788661,0
307,8,0,0,2,1,444.7264063497569,15995513.39354,1
307,9,0,2,2,1,487.29412786927537,11426708.065458,1
307,10,0,0,0,3,826.3667471577179,16698097.725934,1
308,1,0,1,0,4,917.5004815395877,16309097.948045,1
308,2,2,2,0,1,256.7222354738006,16177631.426016,1
308,3,1,1,0,1,107.96786500000763,14631948.574557,1
308,4,1,1,0,2,220.74589896397652,10062524.68249,1
308,5,1,3,0,1,368.7509024339291,12148708.701339,1
308,6,0,0,1,4,1254.7978461360983,14331960.703238,1
308,7,2,2,1,0,0.0,14784540.76582,0
308,8,0,2,0,4,747.9011667394132,14297424.414653,1
308,9,1,1,2,1,226.8328717802367,8530971.229432,1
308,10,1,1,2,1,128.20177956636456,14075479.024729,1
309,1,1,0,2,0,0.0,10484967.22681,0
309,2,1,0,0,2,467.53440657998914,10294335.147654,1
309,3,1,1,2,1,473.2066080757993,16245323.126487,1
309,4,1,2,2,2,409.64870410593346,13810523.553694,1
309,5,2,0,2,1,395.9448542773095,14367025.397612,1
309,6,0,2,1,2,310.6188656480036,17195228.401415,1
309,7,1,0,0,2,574.8373704475357,8986902.995205,1
309,8,0,1,1,1,133.55985933499355,14359535.608223,1
309,9,0,0,2,0,0.0,10349415.824808,0
309,10,2,0,1,3,1381.7578075923748,12062139.868665,1
310,1,0,0,0,1,173.94158845675105,8605212.428891,1
310,2,3,1,1,1,337.5833763342132,14031726.094303,1
310,3,1,2,1,2,400.94441554241104,14736800.083351,1
310,4,2,0,2,2,726.0691050261952,13226920.183261,1
310,5,2,2,0,2,540.380919537754,13579257.65884,1
310,6,1,1,2,0,0.0,13347665.616219,0
310,7,3,1,0,0,0.0,12996787.602027,0
310,8,3,3,1,0,0.0,13102246.073271,0
310,9,2,2,0,1,280.42025901307755,13970625.34446,1
310,10,4,1,3,0,0.0,15486625.015973,0
311,1,1,0,0,1,74.97864854452767,13546467.107256,1
311,2,1,1,2,1,285.62078447894305,16563738.820824,1
311,3,0,0,1,0,0.0,12954674.502679,0
311,4,1,3,1,1,205.8862200384592,13068209.47657,1
311,5,3,1,0,2,870.4795111613721,16103492.162071,1
311,6,2,1,2,2,470.0952134591811,13973495.177862,1
311,7,1,1,0,1,86.13196815499062,14708350.06035,1
311,8,2,0,0,0,0.0,17306190.813806,0
311,9,2,1,0,2,269.9049881850874,10838338.023316,1
311,10,1,0,1,0,0.0,16363639.87965,0
312,1,2,3,0,1,188.80294192239504,16465917.373082,1
312,2,2,1,0,2,747.8916322039792,12520154.603627,1
312,3,0,1,3,2,749.7369791881538,14124225.655355,1
312,4,1,2,2,0,0.0,14109218.86987,0
312,5,2,2,1,0,0.0,16909795.383754,0
312,6,2,0,0,0,0.0,8323279.334453,0
312,7,0,0,0,0,0.0,12221509.802845,0
312,8,1,0,0,1,327.14295870919824,8317510.397803,1
312,9,1,0,1,1,30.720663614305124,16608871.759402,1
312,10,0,2,1,2,509.4005398550382,12219184.147205,1
313,1,1,1,2,1,441.9368399288298,16033507.550634,1
313,2,0,2,1,0,0.0,14262668.143523,0
313,3,0,2,2,0,0.0,16758033.859596,0
313,4,1,1,0,3,1161.9502769921917,11496792.696447,1
313,5,0,1,1,3,994.7896207189968,14643056.869357,1
313,6,0,1,1,1,339.8357891320667,7003285.119393,1
313,7,1,2,0,1,71.53718397507824,12465281.913583,1
313,8,2,0,2,2,634.2037825143827,12376501.861925,1
313,9,0,3,1,1,227.5245408797335,15069171.252485,1
313,10,1,3,0,2,138.62465663977147,15381242.822934,1
314,1,1,1,0,1,367.219684328669,14443634.211484,1
314,2,0,2,0,1,357.1787605921723,10258364.582692,1
314,3,1,0,2,2,523.7911576027216,9423937.491077,1
314,4,1,1,2,3,857.5566072849967,16264716.929129,1
314,5,3,0,0,0,0.0,15493501.775987,0
314,6,3,3,0,0,0.0,14795356.311434,0
314,7,0,0,2,1,459.779632730299,7759253.003797,1
314,8,0,1,0,1,62.632210417346606,15242410.133557,1
314,9,0,0,1,0,0.0,10490035.332605,0
314,10,1,1,1,1,466.9783626290825,13005896.45121,1
315,1,1,2,0,1,70.74579355720304,11405113.831009,1
315,2,0,3,1,1,99.00501782566673,13018523.135311,1
315,3,1,1,1,1,140.6239248914449,16817790.288238,1
315,4,1,2,0,2,764.3601538497419,13100739.957541,1
315,5,2,1,2,2,602.0661636488462,9421807.127377,1
315,6,2,2,0,1,352.7105713122832,12451634.734268,1
315,7,1,1,0,2,171.7319087630397,7291042.679955,1
315,8,2,2,3,0,0.0,13647557.044068,0
315,9,1,1,0,2,329.4434276276682,13859936.419152,1
315,10,2,1,0,1,36.19430018068722,10682549.460789,1
316,1,0,2,2,0,0.0,15723862.325704,0
316,2,1,0,0,1,85.0454093633988,6661555.58824,1
316,3,1,1,3,2,480.0280248586553,12412763.479679,1
316,4,2,1,0,1,47.735742271164106,14472840.839426,1
316,5,0,1,0,1,478.7696507665924,13746356.697725,1
316,6,2,3,0,1,27.378536584092952,16421685.611886,1
316,7,2,0,0,1,415.4923195513889,14380778.513856,1
316,8,2,0,0,3,649.9308405874527,11480417.698007,1
316,9,1,0,0,1,238.92323844492,10371169.772091,1
316,10,0,1,1,0,0.0,14164646.646491,0
317,1,3,1,1,1,200.6923095401622,15901324.196629,1
317,2,1,0,0,1,359.41381329080093,14241765.427211,1
317,3,1,0,2,0,0.0,17124165.63353,0
317,4,1,2,0,1,272.0746926608593,12578704.56634,1
317,5,0,0,0,5,1456.901499453753,11339815.448022,1
317,6,2,0,0,2,837.4469727733925,13340329.194714,1
317,7,1,1,1,1,449.94420091678097,14827011.760578,1
317,8,1,2,0,1,335.88571325159404,15808126.839067,1
317,9,1,1,0,2,453.89147519659184,16373439.498495,1
317,10,0,0,0,0,0.0,12941088.756272,0
318,1,1,1,1,0,0.0,10149276.637449,0
318,2,2,3,0,1,273.7763553973604,16843091.974064,1
318,3,0,0,1,0,0.0,14326064.61845,0
318,4,1,0,2,2,699.1847026963245,14223168.366418,1
318,5,0,2,0,1,156.70786617971163,15545146.102042,1
318,6,1,0,1,0,0.0,12872231.275545,0
318,7,0,1,3,0,0.0,11690463.19782,0
318,8,1,2,1,2,581.5729516239461,7742486.030699,1
318,9,1,1,3,0,0.0,15180554.815649,0
318,10,0,2,1,0,0.0,15794700.746109,0
319,1,3,0,0,2,379.8366627452616,14098366.885284,1
319,2,1,0,0,2,489.2866547700227,13357472.680764,1
319,3,0,2,1,0,0.0,6175821.517858,0
319,4,1,1,2,4,818.2607098481326,11351039.306908,1
319,5,1,0,3,0,0.0,9726781.13838,0
319,6,1,1,1,1,296.99830283988734,9293956.243119,1
319,7,1,2,0,0,0.0,11779367.254115,0
319,8,0,0,0,2,775.7039351262961,16036470.625414,1
319,9,1,1,1,2,445.99540607494157,14178030.416209,1
319,10,1,0,2,1,206.5396536820885,12205268.257776,1
320,1,2,1,2,1,425.28335625592456,14843843.418298,1
320,2,1,2,1,1,400.8570197569601,15834607.548574,1
320,3,2,2,0,2,177.6531656688463,13798000.199063,1
320,4,5,1,3,0,0.0,16149398.479763,0
320,5,1,1,0,2,615.4048456324576,12406861.452261,1
320,6,0,0,1,1,11.548521974502847,14481187.467373,1
320,7,1,0,0,3,449.8383927531952,13790304.011228,1
320,8,1,1,0,1,196.9643572365677,13131112.983912,1
320,9,1,0,1,1,457.4948590978407,7175827.809567,1
320,10,2,1,0,0,0.0,12053878.850087,0
321,1,1,2,2,1,224.00090742099,16695463.452207,1
321,2,2,2,3,0,0.0,13651374.811273,0
321,3,0,0,2,0,0.0,11415448.017626,0
321,4,3,3,0,3,783.2612433703167,15550162.722161,1
321,5,0,0,1,0,0.0,13372035.455778,0
321,6,1,3,2,1,266.84245578922344,10905169.525867,1
321,7,2,0,0,2,541.3172831019306,11704459.210869,1
321,8,0,0,1,3,786.5841250499984,14302042.969122,1
321,9,1,1,2,0,0.0,9963278.800868,0
321,10,0,1,1,1,475.48615029487263,14162828.776334,1
322,1,2,0,0,0,0.0,13515685.335852,0
322,2,0,2,0,2,593.4687232964882,9275095.480001,1
322,3,3,1,1,1,24.32576258312347,14383248.257594,1
322,4,2,2,4,0,0.0,14814892.199802,0
322,5,0,2,1,1,261.24595557942456,13131968.056912,1
322,6,1,1,1,1,418.7666070936593,14660479.268438,1
322,7,1,3,0,1,253.3036419437205,7360579.263842,1
322,8,1,0,1,1,48.632850653135314,12486446.034638,1
322,9,1,2,0,2,696.5521835449306,15933398.860259,1
322,10,1,1,1,1,359.0502665664718,13349273.732146,1
323,1,2,0,0,0,0.0,10575724.138057,0
323,2,1,0,2,0,0.0,10384890.187279,0
323,3,2,1,1,1,264.3453517851801,12075794.929156,1
323,4,2,3,1,2,895.5366642191873,15806882.758865,1
323,5,2,2,0,3,734.2430809088296,13913791.243761,1
323,6,2,1,1,0,0.0,15673457.196878,0
323,7,0,0,2,1,137.0081228012502,14770434.868842,1
323,8,1,2,0,2,520.7405885123969,17235780.871229,1
323,9,1,1,2,3,293.88907079491673,14696377.038408,1
323,10,0,2,0,2,682.4860859630044,15033839.403423,1
324,1,0,2,3,0,0.0,16842773.656615,0
324,2,0,0,1,0,0.0,15606842.649574,0
324,3,4,3,0,1,271.51086083958364,8527356.365191,1
324,4,1,1,4,1,9.73551120755715,15319213.797068,1
324,5,2,0,2,1,32.21566053517884,16124565.152049,1
324,6,0,2,0,1,111.60233486020113,12366587.175616,1
324,7,0,0,0,2,277.44399977408534,10712255.97935,1
324,8,2,2,0,0,0.0,12824598.09285,0
324,9,0,0,2,0,0.0,16156672.21161,0
324,10,2,1,0,2,807.1577611524726,15922923.142536,1
325,1,0,1,1,2,624.4880581167423,15490615.99701,1
325,2,0,4,0,0,0.0,14641070.880492,0
325,3,2,0,0,3,741.6557007784734,16465882.165226,1
325,4,2,0,1,1,393.8277067405387,15546104.373325,1
325,5,2,0,0,0,0.0,10617870.108148,0
325,6,1,0,2,0,0.0,16266216.260887,0
325,7,0,2,1,0,0.0,13377428.256291,0
325,8,1,2,1,0,0.0,13551809.811501,0
325,9,2,2,1,0,0.0,11644739.718221,0
325,10,2,1,0,1,351.5331664581523,11666651.879267,1
326,1,2,3,0,0,0.0,14047135.286305,0
326,2,0,2,2,0,0.0,12029629.718943,0
326,3,0,0,2,2,602.2844623465714,12784518.181697,1
326,4,1,0,0,3,936.0293915971209,11177496.393045,1
326,5,1,0,3,1,57.32881656163816,13853812.833524,1
326,6,1,0,2,1,266.74331785846334,12035437.905916,1
326,7,1,3,0,0,0.0,11655247.206457,0
326,8,0,1,1,3,443.38059254766233,12359873.217379,1
326,9,0,3,0,0,0.0,16033008.908141,0
326,10,0,1,1,0,0.0,13825325.872341,0
327,1,0,1,3,2,205.5890082347496,16091763.58719,1
327,2,2,2,1,1,10.02989536248474,15614447.18402,1
327,3,0,1,1,1,22.714113066992574,15313264.1771,1
327,4,1,1,4,1,176.58352479977333,16904276.95532,1
327,5,0,3,1,1,137.92633148010492,12579660.314412,1
327,6,0,0,2,2,415.7974693076585,14035631.793991,1
327,7,1,1,0,4,1358.4530376375817,14716755.155803,1
327,8,0,1,1,3,236.03715659369539,14845399.470694,1
327,9,0,1,0,3,822.0089334760029,15306629.980176,1
327,10,1,1,0,2,673.6851883348334,13261723.017706,1
328,1,1,0,1,0,0.0,14447440.280001,0
328,2,2,0,2,3,994.1374716466594,16787046.64781,1
328,3,3,2,1,0,0.0,16890660.032342,0
328,4,0,0,0,1,159.1210217921073,3975301.848241,1
328,5,1,3,0,1,443.7801031405193,14291885.396521,1
328,6,1,1,3,1,456.8411092223101,15427121.000017,1
328,7,0,2,1,0,0.0,14253854.511646,0
328,8,1,1,1,3,758.2878437385539,12750215.087856,1
328,9,2,0,1,1,312.3015788014811,14302909.304559,1
328,10,0,2,1,2,841.3461835000645,10349802.993396,1
329,1,1,1,0,1,170.1720365312252,13741009.27982,1
329,2,1,0,0,2,574.7670815383854,12366808.341511,1
329,3,1,0,3,0,0.0,13310857.465665,0
329,4,2,1,0,2,592.6564021179582,9924949.947347,1
329,5,1,0,1,2,463.8525452241332,14551833.508864,1
329,6,1,1,0,2,602.0523830671251,13489408.203182,1
329,7,0,1,0,2,434.3931107050821,13397163.734591,1
329,8,2,3,2,0,0.0,14947688.570773,0
329,9,2,1,0,0,0.0,10390812.401212,0
329,10,0,2,2,1,151.97928491901004,16310128.501974,1
330,1,1,2,1,2,678.8250423086026,12190869.158663,1
330,2,1,0,2,2,276.5754544146684,14089174.469715,1
330,3,0,0,2,1,384.18411812745455,10526680.096397,1
330,4,0,3,1,0,0.0,14567062.157746,0
330,5,1,0,2,1,243.18582727164815,16343578.946437,1
330,6,2,2,0,0,0.0,14720273.832731,0
330,7,0,2,1,3,568.7973462678037,9534178.111346,1
330,8,0,1,0,0,0.0,10032242.678694,0
330,9,0,2,1,3,269.94282430898306,14442898.442735,1
330,10,2,1,1,2,167.20517183211336,16762145.802166,1
331,1,3,0,1,0,0.0,6937687.463322,0
331,2,2,0,1,1,195.7811639609844,8168974.272344,1
331,3,1,2,1,1,360.48838631451343,15925361.4805,1
331,4,1,1,0,1,463.9962607111629,13583576.589821,1
331,5,2,0,0,1,479.6412782222855,15048079.438256,1
331,6,1,1,0,0,0.0,10054371.383261,0
331,7,2,2,1,0,0.0,12184193.376724,0
331,8,1,1,0,2,658.7780579673818,15107973.482407,1
331,9,3,0,1,1,168.566321550534,9226497.991802,1
331,10,0,3,0,2,352.03257935725185,16653400.202923,1
332,1,0,2,1,2,475.62027019601607,17460391.040562,1
332,2,0,3,0,1,353.6586106006301,9587735.671416,1
332,3,1,0,3,2,412.13746371815273,13514953.778781,1
332,4,0,0,0,1,67.77648939661556,12442782.841992,1
332,5,1,1,0,0,0.0,14247006.913293,0
332,6,1,0,2,0,0.0,15627622.613899,0
332,7,0,1,0,2,176.86640527350215,15321672.204702,1
332,8,2,0,1,0,0.0,14455768.62577,0
332,9,1,1,0,1,52.47421251703579,9520234.167033,1
332,10,3,1,0,1,213.6200142555788,15835852.335714,1
333,1,0,2,1,1,27.32620703811328,13476164.831973,1
333,2,1,1,4,1,304.0864225150433,17073326.904592,1
333,3,1,2,2,1,109.92381496134897,17353487.969976,1
333,4,2,0,2,1,435.87676765716674,13363225.593302,1
333,5,0,0,3,0,0.0,4907020.394653,0
333,6,2,2,0,1,392.9481297391361,14560411.153832,1
333,7,1,0,3,2,266.3245912182142,7269667.155636,1
333,8,1,1,2,1,406.28396564807576,15894593.71476,1
333,9,1,1,0,0,0.0,13476800.20445,0
333,10,3,1,0,4,869.2753471228161,16895251.201834,1
334,1,2,0,0,0,0.0,11280029.545341,0
334,2,2,1,1,1,188.56418626332996,15531916.314538,1
334,3,0,1,1,1,271.85408310312715,13928594.425085,1
334,4,3,2,1,0,0.0,16211662.514864,0
334,5,2,2,0,2,136.7367863046401,15164230.669941,1
334,6,2,0,3,0,0.0,15272955.344416,0
334,7,0,0,2,1,322.25494138736286,15732441.464215,1
334,8,1,4,1,2,249.78768438166998,13699179.31063,1
334,9,0,0,1,3,1093.5530142177722,10660978.753686,1
334,10,1,2,2,1,44.33217216262393,13163618.406335,1
335,1,2,0,0,0,0.0,7170859.256368,0
335,2,1,1,1,2,684.5588085940263,5742785.84294,1
335,3,3,3,0,0,0.0,16114556.779863,0
335,4,2,1,0,0,0.0,15368352.766434,0
335,5,1,0,0,2,781.0735376196646,14798878.28264,1
335,6,5,3,1,0,0.0,14076136.058778,0
335,7,1,2,1,1,48.78487375172694,13897943.080491,1
335,8,1,0,0,1,250.8780814093807,8957754.762016,1
335,9,1,1,1,2,286.3152298865737,17527122.15684,1
335,10,0,2,1,2,863.2209343729046,14095410.860144,1
336,1,0,1,1,1,378.1700206409743,12802577.088286,1
336,2,0,1,1,0,0.0,7940271.504719,0
336,3,1,1,0,1,235.8462177045044,11029769.1989,1
336,4,1,2,1,1,139.03114863133234,15203591.414986,1
336,5,5,2,0,1,98.16648526444128,12447283.737329,1
336,6,3,2,0,2,543.4838576845613,14501166.620922,1
336,7,0,0,4,1,170.34071550423414,16096470.375712,1
336,8,0,1,0,1,455.2698501657415,6510417.953018,1
336,9,0,3,1,0,0.0,12954495.17098,0
336,10,1,0,2,1,90.76612171168968,11239191.11471,1
337,1,2,0,3,0,0.0,14236762.671807,0
337,2,2,2,3,1,61.32810156658145,15757987.181265,1
337,3,0,1,2,1,38.42976306192431,11557670.32243,1
337,4,2,2,0,0,0.0,14005381.913091,0
337,5,2,0,2,2,595.3491089616115,14088115.048161,1
337,6,0,2,1,1,490.7448608575808,10741353.270279,1
337,7,1,1,3,3,948.0583117235323,17437237.785511,1
337,8,1,1,0,0,0.0,13772405.952608,0
337,9,0,0,2,0,0.0,14876456.026429,0
337,10,1,1,0,0,0.0,7939308.16157,0
338,1,0,2,0,2,620.9635216238323,10508994.04338,1
338,2,2,0,1,1,318.6121348566406,12705919.086007,1
338,3,0,1,2,2,506.53795163618037,11171018.351346,1
338,4,2,0,1,0,0.0,11515448.838022,0
338,5,2,2,0,1,218.6207412411008,12180378.863054,1
338,6,0,1,1,2,188.55563652900125,17667066.397918,1
338,7,1,0,0,2,501.1177785813086,16774042.649021,1
338,8,0,2,0,0,0.0,16054540.559961,0
338,9,2,0,3,2,762.5498645086316,14073930.029001,1
338,10,2,1,0,3,827.4587170953096,16125226.28935,1
339,1,2,1,0,2,429.2693934148699,13947227.753307,1
339,2,3,1,3,0,0.0,15958050.505167,0
339,3,2,1,0,1,254.32168166148028,14907323.656097,1
339,4,0,0,0,1,359.0284122356173,12721151.361146,1
339,5,0,1,3,2,672.4414340775671,12703569.294524,1
339,6,3,0,0,2,569.7816682088455,16791968.818148,1
339,7,1,0,0,0,0.0,12983102.800096,0
339,8,1,4,1,1,73.99318270963776,16428985.472764,1
339,9,3,1,3,0,0.0,13662598.680346,0
339,10,0,1,2,2,789.5696330178607,17018291.389581,1
340,1,1,1,2,0,0.0,13007629.751839,0
340,2,0,0,0,1,317.2071279769346,11848946.895968,1
340,3,0,0,1,2,449.15573605600343,17038292.32122,1
340,4,1,0,1,2,760.1416016137223,16813280.667289,1
340,5,1,1,1,1,44.388892909957455,13794289.148708,1
340,6,3,3,0,1,343.807090806443,14366103.612006,1
340,7,2,1,1,0,0.0,15364209.717093,0
340,8,1,1,1,0,0.0,8109177.120317,0
340,9,0,3,1,1,361.6272777855695,14185784.507217,1
340,10,2,0,1,1,96.76697674151382,15358733.821086,1
341,1,3,0,1,1,166.67674845376257,14850398.57027,1
341,2,3,2,2,0,0.0,12029709.624763,0
341,3,1,2,0,2,597.3691934774207,12583754.783732,1
341,4,0,0,0,3,1129.7541467363162,13668461.764764,1
341,5,0,2,1,1,120.67446197462525,15976329.779604,1
341,6,3,0,1,3,932.4718660996939,14051997.020289,1
341,7,3,1,1,0,0.0,14191800.50473,0
341,8,0,0,3,1,229.70602424226564,16041888.654805,1
341,9,2,0,0,1,36.04573636544232,15054350.934872,1
341,10,2,2,2,0,0.0,16600248.078679,0
342,1,0,2,1,1,428.189756319083,11547150.04488,1
342,2,1,0,2,3,738.804769956577,11509975.16414,1
342,3,1,0,0,1,106.302482363879,14451612.612822,1
342,4,1,0,2,1,328.47277549684355,16265742.490683,1
342,5,0,1,0,3,1129.2175920133595,12145930.793463,1
342,6,2,0,3,1,474.838879602282,15199818.318633,1
342,7,2,0,1,1,477.6018723512954,16598597.293412,1
342,8,1,2,3,1,204.6870157391617,13331312.47954,1
342,9,2,1,0,2,299.25282832246705,17071773.075288,1
342,10,3,2,1,1,6.890378758489174,16402658.808478,1
343,1,0,2,3,0,0.0,14355937.102949,0
343,2,1,2,0,3,851.1506461456277,15442607.635569,1
343,3,2,1,1,0,0.0,15910278.419402,0
343,4,3,2,1,0,0.0,8992346.496444,0
343,5,2,0,1,2,531.588507065381,15960116.332009,1
343,6,3,1,1,1,64.17448014637182,14880838.08439,1
343,7,0,3,0,1,26.06201349852821,11433206.707172,1
343,8,0,1,0,0,0.0,11927427.313044,0
343,9,1,0,1,0,0.0,14071182.37839,0
343,10,2,1,3,0,0.0,15720472.929896,0
344,1,0,2,1,2,399.80924683013404,12191387.946634,1
344,2,0,1,1,2,477.1399866042543,15065782.643088,1
344,3,1,1,0,2,499.9762827497352,13232642.856958,1
344,4,1,1,0,1,89.81800002426291,15408909.722979,1
344,5,1,1,1,2,187.24714464338626,11280304.22538,1
344,6,1,3,0,2,393.42908293482935,13792339.515316,1
344,7,1,2,1,3,763.7464746380202,16662247.373037,1
344,8,0,0,1,1,441.9926532035648,12818176.513387,1
344,9,0,0,0,2,839.4187673089705,16122552.576534,1
344,10,0,2,0,1,226.37764821856493,13631255.519227,1
345,1,0,2,3,0,0.0,8832831.346449,0
345,2,1,0,2,0,0.0,11819565.591135,0
345,3,1,1,1,1,385.2966012878004,14219101.611233,1
345,4,0,1,1,0,0.0,13127023.915892,0
345,5,0,1,0,2,781.1850702658633,7726018.679689,1
345,6,4,1,1,1,67.71455002377559,16714709.728903,1
345,7,0,1,1,3,593.6428555045577,14177521.240733,1
345,8,1,0,1,2,675.623762316997,12985150.32795,1
345,9,1,0,0,2,488.34627026521696,15718148.984839,1
345,10,0,2,1,3,1139.6357998758378,10607235.034094,1
346,1,2,1,0,1,176.29948722280082,15951636.283708,1
346,2,1,1,1,2,140.30095831610583,14881082.96913,1
346,3,1,0,2,2,332.5470194253984,11202247.343567,1
346,4,2,2,4,1,184.4288814661704,15623113.779505,1
346,5,1,1,1,3,882.126277859401,12917022.801901,1
346,6,1,0,1,2,769.9517887522964,12795027.569701,1
346,7,2,1,3,0,0.0,12020724.604655,0
346,8,1,0,2,2,690.2242830204489,16446000.76861,1
346,9,1,0,0,1,293.7548611985176,16457255.106468,1
346,10,1,0,1,2,763.3096753387766,15695369.839124,1
347,1,1,1,0,0,0.0,14855326.411866,0
347,2,2,0,0,1,441.744429219873,9023771.255983,1
347,3,0,1,0,5,931.5893740131726,7578414.386889,1
347,4,0,1,0,1,281.5116036177212,9626500.768876,1
347,5,2,0,1,0,0.0,9575195.181433,0
347,6,4,0,0,0,0.0,10103574.378796,0
347,7,1,1,1,1,198.84279462049625,12660423.396198,1
347,8,1,0,0,1,96.57748071483373,15747194.88853,1
347,9,0,0,4,2,383.1100963511908,11021580.272344,1
347,10,0,1,1,3,978.6139223823204,13354644.588542,1
348,1,0,1,0,1,273.452968519318,6756249.370736,1
348,2,2,1,2,1,270.7748447250826,13052027.864852,1
348,3,2,1,0,1,252.00676077117149,14803973.959174,1
348,4,1,1,1,1,339.26232598169105,10765840.084319,1
348,5,1,2,1,2,543.1913396662476,10075137.940694,1
348,6,2,1,0,3,436.01274206949944,16325897.028034,1
348,7,2,3,0,0,0.0,14412850.008156,0
348,8,1,0,0,2,362.5995629606365,15888216.229979,1
348,9,1,0,0,1,443.9128382752977,8627787.501303,1
348,10,2,0,1,0,0.0,14950099.864394,0
349,1,1,1,0,1,213.00916299998815,12931806.818848,1
349,2,0,1,1,1,286.6651986955172,12771165.107233,1
349,3,1,1,0,1,222.67391846179564,13588759.068289,1
349,4,0,0,4,2,865.530965400121,9740222.411827,1
349,5,2,0,0,2,388.0396629548595,7112951.987016,1
349,6,1,2,1,1,29.33380531264098,11059435.084324,1
349,7,1,1,0,2,617.9035648289641,16924550.350096,1
349,8,2,2,2,1,444.7871587064409,15170924.743329,1
349,9,0,3,0,1,430.2843780925112,14742023.341711,1
349,10,0,2,2,1,201.30502845052047,12970856.54111,1
350,1,3,0,0,2,389.99370982465985,16368948.618268,1
350,2,3,1,1,1,314.67370547955863,16234158.577456,1
350,3,1,0,0,1,71.63183555081604,13064778.615233,1
350,4,1,0,0,1,468.70961865304,7462485.631516,1
350,5,1,1,3,2,874.9076787926774,14936224.899822,1
350,6,0,3,0,0,0.0,14942969.299077,0
350,7,1,0,0,1,457.299917549756,10637401.683931,1
350,8,1,0,1,0,0.0,12982401.094556,0
350,9,1,1,1,1,330.2056757417181,13459667.552624,1
350,10,1,0,1,0,0.0,13536512.400201,0
351,1,0,1,1,1,116.29341457897507,9640530.206267,1
351,2,0,3,1,0,0.0,12303841.575291,0
351,3,1,0,0,2,637.9546683935785,12858939.587822,1
351,4,2,0,0,1,38.99404238024844,15017714.987491,1
351,5,1,1,1,0,0.0,14454326.271844,0
351,6,1,1,1,1,379.81032285252064,17356763.119799,1
351,7,2,2,1,1,28.064342867898223,14539110.06015,1
351,8,0,0,1,1,138.08031423533683,14825070.88906,1
351,9,0,3,0,1,273.4035236229929,9780103.617055,1
351,10,1,1,4,1,330.9693961244978,16570905.947378,1
352,1,2,0,1,1,397.2382675276278,13920768.381111,1
352,2,2,0,1,0,0.0,14325087.503641,0
352,3,1,0,1,0,0.0,14587420.54326,0
352,4,1,1,0,2,557.1663604422799,13770569.454813,1
352,5,4,0,1,2,706.8927673717492,12566819.928061,1
352,6,1,2,2,3,397.3624914315526,15279642.551177,1
352,7,1,0,1,0,0.0,17534649.343655,0
352,8,3,2,1,2,776.3571329313525,16262278.28009,1
352,9,1,1,3,0,0.0,16043923.968666,0
352,10,0,1,0,0,0.0,6412468.117173,0
353,1,0,3,1,1,270.49668540675526,9875642.134715,1
353,2,1,2,3,1,118.23449444791628,14819839.422689,1
353,3,0,1,4,0,0.0,12673257.586703,0
353,4,0,2,0,0,0.0,12529191.944769,0
353,5,1,1,2,2,809.6083613558939,12497901.118277,1
353,6,4,0,1,1,20.556904027185453,6245039.041431,1
353,7,1,1,0,2,562.3654333341489,8120376.725824,1
353,8,2,1,1,1,324.4071110599806,14063116.336215,1
353,9,1,1,0,0,0.0,13646426.075823,0
353,10,1,2,2,2,476.65637426125426,17228807.68173,1
354,1,1,0,0,2,566.2718067982102,7633830.064628,1
354,2,0,2,0,1,81.55710570279686,17338938.441937,1
354,3,1,0,2,1,383.39891581770127,14031858.845539,1
354,4,2,0,0,0,0.0,15574694.643499,0
354,5,0,2,1,1,57.90885870400378,14731037.825706,1
354,6,0,0,1,3,938.5558181300516,8243177.328492,1
354,7,0,2,0,3,329.8183449457556,16968917.668988,1
354,8,1,0,0,2,731.1275122332156,10043590.440479,1
354,9,2,0,1,0,0.0,11680919.671446,0
354,10,0,3,0,0,0.0,8503407.044156,0
355,1,0,2,0,1,172.3414643248345,10875745.219349,1
355,2,1,2,1,2,363.99812230782123,10770272.346368,1
355,3,1,0,1,1,159.49367489481563,14547069.599364,1
355,4,0,1,0,1,291.4987294168221,14425441.32397,1
355,5,1,1,1,1,483.69012350616646,15938941.852521,1
355,6,1,1,1,0,0.0,16520799.373658,0
355,7,2,0,1,0,0.0,13746567.963635,0
355,8,2,1,1,0,0.0,8780818.477908,0
355,9,2,1,1,1,242.3805316939629,15039882.995198,1
355,10,1,1,0,0,0.0,13975184.695443,0
356,1,1,1,0,1,286.439477418746,13818379.640327,1
356,2,1,2,1,1,120.16416565838276,14737346.800639,1
356,3,0,1,1,2,874.2882504559501,14241853.152925,1
356,4,1,1,2,0,0.0,15026996.830315,0
356,5,2,0,1,2,472.9942390062177,12794096.714761,1
356,6,1,1,1,1,329.06072708064687,16922781.228312,1
356,7,1,0,1,3,590.5228960796481,14217331.828441,1
356,8,2,0,1,2,248.79226090478846,9995489.810557,1
356,9,2,0,2,2,534.5636118661433,12717034.241482,1
356,10,1,0,2,0,0.0,9911015.479976,0
357,1,0,1,0,2,911.2644171110583,6440877.638611,1
357,2,0,0,1,2,246.55559775077677,11930327.080288,1
357,3,3,1,0,2,374.1726032373251,15436540.956084,1
357,4,2,1,0,0,0.0,12289528.928406,0
357,5,1,2,1,1,478.7135225802632,10629916.950488,1
357,6,1,1,1,2,440.7273162587312,11706096.684429,1
357,7,0,3,0,2,914.5166342718962,12282348.414567,1
357,8,0,1,1,1,93.380329998855,12063640.692603,1
357,9,1,4,0,4,1012.7737834358181,15675939.021802,1
357,10,0,1,3,2,533.6377245270758,13806937.479215,1
358,1,1,2,0,0,0.0,12941691.109493,0
358,2,2,1,2,1,408.0606576771668,14402040.69397,1
358,3,0,0,1,2,923.7691735667222,8311482.82006,1
358,4,1,1,0,1,154.85480985392354,12029416.804941,1
358,5,0,0,1,1,91.66299082397282,12415414.54081,1
358,6,1,0,0,2,426.2422153573325,11068285.765606,1
358,7,2,1,2,3,715.2855541178101,10504019.528051,1
358,8,3,0,1,1,141.7710924307011,12366932.475912,1
358,9,1,1,0,3,714.8265438284092,9655188.241689,1
358,10,2,1,0,1,35.03509495838605,15224631.109336,1
359,1,0,0,2,1,26.13654718233845,15483975.016553,1
359,2,0,1,0,1,218.62417426609895,11507448.810092,1
359,3,1,0,2,1,38.023165003257525,17127922.101607,1
359,4,1,3,2,2,523.6258787591679,16298361.413981,1
359,5,1,1,0,1,46.97450862195476,13574843.215468,1
359,6,0,3,1,1,92.9488536768959,12923013.399486,1
359,7,2,1,0,2,490.51261914875346,12293761.854834,1
359,8,0,2,2,2,866.4746544070363,17503967.438645,1
359,9,1,2,0,1,289.1580692218239,12723461.116591,1
359,10,1,1,1,1,483.34265372357385,12305711.123474,1
360,1,1,1,2,3,860.0758656240596,15523531.378854,1
360,2,1,0,2,2,412.31326266165064,15988785.109369,1
360,3,0,3,2,1,205.0888108743323,9881205.07282,1
360,4,1,1,2,0,0.0,13299640.625002,0
360,5,0,2,1,1,218.23435357127855,15087888.655128,1
360,6,1,0,3,2,719.6752406424204,16436031.093837,1
360,7,0,0,0,1,137.736543809927,14590484.402105,1
360,8,1,1,2,0,0.0,12499289.655544,0
360,9,1,0,2,0,0.0,14419106.533047,0
360,10,3,0,0,1,145.5812837660382,10538477.429442,1
361,1,0,1,0,0,0.0,8656550.920587,0
361,2,1,1,0,1,304.6641579698313,13164996.588772,1
361,3,0,1,0,2,705.090913546069,11852157.079295,1
361,4,2,0,1,0,0.0,13521091.358604,0
361,5,2,1,2,1,465.86825786313113,12546208.045415,1
361,6,1,3,1,0,0.0,14496970.213497,0
361,7,1,0,1,2,685.9423260676419,14614457.512395,1
361,8,3,1,1,0,0.0,16569936.215361,0
361,9,1,1,0,2,464.4285266039111,15888216.999477,1
361,10,1,1,1,0,0.0,11078935.734065,0
362,1,0,2,1,1,139.5038395696483,16018318.644462,1
362,2,0,2,2,0,0.0,15037870.804569,0
362,3,0,3,3,1,424.04273862594096,13643647.402216,1
362,4,1,0,1,1,23.74242874803661,4810228.653811,1
362,5,0,5,0,1,481.7870383430827,14596078.968223,1
362,6,0,1,2,0,0.0,14376782.28158,0
362,7,1,2,0,3,904.0725013039219,16937984.33225,1
362,8,1,2,1,3,882.2056443457893,12942633.42293,1
362,9,2,2,1,1,426.0220321839532,12334470.294877,1
362,10,1,0,1,3,868.8099938876321,6517085.068291,1
363,1,0,3,0,0,0.0,15204458.757697,0
363,2,1,2,0,0,0.0,11253024.265433,0
363,3,2,0,0,0,0.0,13195019.778018,0
363,4,1,1,1,0,0.0,5819021.099969,0
363,5,0,0,1,0,0.0,8854572.301339,0
363,6,2,1,0,3,1078.855056720968,9584361.547774,1
363,7,0,1,0,2,169.9015900089405,16396947.07628,1
363,8,0,2,2,0,0.0,10336631.822344,0
363,9,3,0,2,0,0.0,14682087.57728,0
363,10,3,1,1,0,0.0,11186569.438795,0
364,1,3,4,0,0,0.0,14672371.981954,0
364,2,2,2,1,2,801.4511161752012,12939083.130603,1
364,3,0,2,2,2,601.4609482244003,12546502.605918,1
364,4,1,1,0,0,0.0,11262250.415897,0
364,5,0,2,2,3,839.9486741769167,16732056.778663,1
364,6,2,0,0,2,348.851331470471,13866322.68904,1
364,7,0,2,1,2,665.2313305898879,12814765.913173,1
364,8,2,1,0,3,735.409859169965,13328959.144934,1
364,9,0,0,3,2,505.21766324757675,15002954.137608,1
364,10,0,1,0,2,188.4603076040329,14494552.002697,1
365,1,1,1,3,0,0.0,15651285.026216,0
365,2,0,0,2,2,354.54512832099147,11782830.929014,1
365,3,0,0,0,1,139.61833769305014,10825104.803197,1
365,4,0,1,2,2,678.7265110966225,10314945.474826,1
365,5,0,2,0,1,121.21346664801136,14234438.511325,1
365,6,1,1,5,2,215.00119659892889,16668525.651611,1
365,7,1,0,0,1,446.8880562972969,2958637.965156,1
365,8,1,2,0,0,0.0,14364661.227075,0
365,9,2,1,0,0,0.0,9311069.453353,0
365,10,0,1,2,3,584.5968442758187,15046675.98601,1
366,1,1,2,1,0,0.0,14976983.915179,0
366,2,0,2,0,0,0.0,6205819.432711,0
366,3,1,0,0,1,309.7900632736492,3317494.435304,1
366,4,1,4,1,0,0.0,12269987.185328,0
366,5,2,0,2,2,615.0710517538129,16558387.541776,1
366,6,0,2,2,2,599.7797222005086,16230969.951805,1
366,7,0,2,2,2,297.86954215572547,15347689.262854,1
366,8,0,1,1,1,121.25512713028608,14372736.675664,1
366,9,3,1,1,1,238.59479670103605,16498903.77751,1
366,10,1,2,1,1,17.044151363926584,16744678.714016,1
367,1,1,2,2,1,291.47388159069214,16372069.573852,1
367,2,1,0,1,0,0.0,14689764.046298,0
367,3,1,1,1,0,0.0,13763411.518823,0
367,4,0,0,2,2,472.0590697157118,9986368.448913,1
367,5,0,0,1,1,82.23293838442696,16191688.936996,1
367,6,0,2,0,1,390.1629018702454,10921387.223021,1
367,7,1,1,0,0,0.0,9570605.469612,0
367,8,2,0,0,1,64.46307327537804,8065551.056838,1
367,9,0,2,1,1,389.5485483170599,16554903.819527,1
367,10,0,2,1,4,862.9931526624155,15099920.028196,1
368,1,0,1,2,1,185.0647911122188,15279673.548302,1
368,2,2,0,2,1,140.86817304432768,15926137.874425,1
368,3,2,2,1,0,0.0,15122569.137671,0
368,4,0,2,1,0,0.0,6444042.635155,0
368,5,1,1,0,1,107.52852017433408,16652801.325577,1
368,6,1,1,3,0,0.0,16808926.312171,0
368,7,2,3,1,1,383.4841658479904,14670096.738814,1
368,8,0,1,2,1,334.0379310127559,13304806.786691,1
368,9,1,2,1,0,0.0,3601346.204965,0
368,10,1,0,2,0,0.0,12652280.162328,0
369,1,1,0,1,0,0.0,10249012.091996,0
369,2,1,1,1,1,276.6732737602151,11418696.893007,1
369,3,0,2,1,0,0.0,12737716.695561,0
369,4,1,0,1,2,477.42851127975587,11032419.598781,1
369,5,0,1,0,1,473.3016622456024,13638502.716988,1
369,6,1,0,1,1,450.7681479769506,7029252.127156,1
369,7,2,3,0,0,0.0,16140558.44915,0
369,8,2,3,0,1,223.0875232116126,14609768.799629,1
369,9,2,1,1,2,335.7876578641266,7294366.545087,1
369,10,1,1,0,1,348.46611597467444,16124923.693779,1
370,1,0,0,1,1,29.913765268188968,13901975.868164,1
370,2,2,1,0,2,772.2015404029241,14935572.640244,1
370,3,1,2,3,0,0.0,13326089.824287,0
370,4,0,2,1,0,0.0,10262898.142766,0
370,5,1,1,0,1,224.9414586026663,11486573.01192,1
370,6,1,1,3,2,514.0905602436685,17225492.284753,1
370,7,2,1,0,0,0.0,6100041.047226,0
370,8,0,1,2,1,355.7906438591793,10583395.500129,1
370,9,1,1,3,1,471.01295913456033,14773859.533143,1
370,10,1,0,0,2,365.18896499293083,8340925.762836,1
371,1,0,0,3,2,329.03038491453407,16283505.074765,1
371,2,1,1,0,2,604.08095317327,13213448.15075,1
371,3,0,2,0,2,704.7477557550042,12716425.715969,1
371,4,1,0,2,2,275.0101163291306,11911963.738389,1
371,5,2,1,1,2,714.5558142095442,12453664.266108,1
371,6,1,0,2,1,341.5398107557077,7197523.254795,1
371,7,0,1,2,1,205.33309683235368,13079242.584424,1
371,8,1,0,5,0,0.0,12312174.058478,0
371,9,1,3,1,3,809.6945442040005,14357760.543542,1
371,10,3,1,2,1,309.45228913536795,13298695.595402,1
372,1,1,1,4,0,0.0,15211747.837868,0
372,2,2,3,1,0,0.0,15956076.117229,0
372,3,1,2,1,2,749.9192875545581,16652498.804829,1
372,4,0,3,1,1,356.33980992893214,9671662.953539,1
372,5,0,0,1,1,356.9193741011979,10103365.687271,1
372,6,1,1,1,0,0.0,14547641.69757,0
372,7,1,1,1,0,0.0,14726783.325112,0
372,8,1,2,2,1,90.50422682621142,13763363.770263,1
372,9,5,0,0,1,278.6893924240207,14937609.637162,1
372,10,0,1,1,3,829.8833932297241,11541506.436023,1
373,1,2,1,2,1,494.4726873227871,17588735.291412,1
373,2,0,2,0,2,486.57733092914816,13837220.970717,1
373,3,1,2,1,0,0.0,13725966.726064,0
373,4,1,3,0,2,283.89542398199933,13926419.815363,1
373,5,0,1,4,1,9.560430423577737,16999251.697146,1
373,6,1,2,3,1,470.5234575949353,12333030.619859,1
373,7,0,0,0,2,489.59926988858115,11278288.803036,1
373,8,1,2,2,0,0.0,12199693.088948,0
373,9,1,0,1,2,375.517700155168,16413882.885877,1
373,10,0,1,1,3,1202.4312108882016,10263705.865171,1
374,1,1,1,1,1,193.6084262148901,13750455.835359,1
374,2,1,0,1,2,170.40044579385278,15719951.685023,1
374,3,1,3,0,0,0.0,12699429.151309,0
374,4,3,1,0,2,333.6880922628649,16194488.564297,1
374,5,1,1,1,0,0.0,15709288.809984,0
374,6,0,0,1,1,27.222049365942585,7197007.521144,1
374,7,0,1,0,0,0.0,15470118.811167,0
374,8,2,0,2,2,573.3546422496356,13580482.767863,1
374,9,3,0,1,1,177.52924216258572,13144408.218853,1
374,10,0,1,1,1,251.8868438800447,12330482.893523,1
375,1,1,1,1,0,0.0,15291882.58183,0
375,2,0,2,2,1,140.45532704096206,15860912.751404,1
375,3,0,1,1,3,182.22427271538498,9202871.876188,1
375,4,1,2,1,1,481.4231496178741,16739526.228056,1
375,5,0,0,3,0,0.0,16618861.091162,0
375,6,2,0,0,0,0.0,12958379.699562,0
375,7,0,2,2,0,0.0,9500216.92712,0
375,8,1,2,2,1,403.1668236758873,15727444.207337,1
375,9,2,1,0,0,0.0,13764864.0449,0
375,10,2,1,1,2,475.0660261904717,15206018.120961,1
376,1,1,0,2,0,0.0,13230153.826734,0
376,2,1,2,0,1,259.55979544026,15533214.923231,1
376,3,1,0,3,1,339.95081400319367,12804247.976494,1
376,4,1,1,0,0,0.0,15984945.166353,0
376,5,2,0,1,0,0.0,12778113.862588,0
376,6,1,1,2,1,160.16374867768994,14732618.830338,1
376,7,1,1,2,2,81.43606789902135,15621977.5233,1
376,8,0,1,2,1,411.79012021787264,6767518.582871,1
376,9,3,2,1,2,454.377393501924,14049230.050087,1
376,10,0,3,0,2,451.3147870350413,11004044.430152,1
377,1,0,1,3,0,0.0,16636376.416994,0
377,2,1,1,1,0,0.0,13389191.435744,0
377,3,1,1,1,1,389.0008699998338,15770499.338659,1
377,4,2,1,3,1,67.93921663273896,16728239.906559,1
377,5,0,1,2,1,53.44788447976485,15442406.96316,1
377,6,0,0,1,3,1186.2063144591777,16185666.164236,1
377,7,2,1,0,1,498.2887923384888,11600798.316059,1
377,8,1,1,1,0,0.0,11206829.662936,0
377,9,1,3,1,0,0.0,9940764.484738,0
377,10,2,2,0,1,52.71650356897198,16833730.554953,1
378,1,1,0,2,1,302.714430279402,13067047.419407,1
378,2,0,0,0,3,575.389653429715,14307595.720265,1
378,3,0,0,0,2,603.1477000748844,11955860.371947,1
378,4,0,2,2,3,835.4654982043032,17019439.04043,1
378,5,0,1,2,1,341.581165117934,14553288.031446,1
378,6,3,1,1,1,338.5690565962452,8490915.1337,1
378,7,2,1,0,3,1013.2392253860339,10242635.474022,1
378,8,3,3,0,0,0.0,16214056.955346,0
378,9,2,0,2,2,440.9744138368151,8073090.0765,1
378,10,1,0,2,2,576.0407134965408,15150251.713515,1
379,1,3,1,0,3,937.5395479186947,13383054.432997,1
379,2,1,1,0,1,192.1194035546618,10702523.948667,1
379,3,0,0,1,1,451.9547052858836,13634466.069347,1
379,4,1,0,2,1,143.80358227769287,8218421.974109,1
379,5,1,0,1,1,108.33167223567412,12159724.758111,1
379,6,1,2,1,1,180.50214408089144,12613068.154828,1
379,7,1,1,1,3,642.2893151295432,12296422.133958,1
379,8,1,2,2,2,748.5961975028653,14216925.540049,1
379,9,1,1,1,1,281.30858360425674,16577737.961134,1
379,10,0,1,2,0,0.0,13491324.232394,0
380,1,0,2,1,1,68.25674384112313,10602708.483108,1
380,2,1,1,2,1,279.19285389898,12954773.760105,1
380,3,2,1,0,1,139.7004673696837,15196342.768604,1
380,4,0,1,1,0,0.0,10546805.179424,0
380,5,1,0,0,2,621.9385109700997,14997979.418713,1
380,6,2,0,3,0,0.0,16816551.234108,0
380,7,0,1,3,2,421.25110415754693,12638155.663847,1
380,8,2,1,2,1,405.4452913347758,15771015.115008,1
380,9,1,1,2,0,0.0,17466779.803713,0
380,10,1,1,1,0,0.0,11985578.545844,0
381,1,0,1,1,1,192.52940976195669,14680170.327228,1
381,2,2,1,1,4,1007.6052475320863,13347567.261888,1
381,3,1,2,0,1,128.3865735491583,16423531.597759,1
381,4,2,0,0,3,475.0918721441865,11615687.365066,1
381,5,1,2,1,1,157.53098143378455,14257249.321444,1
381,6,1,2,2,0,0.0,13008063.215029,0
381,7,1,2,1,1,362.1241518580041,16817277.356718,1
381,8,1,1,1,2,667.5059585007964,17356465.737857,1
381,9,3,0,0,0,0.0,13777441.865896,0
381,10,2,3,0,2,889.2979441235757,10648883.17837,1
382,1,0,2,1,0,0.0,11330395.698701,0
382,2,0,3,2,3,742.8274527128126,16179219.030584,1
382,3,0,0,0,0,0.0,13306442.643867,0
382,4,1,0,2,1,368.1539722441469,16186477.751061,1
382,5,3,2,1,1,280.4650012842514,15960342.494919,1
382,6,0,1,1,0,0.0,9372808.779401,0
382,7,3,0,0,2,637.7684855691375,15834870.712961,1
382,8,2,0,3,1,399.8333983290541,16241788.102923,1
382,9,1,2,0,1,495.183028156863,7852764.557986,1
382,10,0,2,3,0,0.0,13009772.741934,0
383,1,1,1,0,2,544.946012202683,11812657.998854,1
383,2,2,0,0,0,0.0,15905671.286455,0
383,3,3,0,0,2,97.05663634771405,14864397.981445,1
383,4,1,2,0,2,297.060412344651,7944158.599656,1
383,5,0,1,1,3,600.5001653474519,12742715.565109,1
383,6,1,0,1,0,0.0,13705159.84296,0
383,7,0,1,2,0,0.0,16749084.598749,0
383,8,0,1,0,1,31.429601692884024,13138913.361606,1
383,9,1,1,2,1,328.583114339897,15526886.959733,1
383,10,1,0,0,1,459.7384729003927,13825704.567027,1
384,1,3,0,2,1,61.115580075545424,15989158.354342,1
384,2,0,0,3,0,0.0,7344905.466718,0
384,3,1,1,3,1,264.57415432369834,13837179.553384,1
384,4,1,2,1,3,669.9959352302405,13744960.437193,1
384,5,1,3,2,0,0.0,16201010.629603,0
384,6,1,3,2,0,0.0,10054717.14676,0
384,7,0,0,1,1,59.72307771702465,13738680.752989,1
384,8,1,1,3,1,395.7603638586681,13745311.021284,1
384,9,2,1,0,2,396.0631138694257,14373504.53749,1
384,10,0,4,2,0,0.0,16982570.583064,0
385,1,1,2,1,2,791.4158512333677,13125447.567681,1
385,2,0,0,2,0,0.0,12604466.062729,0
385,3,1,1,1,2,506.1063311624838,14691567.02964,1
385,4,0,2,1,1,260.00515919224824,15542156.70469,1
385,5,1,3,1,2,427.08837818034107,13044766.751976,1
385,6,2,0,1,4,737.3640711216872,17032441.692599,1
385,7,2,0,2,3,1054.029198597381,16498152.347393,1
385,8,1,3,1,1,11.045451418532789,17208296.587459,1
385,9,1,0,2,0,0.0,16495213.469842,0
385,10,1,1,1,0,0.0,12454318.158632,0
386,1,1,1,1,1,128.87572536101027,12257126.078276,1
386,2,0,3,2,1,431.6749479947438,16207305.103202,1
386,3,1,0,1,0,0.0,14582422.490825,0
386,4,3,0,0,1,432.9224813292906,15201083.691564,1
386,5,1,1,0,3,434.9782085493918,11862856.129885,1
386,6,0,1,1,2,363.3496004754236,15573704.534283,1
386,7,1,0,3,0,0.0,16813226.543684,0
386,8,2,1,0,3,692.3067459273918,12952147.069419,1
386,9,0,0,3,3,766.3488517421641,15615564.260328,1
386,10,0,1,1,1,26.007404755696825,11107047.87693,1
387,1,1,1,2,1,33.22359056278067,15783419.118413,1
387,2,0,1,2,2,831.3634300251836,16199542.296812,1
387,3,1,0,0,2,709.0745910176779,6731697.425749,1
387,4,2,0,0,2,670.3629976886713,11656128.130128,1
387,5,0,1,1,1,486.0785757179028,8556603.704089,1
387,6,1,1,1,1,72.66646939588756,7909866.939006,1
387,7,1,3,0,2,625.2463062202509,16254347.426508,1
387,8,0,1,1,2,179.4726307619439,14311146.463612,1
387,9,2,2,0,1,157.6545557340832,14217074.331778,1
387,10,2,0,1,0,0.0,12686695.346167,0
388,1,0,0,1,1,465.2223303673106,12989487.12834,1
388,2,1,2,1,1,140.7087803946374,11331811.703927,1
388,3,0,1,1,2,452.53161164563755,13638613.232194,1
388,4,0,3,0,1,325.7776208225057,14850764.43385,1
388,5,0,2,2,2,649.002004783335,15702977.33017,1
388,6,3,2,1,1,166.44956632493117,16478765.902075,1
388,7,1,1,0,1,45.91129527418945,14554019.702338,1
388,8,0,3,0,1,266.3362566607963,14416501.631441,1
388,9,1,1,1,1,121.42195234709672,10327397.932822,1
388,10,1,1,1,1,491.11753113811545,15058388.487327,1
389,1,2,3,2,0,0.0,14316789.594633,0
389,2,0,1,0,4,909.3781969137424,10985712.427846,1
389,3,1,3,2,0,0.0,15957080.397644,0
389,4,0,0,1,5,1179.836722107154,12038859.670775,1
389,5,1,2,5,1,404.6633151960092,13107978.424875,1
389,6,0,2,1,0,0.0,15479253.213261,0
389,7,1,1,0,0,0.0,12931892.907169,0
389,8,0,3,2,0,0.0,15922658.346337,0
389,9,2,0,1,2,560.3140108327177,11044676.452347,1
389,10,2,0,2,3,748.1306031216227,17091385.093471,1
390,1,0,1,4,0,0.0,15737047.345668,0
390,2,1,1,0,3,595.8366705287085,15975225.337772,1
390,3,0,1,4,1,496.8300876900835,16564546.099698,1
390,4,1,2,0,1,489.4502323225636,13937336.576751,1
390,5,2,0,1,1,121.17360840635168,15099908.850905,1
390,6,1,0,0,2,300.96103724999887,13408242.240488,1
390,7,1,2,1,1,498.6099971686731,16033398.611809,1
390,8,0,3,1,0,0.0,17561426.300826,0
390,9,1,0,1,2,874.7996008791814,11186593.625823,1
390,10,2,1,0,0,0.0,15121860.74674,0
391,1,1,5,1,0,0.0,13909608.463034,0
391,2,1,0,3,2,855.3454213457079,15082054.142411,1
391,3,1,1,0,1,251.6602978515264,13545554.713884,1
391,4,1,2,1,1,469.3323593791201,10549060.783807,1
391,5,0,2,1,0,0.0,10874877.289005,0
391,6,0,0,5,0,0.0,16885167.772973,0
391,7,2,0,2,0,0.0,11243485.824163,0
391,8,0,1,2,1,170.43048350143195,13754509.348524,1
391,9,0,0,2,1,288.0584422415816,10671515.596726,1
391,10,0,1,0,2,511.43395752617886,16640212.678172,1
392,1,1,2,1,0,0.0,12137652.528809,0
392,2,1,2,3,1,251.62217256078395,9868010.179341,1
392,3,0,1,1,0,0.0,6723837.705528,0
392,4,1,0,1,1,125.06644685632668,14237754.127607,1
392,5,0,2,1,0,0.0,10956821.678169,0
392,6,2,0,3,1,249.57192776504,15973143.764481,1
392,7,1,2,3,0,0.0,16809614.301733,0
392,8,4,1,2,0,0.0,11242980.061556,0
392,9,2,1,1,0,0.0,11591380.000186,0
392,10,0,0,0,1,490.0186295929426,5734979.878832,1
393,1,0,0,1,3,799.4999926880632,12163803.179077,1
393,2,0,1,1,2,629.5567866220267,15246973.653121,1
393,3,1,2,0,1,413.7369265459943,5555747.328136,1
393,4,1,2,2,0,0.0,16455714.222068,0
393,5,1,2,0,0,0.0,10838075.04819,0
393,6,0,4,2,1,441.0833179670185,16324208.145698,1
393,7,1,1,1,4,855.021627099323,13893954.46104,1
393,8,3,0,2,0,0.0,13280278.774639,0
393,9,1,2,1,1,462.362152783267,13322708.495181,1
393,10,2,1,0,0,0.0,14066799.560577,0
394,1,1,2,1,0,0.0,12163623.37844,0
394,2,0,3,2,0,0.0,5154710.33374,0
394,3,1,2,1,1,180.3351045503919,16073272.829173,1
394,4,1,0,0,1,410.0636544884672,3935543.138935,1
394,5,1,2,0,1,441.4927116778326,15319204.605932,1
394,6,1,2,0,1,22.470766069299764,11938199.312139,1
394,7,1,2,2,0,0.0,16364262.181423,0
394,8,1,2,0,0,0.0,13252818.568666,0
394,9,0,0,0,0,0.0,13243514.107734,0
394,10,0,2,3,2,631.8797836539966,14811759.91461,1
395,1,2,1,2,0,0.0,8733179.38899,0
395,2,2,0,0,1,457.34997327432455,13451090.657811,1
395,3,2,0,1,0,0.0,13183249.757322,0
395,4,1,1,2,2,527.017437802117,9934994.625523,1
395,5,1,1,1,3,562.8325666401395,15742254.640436,1
395,6,2,2,1,2,572.0148714023267,15388496.448541,1
395,7,2,1,0,2,344.5322231600884,12370393.390326,1
395,8,1,1,1,0,0.0,16047839.061998,0
395,9,1,0,2,2,632.5390707198754,14456333.433003,1
395,10,0,3,2,0,0.0,12170933.544481,0
396,1,0,2,3,2,635.4101268225181,17045225.52285,1
396,2,0,1,1,2,486.76980041758,12512106.412541,1
396,3,1,0,1,1,361.1454830139036,16649466.411605,1
396,4,0,3,2,0,0.0,14812167.896887,0
396,5,0,0,1,0,0.0,9683135.007773,0
396,6,1,3,0,1,190.2348401867654,15028618.478821,1
396,7,0,2,1,1,377.0064579433104,16384276.800963,1
396,8,0,3,1,2,571.8314026993253,15838869.211201,1
396,9,1,0,0,1,269.5306994068386,15271238.572554,1
396,10,1,1,2,1,350.10997641190534,15186551.7955,1
397,1,0,2,1,0,0.0,17475169.629434,0
397,2,2,0,2,0,0.0,16819710.624016,0
397,3,0,2,0,2,540.1082815001224,16571849.114413,1
397,4,1,1,2,0,0.0,6873000.801309,0
397,5,2,0,1,0,0.0,14333606.832285,0
397,6,0,2,2,1,227.02629945726835,17102710.148572,1
397,7,0,2,1,2,241.5073893274428,14958642.530381,1
397,8,0,2,1,1,77.34929800618391,13823950.400594,1
397,9,1,0,2,1,60.93115462059135,16851319.367226,1
397,10,0,0,2,1,494.8407657337244,7583439.615354,1
398,1,2,1,1,1,147.96610621542837,12079274.434331,1
398,2,1,0,0,2,620.2816096779368,12073502.397434,1
398,3,1,0,1,2,393.92360482130834,15763346.046996,1
398,4,0,1,0,2,542.382317646947,16798327.122102,1
398,5,2,1,0,0,0.0,13088053.256151,0
398,6,1,1,0,0,0.0,7703224.122294,0
398,7,0,1,5,1,108.26705607617,13381070.911088,1
398,8,0,0,0,0,0.0,9560585.6148,0
398,9,1,2,1,0,0.0,14625176.082233,0
398,10,2,0,0,2,365.88795436942326,14316473.742524,1
399,1,1,0,2,0,0.0,11920284.891723,0
399,2,3,1,0,0,0.0,10820655.432386,0
399,3,2,0,3,0,0.0,15854349.500043,0
399,4,1,0,0,2,747.9065277286286,16699203.838213,1
399,5,1,1,1,1,300.29764359132486,2896779.682702,1
399,6,3,1,2,1,161.04343761533966,11627203.268947,1
399,7,3,1,1,3,996.002240745311,15135605.29155,1
399,8,1,4,0,2,525.9467760276893,14285184.448501,1
399,9,0,1,1,1,173.22443087595676,15888285.288912,1
399,10,2,0,1,0,0.0,15744130.639945,0
400,1,2,0,0,0,0.0,9259785.45934,0
400,2,0,1,1,2,537.0505977219668,11714676.440762,1
400,3,1,1,0,1,148.97077394159004,7700955.449975,1
400,4,2,0,1,2,803.9350514838665,5940045.99791,1
400,5,2,2,0,3,841.8967910739877,10820615.13133,1
400,6,2,1,2,0,0.0,15821949.069132,0
400,7,0,0,2,0,0.0,12625301.38704,0
400,8,1,1,0,1,321.70770190003714,10211449.611146,1
400,9,1,2,1,3,747.290609703849,13387296.877408,1
400,10,1,1,0,1,237.10048980681248,15084930.381741,1
401,1,0,0,1,1,17.483590731054516,13859723.028869,1
401,2,2,2,1,2,861.1249357338737,16328401.423756,1
401,3,2,1,1,2,542.7756588775078,11165763.890452,1
401,4,1,2,0,0,0.0,15786664.269214,0
401,5,2,1,2,0,0.0,16739399.316528,0
401,6,1,1,3,0,0.0,13608861.873981,0
401,7,2,0,0,2,770.4656466535207,15223616.541235,1
401,8,2,1,1,1,457.1674616684875,9184292.338551,1
401,9,2,0,0,2,501.2742221192953,15626160.896515,1
401,10,2,0,1,0,0.0,4417478.038171,0
402,1,1,0,2,1,425.7563079637671,8494846.356842,1
402,2,2,0,1,2,938.1697787787415,15342601.537473,1
402,3,1,4,1,0,0.0,15045167.309022,0
402,4,3,1,2,1,296.32206124664543,10000201.656514,1
402,5,0,0,1,2,391.1757244925915,12443570.546714,1
402,6,3,2,0,0,0.0,12019108.338371,0
402,7,3,0,0,0,0.0,9581542.081529,0
402,8,2,1,1,0,0.0,15085395.152236,0
402,9,1,1,0,1,239.63155014338253,12124015.22803,1
402,10,2,2,3,0,0.0,14676466.501913,0
403,1,0,0,3,0,0.0,16180538.233279,0
403,2,1,0,2,1,355.25470731140126,14214212.349143,1
403,3,1,1,1,0,0.0,15998877.705924,0
403,4,1,3,0,2,661.5450152353866,14934676.594656,1
403,5,0,1,0,1,33.0731113913185,13753563.523139,1
403,6,5,1,2,1,10.841549034771925,13036270.668166,1
403,7,3,2,2,0,0.0,11715622.83286,0
403,8,1,1,1,1,336.8286236539834,6812609.437882,1
403,9,1,1,2,1,377.94990938102336,13709331.523791,1
403,10,1,0,1,0,0.0,13519330.839889,0
404,1,4,1,0,1,316.50183491777545,14535339.4126,1
404,2,0,3,1,1,92.24735361120266,16858732.03455,1
404,3,1,1,0,1,122.6049109593414,17453702.440078,1
404,4,2,2,1,0,0.0,14585144.543762,0
404,5,1,2,2,0,0.0,12536808.919983,0
404,6,0,2,0,2,440.9129867676215,8630074.034284,1
404,7,3,2,1,2,86.11532838775268,12193894.225695,1
404,8,1,2,1,0,0.0,8490108.202926,0
404,9,2,3,1,0,0.0,13154866.899615,0
404,10,2,0,3,1,469.0887149815336,16088521.828873,1
405,1,1,1,0,2,492.286145214919,14991488.018905,1
405,2,1,1,2,0,0.0,13987114.742436,0
405,3,2,1,1,0,0.0,13903706.489104,0
405,4,0,1,2,0,0.0,14198193.216311,0
405,5,1,3,1,3,231.18647829609975,14298358.858904,1
405,6,3,0,0,0,0.0,9439835.027556,0
405,7,1,1,2,1,141.52461608382157,13456414.763882,1
405,8,0,2,1,3,1136.555652433139,16449954.09546,1
405,9,0,0,1,2,806.6655053913338,16063898.459399,1
405,10,0,3,2,3,665.3594332091877,14646420.635257,1
406,1,2,0,0,0,0.0,13469810.437662,0
406,2,0,2,2,1,370.36425870261337,6899168.380947,1
406,3,0,1,2,1,300.3864161905189,13135552.635921,1
406,4,0,3,1,0,0.0,17033955.155619,0
406,5,0,3,2,0,0.0,10195176.437684,0
406,6,0,1,2,1,139.3842387813929,12382785.642036,1
406,7,2,0,2,0,0.0,15377867.234373,0
406,8,3,0,0,1,41.52367901394313,13995776.573975,1
406,9,1,1,2,0,0.0,17038469.860558,0
406,10,1,0,1,0,0.0,14695887.092453,0
407,1,3,1,3,0,0.0,16475953.334935,0
407,2,0,7,0,0,0.0,11286271.626272,0
407,3,1,1,0,0,0.0,14310470.607249,0
407,4,4,1,2,2,895.3827345595046,15003236.097209,1
407,5,1,1,1,0,0.0,14993274.996942,0
407,6,1,2,1,3,757.2218715671073,17104981.925164,1
407,7,2,2,1,0,0.0,11351070.731911,0
407,8,1,2,1,2,463.0128978752433,13535616.090946,1
407,9,1,1,1,1,384.1477881005201,10975017.557921,1
407,10,0,0,1,2,760.0910574973733,9268099.511677,1
408,1,0,0,1,0,0.0,14622104.321177,0
408,2,0,1,0,0,0.0,12249341.465211,0
408,3,4,0,0,2,510.77387388641995,14293229.125549,1
408,4,0,1,1,2,886.3643740908283,12698965.405668,1
408,5,1,0,1,0,0.0,14362037.692706,0
408,6,2,1,2,0,0.0,15702546.280696,0
408,7,3,3,0,2,281.5398985622118,14378532.129525,1
408,8,0,1,1,2,421.5317631710749,13101869.292245,1
408,9,3,1,1,0,0.0,11640594.707591,0
408,10,1,1,1,0,0.0,11266710.366348,0
409,1,1,1,0,1,165.5366545985766,14631909.590176,1
409,2,0,3,0,1,314.8994782576404,9984249.337778,1
409,3,1,3,1,3,830.0076346592783,15547321.871703,1
409,4,1,0,2,2,730.2871958837434,14721170.502536,1
409,5,0,0,1,1,231.86090307371376,8196618.896619,1
409,6,1,0,0,2,602.3796445783375,11727630.936989,1
409,7,0,0,3,1,375.1989258353089,13824082.058112,1
409,8,1,4,0,1,268.7799613869384,13138400.874107,1
409,9,2,0,1,0,0.0,14926529.343267,0
409,10,1,2,2,0,0.0,14609761.405282,0
410,1,0,1,3,2,163.3954315055952,15863374.134861,1
410,2,2,1,0,0,0.0,5988917.24941,0
410,3,1,0,1,2,498.42744900376135,11791951.461317,1
410,4,4,2,1,0,0.0,17330479.566489,0
410,5,0,2,3,2,810.2898845306834,14361634.228658,1
410,6,3,2,2,1,357.845745229764,13628604.724121,1
410,7,2,1,1,1,6.004631986651964,16279432.227588,1
410,8,2,2,1,0,0.0,13449473.827255,0
410,9,2,0,3,0,0.0,10696916.458922,0
410,10,1,1,0,0,0.0,14501825.062806,0
411,1,1,0,0,0,0.0,12278032.199086,0
411,2,2,0,1,0,0.0,13764075.077839,0
411,3,0,1,1,1,471.600238164048,12592704.879237,1
411,4,0,1,1,1,269.419765081027,10900890.274813,1
411,5,2,0,0,1,15.690214104808486,13754220.203193,1
411,6,0,2,1,2,736.3714655523938,15409138.878872,1
411,7,1,1,2,0,0.0,13261974.187658,0
411,8,2,1,2,1,297.60980657765606,16189285.519607,1
411,9,2,1,4,0,0.0,17250034.304081,0
411,10,0,1,0,3,679.2832710914303,11558199.106065,1
412,1,0,2,1,1,237.8297784974109,12102463.773872,1
412,2,2,1,1,1,449.23189332748206,13822023.588324,1
412,3,2,1,1,2,206.3200167753618,15537293.980584,1
412,4,0,0,2,3,694.4966898820628,16883439.476028,1
412,5,0,2,1,0,0.0,14484379.876512,0
412,6,1,2,1,1,468.3370465153792,13919417.812979,1
412,7,2,2,2,0,0.0,15208268.603087,0
412,8,1,0,1,3,584.2097616392937,15227776.383667,1
412,9,2,1,0,0,0.0,11903151.711892,0
412,10,2,2,0,2,415.822027504676,10190082.551278,1
413,1,1,0,1,1,221.592536967994,13697787.87083,1
413,2,1,0,1,1,149.36866291591278,13058969.940076,1
413,3,3,2,1,0,0.0,13927098.361634,0
413,4,4,1,1,2,833.5601297091439,16254124.963647,1
413,5,3,1,3,2,457.8544330585696,15030192.849445,1
413,6,0,0,1,2,867.3660792374683,14800292.762192,1
413,7,1,2,0,1,230.74447111803264,14395484.933539,1
413,8,1,1,1,0,0.0,10281376.25704,0
413,9,2,0,2,1,449.0141644826487,14771835.128538,1
413,10,0,0,0,0,0.0,11081978.170173,0
414,1,2,1,0,1,291.00244245251383,13675505.57508,1
414,2,1,1,2,4,1120.0124110854522,13478815.691744,1
414,3,0,0,1,3,1081.2461565650563,17276955.910873,1
414,4,2,0,0,0,0.0,13044455.621308,0
414,5,0,0,2,1,418.5514612819316,15671403.711461,1
414,6,1,4,2,1,104.01886717644756,11665039.95292,1
414,7,1,0,1,0,0.0,14968412.249351,0
414,8,0,1,1,3,106.07448098127215,15695071.03614,1
414,9,1,2,1,1,186.71458584419997,13545899.06329,1
414,10,4,0,0,2,951.1264598645446,14882172.496235,1
415,1,2,2,2,1,218.69452179793524,14935809.74613,1
415,2,1,1,0,0,0.0,10571107.54467,0
415,3,0,2,0,3,1054.8059339183098,10506074.773849,1
415,4,1,0,2,1,415.4490072139152,15903991.857797,1
415,5,1,0,0,1,35.75618843138358,9236933.083661,1
415,6,2,1,0,1,424.10282616913366,15136085.249509,1
415,7,0,1,3,2,668.5138202546451,14838733.253633,1
415,8,2,3,2,0,0.0,12120237.987106,0
415,9,1,0,0,2,224.26689294251796,15240433.860639,1
415,10,0,3,0,2,430.0208231976072,8806657.773383,1
416,1,1,2,3,1,437.4324813123589,10673089.229115,1
416,2,0,2,0,3,1186.4727437579309,15254816.063975,1
416,3,1,0,1,2,298.23126239270584,15257806.540489,1
416,4,1,1,0,2,517.5864297873118,15549055.746936,1
416,5,3,1,2,1,91.24451298322424,14345859.987463,1
416,6,1,3,0,1,440.13565774018105,13115145.58786,1
416,7,2,1,2,2,255.18261372828783,13240837.848018,1
416,8,1,0,0,3,479.1045002646464,15761708.615432,1
416,9,0,1,0,2,631.1060166266619,16903859.822786,1
416,10,0,0,2,2,435.28454027903456,14057988.139244,1
417,1,0,2,1,3,1041.9196383265878,16028558.856861,1
417,2,0,2,2,2,534.8852576664138,13890186.574662,1
417,3,0,2,0,1,417.8884064627738,16382295.758036,1
417,4,2,1,1,1,153.99448032737678,15565509.448459,1
417,5,0,1,2,1,460.4549963411421,13305795.782319,1
417,6,1,1,3,0,0.0,15797088.273942,0
417,7,2,2,1,3,613.3293673495011,16164483.032059,1
417,8,0,1,3,2,539.0100766023198,17401001.971855,1
417,9,4,1,1,0,0.0,12478664.890353,0
417,10,0,0,1,0,0.0,15487936.416379,0
418,1,0,1,1,0,0.0,8229188.333601,0
418,2,2,1,2,1,147.2336533250287,15417908.733969,1
418,3,0,1,2,1,212.07042419869248,13042281.98989,1
418,4,2,1,2,1,125.83434955137535,16460072.629192,1
418,5,0,2,3,0,0.0,13411123.083916,0
418,6,1,0,0,1,202.365651638674,12285322.241814,1
418,7,1,1,0,1,123.81746672226004,15423438.004477,1
418,8,1,2,1,2,725.5904780698421,10685634.490085,1
418,9,1,1,2,2,714.7108689260397,12588194.103077,1
418,10,2,2,1,1,184.35082632653635,15811746.272259,1
419,1,1,0,1,0,0.0,15172609.562394,0
419,2,0,1,0,0,0.0,13562592.698742,0
419,3,0,1,1,0,0.0,14908681.82385,0
419,4,1,3,1,1,499.6020854110359,14224070.624227,1
419,5,2,2,0,0,0.0,14148006.089748,0
419,6,2,0,0,1,161.0958059749462,12655716.509897,1
419,7,1,1,2,2,634.2101165444664,12860104.042831,1
419,8,0,1,0,0,0.0,10648430.176344,0
419,9,2,1,1,1,207.53220525508516,13977506.283585,1
419,10,1,1,1,0,0.0,11863130.215485,0
420,1,0,2,3,2,449.75936158339925,13373087.83988,1
420,2,0,1,4,0,0.0,12492684.535273,0
420,3,0,1,2,1,452.3166201184046,10445106.701505,1
420,4,0,0,1,2,608.1494088901794,16453902.651788,1
420,5,1,1,1,2,421.76115840854595,13116107.991703,1
420,6,1,1,2,0,0.0,14809720.599007,0
420,7,2,0,1,1,230.5031744203897,14272465.145394,1
420,8,0,1,1,0,0.0,17021115.844312,0
420,9,1,1,1,1,326.40177404147425,15053591.355094,1
420,10,0,2,1,2,454.2556365198292,8448888.085941,1
421,1,1,1,1,0,0.0,12821092.690759,0
421,2,0,2,1,1,298.76641365968567,9735833.490437,1
421,3,0,0,1,2,587.1331707552955,14802381.889053,1
421,4,0,1,1,2,249.59920597777608,14093078.39399,1
421,5,0,1,3,1,238.88802172673587,13145569.558749,1
421,6,1,2,0,0,0.0,15883101.839106,0
421,7,2,1,1,1,123.6419897568194,16727048.65576,1
421,8,3,0,1,1,322.8341413787055,15137317.234451,1
421,9,0,2,1,3,653.8049569640311,15460076.226686,1
421,10,0,0,0,3,648.81453651739,15921543.507395,1
422,1,4,1,0,0,0.0,14573873.752691,0
422,2,0,3,1,2,279.64787839010495,15486735.519052,1
422,3,2,0,1,0,0.0,13183877.813998,0
422,4,0,1,0,0,0.0,11547626.113533,0
422,5,1,2,0,0,0.0,14141053.840488,0
422,6,2,1,0,2,441.305402312241,16622413.957578,1
422,7,0,2,1,2,270.20109522265597,10851814.213627,1
422,8,0,1,3,0,0.0,13568002.470703,0
422,9,1,3,1,0,0.0,13006569.644119,0
422,10,0,2,2,1,431.7350847842309,16914692.540948,1
423,1,0,0,0,1,203.6314498880297,11989689.529545,1
423,2,0,4,1,2,481.2103324269567,16458002.75237,1
423,3,1,0,2,1,188.77792596735156,13303836.642804,1
423,4,1,0,1,2,474.27364736734785,15527455.555261,1
423,5,1,1,1,0,0.0,14667536.572031,0
423,6,1,2,1,2,609.135095908602,15070330.453838,1
423,7,1,2,0,1,29.36005853160224,14465237.676552,1
423,8,2,0,0,0,0.0,13964977.930615,0
423,9,1,1,1,1,88.00149601990898,16347704.55091,1
423,10,0,1,0,3,815.7226675035004,15097500.02322,1
424,1,2,0,0,0,0.0,12535957.892238,0
424,2,0,0,2,1,208.77540531459616,14702840.623701,1
424,3,1,0,2,0,0.0,14263761.43156,0
424,4,3,0,1,1,202.8239796562389,14268734.889243,1
424,5,2,4,2,1,56.65066402490667,15074248.314757,1
424,6,1,3,2,0,0.0,8754911.815069,0
424,7,2,0,0,2,490.3990663029182,10893010.301714,1
424,8,1,1,1,1,33.23425464435782,14403219.393446,1
424,9,0,0,1,2,820.3539507876183,13656425.268456,1
424,10,0,1,2,4,784.225714943583,14466300.682106,1
425,1,0,1,1,0,0.0,14773923.779432,0
425,2,2,1,2,0,0.0,10480435.598758,0
425,3,3,1,2,1,44.44638759255106,12173156.577524,1
425,4,0,2,3,1,263.1991248694689,17426731.337748,1
425,5,0,0,0,0,0.0,12550857.215137,0
425,6,3,1,0,0,0.0,15423260.366131,0
425,7,1,0,1,0,0.0,13578380.146684,0
425,8,0,1,3,0,0.0,16079716.373163,0
425,9,0,2,0,1,39.5039014496774,5891524.433616,1
425,10,4,0,1,0,0.0,15600258.060669,0
426,1,3,0,0,2,645.418490745066,11336927.710267,1
426,2,3,0,1,0,0.0,14902508.940168,0
426,3,1,0,2,1,140.153501282011,6820658.675219,1
426,4,1,2,0,1,40.63049523565604,14008184.177127,1
426,5,2,2,1,0,0.0,12488309.181092,0
426,6,2,2,1,2,636.3264434416933,15743701.897431,1
426,7,1,0,0,4,909.4850843205503,14067938.170012,1
426,8,0,0,0,5,1966.5002478403112,15296417.260253,1
426,9,2,0,0,3,1127.3241132596459,12744075.157204,1
426,10,2,1,2,0,0.0,16807623.413892,0
427,1,2,1,1,0,0.0,11132999.095168,0
427,2,2,1,1,1,355.0878055055887,11300748.190649,1
427,3,1,0,0,1,181.45964232042544,13937582.905226,1
427,4,1,2,2,1,180.286650011531,17181726.360529,1
427,5,1,1,2,1,97.35041273697618,14231721.407292,1
427,6,3,1,0,1,349.1790875462185,13667571.940104,1
427,7,0,1,1,2,426.87127359079216,9847618.167179,1
427,8,1,1,0,2,389.2939909267738,15663521.755809,1
427,9,0,0,2,3,822.9243378914948,15882359.67015,1
427,10,1,1,1,1,326.88741681263605,13795936.574592,1
428,1,0,1,0,1,282.2377196383906,16824767.384021,1
428,2,2,2,0,0,0.0,12926624.574073,0
428,3,2,0,0,0,0.0,14350437.320171,0
428,4,2,2,2,0,0.0,11523544.282053,0
428,5,2,0,1,2,311.1278777767202,7592680.840221,1
428,6,2,0,0,1,225.6312665153229,16758235.289247,1
428,7,2,3,2,0,0.0,13854653.52175,0
428,8,0,0,1,2,319.41017256804315,10298798.332601,1
428,9,2,1,0,1,35.6597585655953,14792955.904702,1
428,10,0,1,2,1,376.81040842350944,15739328.551339,1
429,1,2,0,1,2,908.8036221564279,12870059.262693,1
429,2,3,1,1,1,122.72569958971714,14871488.272783,1
429,3,1,0,1,2,623.477227381044,10912621.406649,1
429,4,1,0,0,1,471.4574836035905,8643543.712804,1
429,5,0,1,1,0,0.0,13082140.556194,0
429,6,1,0,1,0,0.0,14314657.626576,0
429,7,1,1,1,0,0.0,17555264.582032,0
429,8,0,1,1,1,157.44500139700952,5479522.717456,1
429,9,2,1,1,2,176.49445212965352,11290785.372656,1
429,10,1,1,1,2,140.93595866147217,16273337.530543,1
430,1,1,1,1,1,413.246302307641,13511663.311787,1
430,2,0,2,1,0,0.0,14378743.480287,0
430,3,0,2,3,0,0.0,13700094.208077,0
430,4,1,2,0,3,651.193753329302,12842236.175653,1
430,5,0,2,1,0,0.0,15574491.154995,0
430,6,0,1,1,0,0.0,15019719.442678,0
430,7,1,0,1,1,403.68499777259046,9469350.299582,1
430,8,1,1,1,1,274.04191700989304,16509702.177232,1
430,9,1,0,2,0,0.0,13351975.327573,0
430,10,0,3,2,1,278.2215917281311,17655198.08297,1
431,1,2,3,0,0,0.0,17389085.549522,0
431,2,0,2,0,0,0.0,8372040.176787,0
431,3,3,2,0,0,0.0,16765844.189216,0
431,4,2,2,0,3,878.3330096281863,10138562.805909,1
431,5,2,1,2,0,0.0,16748329.196965,0
431,6,2,2,2,0,0.0,17280339.131755,0
431,7,1,1,2,1,159.35650596559344,13837356.645409,1
431,8,2,1,0,1,93.20019090916767,13881090.516764,1
431,9,2,0,1,0,0.0,11602962.819133,0
431,10,0,3,1,1,323.0413157549139,15395170.095273,1
432,1,0,1,1,1,136.67781944577533,15052968.660965,1
432,2,3,1,1,0,0.0,11938617.791801,0
432,3,0,1,2,2,491.33320327310327,15280268.509552,1
432,4,0,1,0,1,82.50189876670626,11221541.91246,1
432,5,1,1,2,1,182.4363915590557,16165934.444056,1
432,6,4,0,0,0,0.0,9396138.100406,0
432,7,1,1,1,3,506.1571585013555,13306969.38635,1
432,8,0,0,2,0,0.0,11958893.372272,0
432,9,0,1,0,3,911.0417315324653,14836893.407375,1
432,10,0,1,1,0,0.0,12638261.987896,0
433,1,3,2,2,0,0.0,15190328.864834,0
433,2,2,1,1,2,928.470084977104,15849708.818921,1
433,3,0,3,0,0,0.0,16065131.51802,0
433,4,0,0,1,3,220.39235844716572,15032934.440775,1
433,5,1,4,0,1,328.2266881808887,17315066.956074,1
433,6,1,2,0,1,359.97702240551183,9933111.112877,1
433,7,2,1,1,1,237.0559592189962,15937933.886111,1
433,8,1,1,0,1,291.2017904845657,9614855.7619,1
433,9,0,4,1,0,0.0,14942105.810963,0
433,10,1,2,2,1,460.3006559693961,15921258.800342,1
434,1,1,4,1,1,374.032212407241,14114334.262167,1
434,2,2,0,3,2,447.6544488486343,15604508.504757,1
434,3,2,1,1,2,391.9146935831152,13856999.845906,1
434,4,2,3,2,0,0.0,11203703.08497,0
434,5,1,1,1,1,70.99418344307787,10022143.298141,1
434,6,1,0,1,1,109.65350125024682,16605690.491178,1
434,7,0,0,1,2,256.3711235491776,9033712.836843,1
434,8,2,0,2,1,191.4128382799555,11397390.986441,1
434,9,2,2,0,0,0.0,14183782.103221,0
434,10,0,1,1,0,0.0,15857857.69658,0
435,1,2,1,0,1,399.5155061155088,12617978.049387,1
435,2,0,1,0,0,0.0,14909820.239449,0
435,3,1,0,0,1,269.76334707728853,11351536.915265,1
435,4,1,1,1,1,150.45729902462986,15441128.275363,1
435,5,1,1,1,2,345.86951221194875,14461468.784811,1
435,6,1,0,1,2,454.789591005382,16326979.964711,1
435,7,0,3,1,2,804.09201622826,13329229.538992,1
435,8,2,1,1,1,207.0748797437139,16969535.925212,1
435,9,0,1,1,0,0.0,10070288.675115,0
435,10,2,1,0,3,1065.433548279748,12180301.152203,1
436,1,0,1,1,0,0.0,17184881.450968,0
436,2,0,1,3,2,412.15349939623337,16474965.4544,1
436,3,0,3,0,2,632.295258618185,6425371.412765,1
436,4,3,0,1,2,718.0663177714389,13782877.410656,1
436,5,0,3,1,0,0.0,10277568.973569,0
436,6,3,1,1,0,0.0,14424891.044622,0
436,7,1,2,1,1,254.83828891452777,15536389.298853,1
436,8,2,2,2,0,0.0,16630664.387055,0
436,9,0,0,3,1,282.6025535668229,12100885.330485,1
436,10,1,1,0,0,0.0,14487760.458385,0
437,1,0,0,0,3,952.5350793448868,17053194.98676,1
437,2,2,1,1,1,227.5170338065213,14584090.918344,1
437,3,0,2,3,0,0.0,17427886.598203,0
437,4,1,0,1,0,0.0,9269337.328302,0
437,5,2,1,2,1,345.96391595016826,14412730.327609,1
437,6,0,0,3,2,435.98537462423184,12780546.83274,1
437,7,2,3,1,1,7.526052755730781,15768381.993239,1
437,8,1,2,1,1,250.62825397759792,15252648.784569,1
437,9,1,1,1,0,0.0,13261667.860378,0
437,10,0,2,1,0,0.0,5193573.667827,0
438,1,1,0,1,0,0.0,10476578.036384,0
438,2,2,1,2,0,0.0,17297714.337443,0
438,3,2,2,0,0,0.0,14338597.362765,0
438,4,0,1,0,2,694.5667402709255,15757476.69219,1
438,5,1,0,0,2,532.4896197894587,15579308.45307,1
438,6,3,0,0,2,527.5578173983125,14942992.72161,1
438,7,1,0,0,1,489.8885715255528,7455613.609147,1
438,8,0,1,2,0,0.0,11465961.693857,0
438,9,1,2,0,1,287.5854490208571,5425101.576607,1
438,10,0,2,0,2,93.49650991333203,15660568.920738,1
439,1,3,1,0,0,0.0,15862711.407294,0
439,2,2,2,1,3,455.8356223629659,17127384.951432,1
439,3,2,1,1,1,255.42509605469465,12644054.738533,1
439,4,1,0,0,1,268.3639061963136,6862883.332895,1
439,5,0,1,0,2,587.7774228950325,15733808.534962,1
439,6,0,0,1,1,239.00716623356257,16321992.386778,1
439,7,3,0,0,2,453.304218090142,17383569.852369,1
439,8,0,1,1,0,0.0,14915430.069435,0
439,9,1,1,1,0,0.0,12995954.670432,0
439,10,2,1,1,0,0.0,11791747.008576,0
440,1,2,0,3,1,403.9298841276775,8212390.322895,1
440,2,0,3,1,1,126.9840228716233,12332925.391388,1
440,3,1,3,0,0,0.0,12716165.849204,0
440,4,2,1,2,0,0.0,13042564.809916,0
440,5,1,0,1,1,425.3168938422466,15127273.986733,1
440,6,0,1,2,0,0.0,17569459.32572,0
440,7,3,0,1,1,325.7939219302769,15459432.849766,1
440,8,0,3,1,1,211.47821588363445,14770478.915933,1
440,9,1,1,2,2,359.41131765783865,14807204.911296,1
440,10,0,2,0,0,0.0,14186253.402184,0
441,1,0,1,0,1,438.9760097828477,15052461.318603,1
441,2,0,1,2,0,0.0,14155367.240251,0
441,3,0,1,1,0,0.0,8880304.284389,0
441,4,2,2,1,0,0.0,15662995.448206,0
441,5,1,2,1,1,168.57602141344728,14161262.121583,1
441,6,1,0,1,1,174.59379460091432,12862874.387781,1
441,7,2,0,0,2,248.86295177157479,14775629.089213,1
441,8,0,0,4,3,768.9475248099831,12922241.439315,1
441,9,2,1,1,0,0.0,13874590.870548,0
441,10,2,0,0,0,0.0,14068585.020372,0
442,1,2,1,2,1,280.83290012770254,12794212.359593,1
442,2,1,0,4,0,0.0,10799982.211904,0
442,3,1,4,1,0,0.0,13427754.42068,0
442,4,2,1,1,0,0.0,12771370.882671,0
442,5,0,0,1,1,256.2965015593778,6404336.485859,1
442,6,1,2,1,1,164.6429089542118,16340077.57867,1
442,7,1,1,0,1,59.1492065200574,11665645.595678,1
442,8,1,0,2,0,0.0,12169581.851388,0
442,9,2,0,0,0,0.0,12172689.594469,0
442,10,1,1,1,1,92.14994770927323,12173020.947985,1
443,1,1,0,0,1,446.14465186872513,15183632.489668,1
443,2,0,2,0,1,418.0434616489362,17558656.190523,1
443,3,0,2,0,1,187.8097624751672,15726298.720008,1
443,4,2,3,1,1,368.9611562462797,13732154.198774,1
443,5,1,1,1,0,0.0,17045266.164344,0
443,6,1,1,0,0,0.0,14582699.816594,0
443,7,0,0,2,2,470.64032126046413,14864719.28726,1
443,8,2,2,2,0,0.0,11285882.835968,0
443,9,1,2,3,1,485.5382819250309,17469241.084657,1
443,10,1,1,1,0,0.0,8488128.705085,0
444,1,0,2,0,1,298.7496379053893,15361296.55368,1
444,2,1,3,2,2,769.8449352787245,17453519.341962,1
444,3,1,0,3,1,276.6096792244796,14230844.17756,1
444,4,2,0,1,0,0.0,14663321.849152,0
444,5,3,0,1,1,129.59680590916952,17455475.414507,1
444,6,1,1,2,1,330.74069396306135,16149140.172197,1
444,7,3,0,1,0,0.0,5688601.025912,0
444,8,0,1,1,1,299.48222586460514,16954270.526184,1
444,9,1,0,2,1,428.61703893446577,14297309.581171,1
444,10,1,0,1,0,0.0,16687932.03792,0
445,1,2,0,0,0,0.0,10662323.428555,0
445,2,1,0,0,1,473.5567905515216,11848114.727527,1
445,3,2,0,0,2,617.3901066586058,16788267.856021,1
445,4,3,1,0,1,14.5558883067115,13054490.140516,1
445,5,1,3,0,1,456.19318498536006,16007957.708144,1
445,6,1,1,1,1,11.233078636958606,16219144.835297,1
445,7,0,0,2,0,0.0,16184855.313763,0
445,8,1,1,2,1,11.038386811951096,9550616.030312,1
445,9,3,0,1,1,490.1189165915527,12991771.75271,1
445,10,2,3,2,2,555.9259172847492,14982374.951032,1
446,1,1,0,1,1,361.9666829919036,14799613.057466,1
446,2,2,1,3,0,0.0,13002876.904289,0
446,3,2,0,1,0,0.0,16226202.645554,0
446,4,0,0,1,2,561.2655423375855,8807949.477386,1
446,5,1,0,0,2,92.98018628599701,16466086.268193,1
446,6,0,0,1,2,561.8285759333786,15519210.320102,1
446,7,2,3,1,1,152.49061908009162,16129452.308589,1
446,8,0,1,0,2,446.5258243757537,13901629.998421,1
446,9,2,1,2,2,603.4763112698009,15957582.680386,1
446,10,2,3,0,0,0.0,12983828.694373,0
447,1,1,2,1,1,468.9474203186612,10989211.182244,1
447,2,0,0,0,1,358.253889777498,15119017.62083,1
447,3,1,0,4,0,0.0,8902113.352589,0
447,4,1,1,1,0,0.0,14153998.327149,0
447,5,1,2,1,0,0.0,13446069.132665,0
447,6,0,2,1,1,149.62360822385398,15504052.221874,1
447,7,2,1,2,0,0.0,14758973.351099,0
447,8,2,1,2,0,0.0,13698929.94502,0
447,9,1,0,2,0,0.0,17106123.001648,0
447,10,0,1,1,1,367.51713219477625,15012737.463552,1
448,1,1,1,0,0,0.0,15924415.58042,0
448,2,4,2,0,2,782.9252300219343,12635858.128182,1
448,3,3,1,1,0,0.0,15123906.852487,0
448,4,0,0,2,2,324.6196673836629,15187288.021773,1
448,5,0,2,1,1,497.740588388106,16415152.496786,1
448,6,1,1,2,1,326.3841513455437,16426500.441159,1
448,7,2,0,1,3,137.4121037827068,14360811.031892,1
448,8,2,0,0,2,327.6966182384094,12015241.457449,1
448,9,2,1,1,1,392.9340166829869,12240333.404134,1
448,10,2,2,0,1,400.7108073658846,9334469.259421,1
449,1,1,0,1,1,21.679717101169988,16800353.29902,1
449,2,1,0,1,0,0.0,16854314.151128,0
449,3,1,0,3,0,0.0,11974612.50591,0
449,4,1,1,0,1,58.83569484764382,13680696.349182,1
449,5,2,4,1,0,0.0,15258447.695402,0
449,6,1,1,1,0,0.0,15724776.68839,0
449,7,1,0,0,2,296.9455545958832,13808284.035404,1
449,8,5,2,0,0,0.0,13463616.755771,0
449,9,1,1,3,1,133.71954412698778,14949053.258805,1
449,10,1,0,0,3,864.8469974488357,14061700.72542,1
450,1,2,3,1,1,40.26420222148258,17012115.273448,1
450,2,0,3,1,1,189.0766502128536,16977707.475249,1
450,3,1,0,0,2,465.2692308396233,12276249.104461,1
450,4,1,1,0,3,638.220032354494,16246642.038054,1
450,5,1,5,1,0,0.0,14611590.969809,0
450,6,2,1,0,1,146.30438587248676,10995085.776624,1
450,7,1,1,0,2,375.50133878496297,10281910.821063,1
450,8,2,0,2,1,476.4448400082007,14796983.114992,1
450,9,1,3,1,0,0.0,13938454.661967,0
450,10,1,5,3,0,0.0,15031200.159602,0
451,1,3,0,1,2,310.79962646447257,9690895.12528,1
451,2,2,0,2,1,87.86725650543511,13467612.770027,1
451,3,1,0,1,2,336.0170372346496,14586625.916578,1
451,4,0,0,1,1,441.7974395091485,12902818.009602,1
451,5,1,1,2,2,305.9321157082212,14900779.95736,1
451,6,0,2,1,0,0.0,6798791.957665,0
451,7,0,2,1,2,88.59959951476353,13267075.495142,1
451,8,0,3,0,1,160.1713724948183,11938448.6646,1
451,9,1,1,2,1,368.6508129660903,14012175.755095,1
451,10,0,1,1,1,83.88896265687954,14610240.203737,1
452,1,1,1,0,1,311.7737433647438,10792311.887847,1
452,2,1,0,0,2,335.7294324957927,12158354.716357,1
452,3,1,0,1,1,466.8892329111172,14765615.209833,1
452,4,0,3,0,0,0.0,13419319.02876,0
452,5,2,2,1,1,279.5694136992095,16142017.19372,1
452,6,0,2,1,2,127.07160416664658,8885870.416363,1
452,7,1,1,2,2,683.5815632761825,16232156.500803,1
452,8,1,1,1,1,425.1107129291863,16976049.511065,1
452,9,2,0,0,5,1020.6755982829131,16133120.367704,1
452,10,0,0,3,0,0.0,6495308.338853,0
453,1,3,1,0,0,0.0,14813151.053105,0
453,2,2,1,1,1,32.99253174298632,7339492.576007,1
453,3,1,1,1,1,84.44522313579415,13069128.075701,1
453,4,2,1,2,0,0.0,17654035.715433,0
453,5,2,0,2,1,110.0101103410328,14744117.365408,1
453,6,1,1,3,1,359.8041620321499,13957684.617155,1
453,7,1,1,0,1,253.65711202251453,14940535.697339,1
453,8,3,0,0,2,670.6764093441984,13740913.913551,1
453,9,1,1,2,1,375.3115971409072,14008034.927224,1
453,10,0,1,0,2,596.3687680016787,15869216.063216,1
454,1,3,1,0,2,487.4656769758246,11919106.142997,1
454,2,0,3,1,1,121.1898255543118,16127295.297599,1
454,3,3,1,0,1,6.588192786920619,14480433.664757,1
454,4,0,0,2,1,41.11652401477653,16607207.371009,1
454,5,0,0,2,0,0.0,11220282.224797,0
454,6,0,1,2,1,270.54304723828665,14231367.791849,1
454,7,0,2,0,3,624.4656431181909,13627728.751639,1
454,8,2,3,0,0,0.0,12936398.28355,0
454,9,0,2,2,1,232.85578728048375,15717269.231674,1
454,10,0,0,0,2,595.4068634494324,15392091.56922,1
455,1,1,2,1,2,342.212408430348,10166888.484106,1
455,2,2,2,2,0,0.0,13888542.002026,0
455,3,1,2,1,2,755.5908327967342,13719970.121854,1
455,4,2,0,0,1,324.986702439866,13996142.22107,1
455,5,0,0,1,0,0.0,6281304.354967,0
455,6,0,0,1,6,1883.4674578514628,15127188.853796,1
455,7,0,2,0,4,1628.6393772214435,10703000.105842,1
455,8,0,0,2,3,979.8714628804505,13809084.22209,1
455,9,2,2,1,1,433.82865042490886,16554558.00446,1
455,10,0,0,1,1,383.55132719324826,10799330.6953,1
456,1,1,0,0,1,105.4647489590896,9213071.534686,1
456,2,0,2,0,2,636.251944640936,12702911.81268,1
456,3,1,1,1,2,543.8015834279093,12242568.884339,1
456,4,1,0,3,1,417.2144195451366,14777663.760053,1
456,5,1,1,0,0,0.0,8947744.672555,0
456,6,1,2,1,1,238.60727628590257,11853546.330094,1
456,7,1,0,1,2,639.3639871243402,12352140.41036,1
456,8,1,1,0,1,431.5613542912976,13961086.857905,1
456,9,0,3,1,2,332.9048263950465,14591326.851688,1
456,10,0,1,1,3,881.4564279231894,12298176.934726,1
457,1,2,1,1,1,211.9415690778029,11576466.448434,1
457,2,1,1,0,1,180.37255825210016,17131420.520904,1
457,3,1,1,2,1,216.1450480237837,12015196.681716,1
457,4,1,1,1,2,501.58885775014863,15765023.378704,1
457,5,1,2,0,1,349.73977776658944,10748364.683867,1
457,6,1,2,0,0,0.0,15770820.562196,0
457,7,1,1,1,2,955.018713446678,12204379.675899,1
457,8,2,2,0,1,46.34894896422284,16345539.674464,1
457,9,0,2,2,2,288.4046446789335,15483091.299471,1
457,10,1,1,1,0,0.0,10009478.692214,0
458,1,0,0,3,0,0.0,7901132.178858,0
458,2,0,2,1,1,302.72811592999454,12748342.547784,1
458,3,2,1,0,2,699.0761796151801,9700998.017272,1
458,4,0,1,0,1,344.6836248367472,13334677.628153,1
458,5,1,0,1,0,0.0,14234061.169712,0
458,6,2,1,0,1,13.613009632582518,12070379.421424,1
458,7,1,0,1,3,337.8754399406039,14011885.772938,1
458,8,0,2,2,1,168.42701800570595,15224817.782829,1
458,9,1,3,4,0,0.0,11799414.8774,0
458,10,2,0,0,0,0.0,13188752.866563,0
459,1,0,1,0,2,311.92281768331975,12174365.418144,1
459,2,0,2,0,1,180.5617205993891,11758138.436408,1
459,3,2,1,2,3,830.0403042437221,17044518.196981,1
459,4,2,0,2,1,240.5624344607892,12384864.479627,1
459,5,2,2,1,0,0.0,16319112.504601,0
459,6,0,0,1,2,512.0020757798534,14877056.218498,1
459,7,1,1,1,2,672.0574933760828,16388192.60726,1
459,8,0,1,2,1,165.06638859441534,11104187.443238,1
459,9,2,0,1,0,0.0,16898299.652447,0
459,10,2,0,2,1,356.8611972730389,15246738.27983,1
460,1,1,1,0,0,0.0,16575874.584572,0
460,2,2,2,1,0,0.0,14856795.744204,0
460,3,1,3,2,0,0.0,14354212.107865,0
460,4,2,0,1,0,0.0,13870149.260425,0
460,5,1,0,2,1,265.3800834654407,13211127.534538,1
460,6,1,3,0,1,372.5828955173047,12971470.90783,1
460,7,2,2,0,2,321.4303036785619,15664393.001964,1
460,8,1,0,3,2,302.05190350162593,15284934.730659,1
460,9,2,3,1,0,0.0,16611854.017825,0
460,10,1,0,1,1,201.35043281840512,12688198.741232,1
461,1,0,1,2,1,438.5425764515388,9845161.107699,1
461,2,2,0,2,2,697.4231093738749,13171430.187771,1
461,3,2,0,0,2,901.5555975332297,10932343.855335,1
461,4,4,1,0,2,757.7071013489935,14077353.301753,1
461,5,1,2,2,1,377.2185356472516,13611024.530279,1
461,6,1,1,3,2,663.4501622620521,14647076.65242,1
461,7,1,0,1,0,0.0,15463048.572717,0
461,8,1,0,2,0,0.0,12225602.190877,0
461,9,1,0,1,0,0.0,13519404.67275,0
461,10,0,1,1,1,266.05782979163143,16023204.33637,1
462,1,2,2,0,0,0.0,12063960.141657,0
462,2,1,1,0,1,251.7234730414168,12880349.392751,1
462,3,2,1,0,0,0.0,16873957.856556,0
462,4,3,1,0,0,0.0,15869552.235438,0
462,5,2,0,1,0,0.0,14720983.97019,0
462,6,2,0,1,1,441.13027304555294,13209539.388415,1
462,7,2,3,0,0,0.0,16905337.258373,0
462,8,1,1,2,1,56.30980796034544,16075862.646903,1
462,9,1,2,1,2,577.8821383508007,16866394.152616,1
462,10,2,3,1,1,117.52245498774596,14780857.101914,1
463,1,3,0,0,2,524.8942747508117,9319317.796032,1
463,2,1,2,2,1,337.2106567358208,13018019.502,1
463,3,0,1,1,2,718.0836073058292,14258173.470681,1
463,4,1,0,0,2,205.92892605220976,10079231.257098,1
463,5,3,0,0,1,439.01376890538745,16245527.999451,1
463,6,0,0,1,2,87.87914541966101,13080998.179292,1
463,7,4,1,2,2,490.40726840252756,15679603.716937,1
463,8,0,0,3,2,436.0663380907388,10109296.271963,1
463,9,1,2,0,0,0.0,16891029.517408,0
463,10,1,1,2,1,402.69914063045456,8809973.501105,1
464,1,2,3,1,0,0.0,12647797.309184,0
464,2,0,0,2,2,155.816935027888,7505355.265056,1
464,3,0,0,0,3,857.1035924154617,11084421.377578,1
464,4,0,2,0,2,607.4734985832988,14979427.552983,1
464,5,1,1,1,2,558.7168513840373,10891850.792732,1
464,6,0,0,3,2,557.5997508691148,15546036.09849,1
464,7,2,0,1,3,1075.6033714400446,11006304.584634,1
464,8,3,0,0,1,430.67057383379927,15865269.589274,1
464,9,1,1,2,0,0.0,14686868.078333,0
464,10,1,1,1,1,225.0447978516324,13286328.866265,1
465,1,1,1,2,0,0.0,11195122.680336,0
465,2,1,2,1,0,0.0,14256436.088293,0
465,3,0,1,0,0,0.0,10242896.213165,0
465,4,1,4,0,0,0.0,12274295.560555,0
465,5,0,1,2,1,103.47778880028318,10571053.272704,1
465,6,0,1,2,1,474.0540804077307,16632160.947641,1
465,7,1,2,0,2,619.3248271161136,17113229.673533,1
465,8,1,0,2,5,1195.6587025099868,16810293.351082,1
465,9,1,1,0,2,774.4473040282793,9146542.712301,1
465,10,1,0,1,3,868.2222774948632,12902484.776667,1
466,1,1,2,0,0,0.0,15460595.546801,0
466,2,1,0,1,2,644.743023091185,14413926.318842,1
466,3,0,3,0,2,560.4586691797397,14216449.281013,1
466,4,0,2,0,1,256.0520649553408,14553267.668392,1
466,5,1,1,1,0,0.0,11851516.459906,0
466,6,0,2,0,2,301.5338252075567,14528678.519652,1
466,7,1,1,1,2,666.8429420574118,13713815.492869,1
466,8,2,1,0,0,0.0,15014333.38709,0
466,9,1,1,0,2,394.02281987211427,11391219.431556,1
466,10,2,2,2,2,374.35867567216997,17237496.112103,1
467,1,0,0,0,1,283.2509384591764,16535267.018229,1
467,2,1,2,2,0,0.0,10688971.853183,0
467,3,0,1,1,1,470.4287445829335,13093575.591262,1
467,4,1,1,1,0,0.0,15367549.023842,0
467,5,1,0,2,2,234.48552401524915,8533135.176851,1
467,6,2,0,3,1,46.33598714710952,14862871.530184,1
467,7,1,2,0,1,240.8422625833392,16094958.582611,1
467,8,1,2,0,1,118.18856860594325,11326410.542303,1
467,9,0,2,1,1,104.4789762447175,7700226.37043,1
467,10,3,0,0,2,219.9617913357775,14114104.207584,1
468,1,4,1,2,0,0.0,10148608.03693,0
468,2,1,1,2,1,393.7475422713166,12265458.27814,1
468,3,0,0,1,1,497.5158070135248,11498548.930071,1
468,4,1,1,0,1,67.08697747146229,10823784.277681,1
468,5,0,0,2,2,156.15842036982758,8944000.287282,1
468,6,0,1,0,1,353.25683737962186,11251629.759551,1
468,7,0,1,1,1,76.6326682898194,11171478.827447,1
468,8,1,2,1,0,0.0,14430094.876711,0
468,9,0,2,1,0,0.0,12982561.362501,0
468,10,1,0,0,0,0.0,15825275.280372,0
469,1,2,0,1,0,0.0,14455930.335864,0
469,2,1,1,3,0,0.0,12286624.53278,0
469,3,0,2,0,3,363.92516359643764,14594511.958385,1
469,4,0,0,3,1,118.99050950879828,14472316.09777,1
469,5,0,0,2,1,265.80361381524807,11679877.698092,1
469,6,2,0,0,0,0.0,11874610.928661,0
469,7,0,1,4,1,133.91311519182156,15239644.452717,1
469,8,1,1,3,0,0.0,17240353.980961,0
469,9,2,1,1,0,0.0,17034158.208147,0
469,10,1,0,1,1,104.87918490622582,13507878.968585,1
470,1,1,0,1,2,813.5386728625048,11067859.130717,1
470,2,0,0,1,0,0.0,16635207.078556,0
470,3,0,0,2,3,1224.8140687804143,8040110.548562,1
470,4,0,2,1,0,0.0,8472383.895962,0
470,5,0,0,2,1,80.78423843678183,16400980.488293,1
470,6,0,1,1,0,0.0,12310770.255665,0
470,7,1,2,3,2,325.53742192381,14884767.409716,1
470,8,2,2,1,1,58.32538955888812,14470992.322261,1
470,9,1,1,1,2,709.2487920962901,16694872.416359,1
470,10,0,5,1,1,17.972353877986016,15385558.570798,1
471,1,0,1,1,0,0.0,10395830.304552,0
471,2,2,0,1,2,762.6380277948911,15120840.711817,1
471,3,0,4,0,3,760.1241209805161,16600913.933238,1
471,4,0,2,0,1,72.28958696950642,11928834.178889,1
471,5,0,3,2,1,442.4475514621727,16121215.86795,1
471,6,0,0,1,0,0.0,11241268.463316,0
471,7,1,2,0,0,0.0,14680428.706784,0
471,8,0,1,0,2,473.3034379661934,9948075.581665,1
471,9,1,0,0,1,438.750969647148,8701986.267973,1
471,10,2,0,0,2,435.1845952491979,14575130.67893,1
472,1,2,1,0,1,283.6252879957769,12716510.815714,1
472,2,1,0,1,2,516.176776825757,15163565.801035,1
472,3,2,0,2,0,0.0,16115503.852148,0
472,4,0,1,0,3,1065.843719390258,15623057.180354,1
472,5,2,0,1,1,211.70036645728592,11699026.796457,1
472,6,0,1,2,0,0.0,13669151.602155,0
472,7,0,1,2,3,586.3875260632999,12579699.101543,1
472,8,1,0,3,2,415.9905519778888,16505881.761646,1
472,9,2,0,1,1,446.0084939192845,14820022.313855,1
472,10,2,1,1,0,0.0,11866212.007183,0
473,1,0,1,3,1,381.4299351093512,15596205.049816,1
473,2,1,0,3,0,0.0,6568819.570648,0
473,3,3,1,0,1,232.4743358414992,17252553.986918,1
473,4,0,1,1,1,225.41237920214573,3242067.758664,1
473,5,3,0,0,2,415.3286791908016,13141383.823587,1
473,6,1,3,0,2,532.0532015402338,15108314.419961,1
473,7,4,0,1,0,0.0,15546904.978462,0
473,8,0,1,0,1,183.964448578824,14781361.567685,1
473,9,0,2,1,2,578.5045814864171,16376091.1522,1
473,10,0,1,0,2,466.00453335836977,15571887.025146,1
474,1,0,1,1,2,882.1951369758928,3867966.537268,1
474,2,2,3,2,0,0.0,14596741.033964,0
474,3,3,2,0,1,465.9676428266495,14857952.14155,1
474,4,2,1,3,1,331.5192386817826,16598212.867913,1
474,5,2,1,1,1,15.65694587589856,15376647.531418,1
474,6,2,1,0,0,0.0,11316377.399199,0
474,7,0,1,3,0,0.0,5976730.93343,0
474,8,0,2,0,2,351.73130594837687,14541772.755747,1
474,9,1,1,1,0,0.0,8186454.025634,0
474,10,0,0,1,1,24.48867445004576,14867623.239314,1
475,1,0,0,2,0,0.0,9405412.666574,0
475,2,0,2,1,3,491.7637956555018,16036277.313742,1
475,3,2,1,2,1,249.1290297613425,13969926.902353,1
475,4,0,0,1,2,418.29575594028256,10129051.81787,1
475,5,0,1,4,0,0.0,15852533.789399,0
475,6,3,1,1,1,162.14733433762314,13473065.818133,1
475,7,3,3,0,1,357.69468892011804,13775760.60887,1
475,8,3,2,1,2,702.5942269739612,12615131.279739,1
475,9,0,0,1,0,0.0,15250548.599391,0
475,10,1,0,1,0,0.0,16559612.965157,0
476,1,0,1,2,0,0.0,14769108.093437,0
476,2,2,0,2,0,0.0,15442428.08079,0
476,3,2,3,0,0,0.0,12064345.431252,0
476,4,0,1,0,1,111.64047181032971,8353249.307008,1
476,5,0,1,0,2,195.5497206448848,16332933.672411,1
476,6,2,1,0,1,202.04502863858792,16622781.475114,1
476,7,3,0,2,0,0.0,16941173.530719,0
476,8,0,2,0,1,144.00490835901778,11860824.052431,1
476,9,1,1,0,3,898.8064865374918,14216937.088717,1
476,10,0,3,1,2,420.94970762310624,14553647.618044,1
477,1,0,1,0,2,376.5969160445567,16393893.690744,1
477,2,2,1,0,1,154.38052327485246,16934863.229504,1
477,3,1,4,3,0,0.0,12386549.327689,0
477,4,1,0,3,0,0.0,16211073.390346,0
477,5,1,1,0,0,0.0,15156874.496201,0
477,6,1,0,0,1,450.3569951044685,13240815.566026,1
477,7,0,0,2,1,388.30101057092753,10295735.601708,1
477,8,1,1,1,1,116.16294267747372,11311850.326083,1
477,9,0,2,1,0,0.0,10603954.664957,0
477,10,0,1,2,0,0.0,16636416.090477,0
478,1,1,0,0,3,554.4183902556638,16626889.89941,1
478,2,1,0,1,2,692.1499068470797,15593768.31508,1
478,3,0,1,0,2,884.4023131751776,13650781.201906,1
478,4,1,0,0,3,1142.922879410083,14247309.638124,1
478,5,1,1,1,1,459.0788560055686,15844805.529172,1
478,6,0,0,0,1,365.18363684405153,12124403.837477,1
478,7,2,0,1,0,0.0,12316774.27605,0
478,8,0,0,1,1,437.1777180631007,14261495.681873,1
478,9,1,1,5,1,80.67666425187277,14329147.39857,1
478,10,1,1,2,0,0.0,15317912.213595,0
479,1,3,1,1,2,602.1903076248782,13915722.039115,1
479,2,0,2,1,1,339.6820514565401,5433526.634119,1
479,3,0,0,2,4,1510.953543915218,12796012.32126,1
479,4,0,0,3,2,496.3345720570174,10269388.45826,1
479,5,0,0,0,3,350.3188097470655,15402208.470036,1
479,6,0,2,1,2,622.108351880107,10741446.755736,1
479,7,1,0,1,3,1072.5964153743184,13649363.926319,1
479,8,1,0,1,0,0.0,15412260.159395,0
479,9,3,1,0,3,463.4241936618121,17309300.113312,1
479,10,1,1,1,1,120.7858262148383,13679071.944433,1
480,1,1,2,1,2,298.24989104195936,16088333.852066,1
480,2,0,0,0,1,294.64672231879405,8033038.049518,1
480,3,0,3,0,3,1308.895339562431,15832999.20885,1
480,4,2,1,1,1,87.70959453270537,14744318.185878,1
480,5,2,2,0,2,828.2257951434804,14727633.004146,1
480,6,0,2,2,2,584.6391362779876,17447401.617031,1
480,7,1,2,0,2,590.9291210235637,10947374.27714,1
480,8,1,0,0,1,157.44530701634724,13648328.59247,1
480,9,3,1,1,1,291.6068685116483,16704926.278756,1
480,10,1,0,0,2,353.1921705806929,11337187.180158,1
481,1,3,1,1,0,0.0,14511359.872334,0
481,2,1,2,0,1,485.28801515673166,9514181.946437,1
481,3,1,0,1,2,401.33524575230047,13884825.138372,1
481,4,0,0,1,0,0.0,8291779.500719,0
481,5,1,1,0,0,0.0,13975343.798453,0
481,6,4,1,1,1,486.5193612584006,11369587.210561,1
481,7,0,0,2,1,478.39592848992106,10096560.510274,1
481,8,1,1,0,0,0.0,14035804.259495,0
481,9,1,1,0,1,115.1071231349099,12082752.063655,1
481,10,3,1,0,1,290.0701658071206,14646919.962453,1
482,1,2,0,1,0,0.0,8041283.723486,0
482,2,0,2,1,0,0.0,10444228.602004,0
482,3,0,1,1,0,0.0,16772429.052216,0
482,4,0,0,1,1,10.098272918745929,11497207.802237,1
482,5,1,0,1,1,40.565339929756746,10603903.0382,1
482,6,1,1,1,0,0.0,11390012.284708,0
482,7,0,1,1,2,479.57824064511806,10276106.458208,1
482,8,1,1,0,0,0.0,16682912.1714,0
482,9,2,2,1,1,493.5810023684196,13893107.026873,1
482,10,3,1,1,0,0.0,11703147.141206,0
483,1,0,1,1,0,0.0,11549171.974282,0
483,2,2,2,0,1,276.2908497665882,14586152.383338,1
483,3,0,0,0,1,279.20869805623545,13746285.688149,1
483,4,2,2,0,1,387.9547353804383,10192578.24516,1
483,5,0,1,0,0,0.0,9259630.456331,0
483,6,1,1,0,1,104.02000366476196,14845199.688435,1
483,7,0,1,0,4,1064.851250243659,17004394.670168,1
483,8,1,1,0,2,315.8994698269057,15835628.614139,1
483,9,3,0,1,1,26.67895660295068,14843156.764434,1
483,10,0,2,1,0,0.0,9299704.301471,0
484,1,1,0,1,0,0.0,15479383.72418,0
484,2,1,1,3,2,788.5586000648207,16061544.129236,1
484,3,1,2,2,2,916.1772049774049,16469858.152245,1
484,4,0,0,0,1,398.8896378110325,12048164.723994,1
484,5,0,0,2,0,0.0,12644383.612637,0
484,6,3,0,1,0,0.0,17280385.477038,0
484,7,0,3,1,0,0.0,8011635.303901,0
484,8,0,0,1,1,383.8311655812852,16098050.997876,1
484,9,2,2,0,1,435.1409605499641,16942332.814106,1
484,10,0,1,2,0,0.0,12197993.702696,0
485,1,0,0,1,1,145.51046115375547,9270864.304728,1
485,2,0,1,0,2,530.2896779476595,14103060.306836,1
485,3,1,0,1,0,0.0,15117789.067696,0
485,4,0,1,0,1,25.24856521068549,15943648.415902,1
485,5,0,1,2,3,795.9330821236927,15101028.656514,1
485,6,0,0,1,1,420.5604351840464,16074232.606411,1
485,7,1,1,0,0,0.0,13755245.958595,0
485,8,1,1,1,2,427.86829742824557,17257862.819972,1
485,9,1,1,0,1,141.4461599013767,13174944.779324,1
485,10,1,0,0,2,469.61987242261057,11124185.3548,1
486,1,1,1,0,1,413.8558562221044,13118476.446453,1
486,2,1,2,2,0,0.0,16385022.679243,0
486,3,1,0,0,0,0.0,15741680.020851,0
486,4,2,1,3,1,356.794806194848,16772340.475709,1
486,5,1,1,2,1,165.42382222108205,15608142.239603,1
486,6,0,0,1,0,0.0,15164442.472956,0
486,7,2,2,1,0,0.0,16547636.586938,0
486,8,0,1,3,2,460.9023602261544,14869085.363331,1
486,9,2,0,2,3,977.278614033256,12484807.467724,1
486,10,1,0,1,2,498.79064415395,7353568.728908,1
487,1,2,1,2,1,333.40106332010424,9479223.124967,1
487,2,1,1,4,1,50.59528366157099,15681839.606005,1
487,3,1,0,3,2,471.99048863387844,14960364.840547,1
487,4,0,1,1,3,1074.6564645769067,13968891.565596,1
487,5,2,1,1,0,0.0,13235426.880691,0
487,6,3,1,1,1,406.5975798696453,13732223.947689,1
487,7,2,1,3,1,389.8316633583974,16345798.599669,1
487,8,0,1,2,1,261.17055250027954,12514306.747769,1
487,9,1,0,2,5,1207.24289170298,14313642.668233,1
487,10,1,3,1,0,0.0,16714398.081826,0
488,1,2,1,0,3,630.7945434952318,15357305.491202,1
488,2,2,1,0,0,0.0,15930282.005011,0
488,3,1,1,1,0,0.0,13514098.607139,0
488,4,0,0,1,0,0.0,11349922.339789,0
488,5,1,1,2,2,307.532397414863,14403920.416438,1
488,6,1,2,1,2,430.1274709276049,16075759.31066,1
488,7,1,1,1,1,303.63941968102773,15357592.655423,1
488,8,0,0,0,1,79.44609928056177,12311404.951205,1
488,9,2,0,1,0,0.0,14416390.305006,0
488,10,0,4,0,1,207.05966551873672,8256236.254022,1
489,1,1,1,1,0,0.0,15772303.57435,0
489,2,2,0,0,0,0.0,13650627.929418,0
489,3,2,3,0,1,389.0872126989349,15587953.491833,1
489,4,0,0,1,3,890.0368235272977,15389589.780253,1
489,5,1,1,0,1,143.26466873453222,12552654.075779,1
489,6,1,0,2,2,387.9431582327208,15549614.182751,1
489,7,2,2,1,0,0.0,14552710.695508,0
489,8,1,2,0,0,0.0,13754155.009215,0
489,9,2,1,0,0,0.0,13775213.108237,0
489,10,2,1,1,2,283.00267742216965,13990495.594983,1
490,1,2,1,0,0,0.0,11596315.28204,0
490,2,2,0,0,1,211.6231543458743,13619206.792952,1
490,3,0,0,0,1,24.69892653459723,16867001.399965,1
490,4,2,3,1,1,442.6389362342436,16128065.283474,1
490,5,0,0,4,0,0.0,12461564.824187,0
490,6,2,1,0,0,0.0,16203624.625231,0
490,7,3,2,1,1,6.0245217186114415,12459784.00998,1
490,8,1,1,1,1,389.1816589199164,8944240.622665,1
490,9,1,1,3,0,0.0,13329711.081069,0
490,10,0,0,3,0,0.0,6221577.670936,0
491,1,1,1,0,1,160.1419341225197,14936215.93411,1
491,2,1,1,2,0,0.0,16474917.092512,0
491,3,0,1,0,1,177.4633110590154,15118591.633208,1
491,4,1,2,1,3,355.77748283904594,15504843.981886,1
491,5,1,2,0,1,371.3714762852449,7958028.522549,1
491,6,0,1,2,1,416.7674804468285,11190818.802269,1
491,7,2,0,1,1,452.022419174696,13705769.66719,1
491,8,1,0,1,2,308.76528823677097,15117214.513736,1
491,9,0,1,1,2,156.00984895906203,15071562.705056,1
491,10,5,0,1,0,0.0,12470162.103257,0
492,1,2,1,0,1,261.9566965036093,11152412.769707,1
492,2,0,2,0,0,0.0,16595425.870796,0
492,3,0,0,3,0,0.0,12793513.905739,0
492,4,0,1,1,2,496.2633545918397,12964345.346304,1
492,5,0,2,1,0,0.0,11071492.522142,0
492,6,2,1,1,0,0.0,7492296.699963,0
492,7,3,2,2,1,275.681703907409,17009870.96182,1
492,8,2,1,1,1,32.78072835783745,14160435.683875,1
492,9,1,2,0,1,481.0838471819079,13410341.418711,1
492,10,4,0,0,0,0.0,16127416.281871,0
493,1,3,3,1,0,0.0,16993681.526254,0
493,2,1,0,2,2,209.1440774744154,13350780.959016,1
493,3,1,2,0,0,0.0,11010018.014636,0
493,4,0,0,0,0,0.0,10315717.491861,0
493,5,2,1,1,1,483.068710813648,14609149.798137,1
493,6,0,2,2,2,324.3911598429368,14702288.243427,1
493,7,0,3,0,0,0.0,9499346.233757,0
493,8,1,4,0,2,560.9364023329334,15365699.226916,1
493,9,0,1,2,2,141.78231322674833,11936945.811779,1
493,10,0,1,2,1,132.33662456398082,12231995.199485,1
494,1,1,0,2,1,369.1712929719003,14358776.292053,1
494,2,0,2,1,1,462.1699820474565,13892568.220428,1
494,3,2,0,0,1,274.4346188923898,16802209.008259,1
494,4,1,0,1,0,0.0,14202745.854304,0
494,5,1,1,2,2,901.0351101800976,16840111.420663,1
494,6,0,2,2,2,533.5994224256596,17237221.30064,1
494,7,3,2,0,2,434.74849595050193,14749746.937128,1
494,8,1,1,0,3,786.2175205632926,12795047.467846,1
494,9,2,0,1,2,656.0917492335791,14104915.00229,1
494,10,0,2,1,1,68.58829073080037,14968511.617465,1
495,1,0,1,1,3,868.5238167394424,15057289.725568,1
495,2,1,2,0,2,478.368959581706,11844634.770412,1
495,3,1,1,3,2,477.3342851803761,13511539.147783,1
495,4,0,2,2,2,558.8301149513227,15139199.005524,1
495,5,3,1,1,1,184.3498760316457,13658017.334218,1
495,6,1,2,1,2,567.0331202814768,11004772.689497,1
495,7,2,0,0,1,207.4844623689311,17240513.118602,1
495,8,2,1,0,1,281.29459526935256,9950374.626463,1
495,9,0,1,1,0,0.0,12599963.860857,0
495,10,3,0,1,2,143.78949306248677,16828978.182097,1
496,1,1,1,1,2,624.0264056489993,14335007.639481,1
496,2,2,3,0,0,0.0,14025732.417719,0
496,3,1,3,1,0,0.0,13226524.576681,0
496,4,1,1,1,1,53.10019277606092,7962882.544405,1
496,5,1,0,3,0,0.0,14358318.8777,0
496,6,2,1,0,0,0.0,11913652.264955,0
496,7,3,1,0,0,0.0,17211156.809734,0
496,8,2,0,0,0,0.0,16788419.739816,0
496,9,1,1,0,2,565.3004208409398,17225345.257669,1
496,10,1,1,2,1,363.0257799910904,16826450.146106,1
497,1,2,0,1,1,115.0969391487183,13787163.250271,1
497,2,0,1,0,2,184.0395203239958,14742102.847722,1
497,3,1,0,1,1,50.66236337914446,12840026.727896,1
497,4,0,0,1,2,743.8834399122624,11429184.837269,1
497,5,3,1,0,3,631.7214860187786,16075251.812476,1
497,6,2,0,1,1,273.0039910010085,14092845.986182,1
497,7,3,2,1,1,408.3923498972551,13946414.536512,1
497,8,1,0,1,0,0.0,13763458.485369,0
497,9,0,1,2,0,0.0,10130644.893389,0
497,10,0,4,1,2,134.53087763688313,10443674.15494,1
498,1,0,1,2,0,0.0,14424594.560228,0
498,2,1,1,0,4,794.6210387099933,14926285.501264,1
498,3,2,0,4,1,339.0382281958454,15107535.522814,1
498,4,1,2,1,1,149.75078413788327,14518723.182911,1
498,5,2,2,1,0,0.0,12846923.040696,0
498,6,1,1,3,0,0.0,16832556.621255,0
498,7,1,1,1,2,547.486086013857,14398824.662287,1
498,8,0,0,2,1,14.910873648441484,16711772.01452,1
498,9,1,0,2,0,0.0,12316598.7617,0
498,10,1,1,1,1,32.79445129093271,16419255.073821,1
499,1,0,0,2,1,162.49692232569208,13824105.384585,1
499,2,0,0,0,3,312.15767704645435,8802046.17182,1
499,3,5,1,0,0,0.0,8520044.622816,0
499,4,1,0,0,2,340.0538075219662,11854358.052692,1
499,5,1,2,0,1,14.482204392157325,14495176.413962,1
499,6,1,1,0,2,679.3867126156707,15485496.649498,1
499,7,3,1,1,2,353.61271967002455,13825107.98763,1
499,8,1,2,0,2,318.8356199411002,15558748.602558,1
499,9,1,2,1,0,0.0,14869631.206568,0
499,10,1,0,0,1,207.1589330837624,14105689.631617,1
500,1,0,2,3,1,322.55434558166337,15946941.951286,1
500,2,1,1,1,2,276.78354818048956,12412889.351664,1
500,3,2,0,1,0,0.0,14999482.956454,0
500,4,1,2,1,1,432.7830945775804,15744720.267668,1
500,5,1,2,1,1,53.21620797454303,15841722.005958,1
500,6,0,1,1,1,16.294079251676557,13640570.260893,1
500,7,2,0,1,2,252.93137801457695,12950352.684424,1
500,8,0,0,2,2,252.31770134832246,13144583.495711,1
500,9,2,1,2,0,0.0,12564238.033157,0
500,10,2,1,2,2,269.8086766999021,14036329.693669,1
501,1,0,2,0,1,410.973020243966,8820736.181201,1
501,2,2,0,0,1,142.65330224316344,10843889.79472,1
501,3,1,1,1,1,444.4699980008039,14965999.552097,1
501,4,1,2,2,3,664.1327161291979,13357642.610445,1
501,5,0,2,1,1,113.33937493736092,15819167.535925,1
501,6,0,1,0,0,0.0,12628854.960476,0
501,7,1,1,0,2,651.7964999245462,7786801.043388,1
501,8,0,2,2,0,0.0,16541151.742995,0
501,9,1,0,1,2,459.0409689031671,13407632.405626,1
501,10,1,1,0,0,0.0,13347514.979056,0
502,1,3,1,1,1,102.28610445927718,11313636.47641,1
502,2,1,0,1,0,0.0,16323784.775239,0
502,3,2,1,1,1,137.25507320413408,15415105.387622,1
502,4,0,0,1,1,354.8678147412941,11326162.004193,1
502,5,2,2,1,2,413.05429337265764,14766094.255245,1
502,6,3,0,1,0,0.0,15287543.785808,0
502,7,1,0,1,0,0.0,14339131.500545,0
502,8,0,0,0,1,391.2574908155554,6231332.46796,1
502,9,0,2,1,0,0.0,11035870.573899,0
502,10,0,1,0,1,52.463300733502194,15699146.406837,1
503,1,1,3,0,0,0.0,15284261.222533,0
503,2,1,2,0,0,0.0,11986161.34029,0
503,3,0,1,2,0,0.0,9267032.67548,0
503,4,0,1,2,1,312.5612171386686,14185009.280343,1
503,5,2,2,0,2,398.39714454017405,14261082.300224,1
503,6,2,1,2,2,809.5933698349677,13895181.436743,1
503,7,0,0,2,2,737.7949297428984,13822429.103492,1
503,8,1,3,0,2,432.4973072603166,9816159.057966,1
503,9,3,1,0,0,0.0,17474822.920923,0
503,10,1,1,1,1,306.79969315457,13227112.721214,1
504,1,1,1,2,0,0.0,16669656.068444,0
504,2,1,0,1,0,0.0,13663186.065459,0
504,3,1,0,0,0,0.0,8400724.686054,0
504,4,1,0,5,1,58.955304687687246,15167571.172865,1
504,5,1,2,0,0,0.0,5869868.882675,0
504,6,2,2,1,1,369.1011176707267,17404650.376011,1
504,7,1,0,2,1,353.4347467519539,14497296.697541,1
504,8,2,1,2,0,0.0,11520400.80416,0
504,9,2,1,1,2,437.00084835831956,16636323.21573,1
504,10,1,2,0,1,79.29137844338206,17042352.007825,1
505,1,0,1,0,0,0.0,9238888.649848,0
505,2,3,3,1,1,6.729818022693344,15083095.242295,1
505,3,0,3,3,1,31.441920848357064,17276173.855658,1
505,4,0,2,1,0,0.0,8490233.120236,0
505,5,2,0,3,3,634.8344613260235,15644744.176338,1
505,6,1,0,1,1,202.99171626006705,15865690.155577,1
505,7,2,1,3,2,789.2890176571948,14700403.298583,1
505,8,2,2,1,1,368.56110303299295,10952945.354074,1
505,9,2,0,1,1,175.31533275051345,11488365.429863,1
505,10,0,0,2,2,782.6422255494003,10141755.651666,1
506,1,0,0,1,1,194.3120295093802,12619805.511794,1
506,2,1,2,0,0,0.0,14983636.006746,0
506,3,2,1,1,2,300.39479933186243,14558992.283076,1
506,4,0,1,0,0,0.0,14135304.801402,0
506,5,1,1,1,1,253.07499944320497,17111405.464301,1
506,6,0,1,2,1,365.3141326835499,14982373.13751,1
506,7,1,0,0,1,476.62741293358215,15060921.421509,1
506,8,0,0,0,2,643.8889165709029,11289998.793499,1
506,9,2,2,0,0,0.0,14890270.586829,0
506,10,3,1,1,1,163.12157176176507,16116404.684766,1
507,1,2,1,2,2,792.4619901083256,14238736.024278,1
507,2,0,0,2,1,39.069839628251934,16988656.021094,1
507,3,1,0,2,0,0.0,12368870.190097,0
507,4,1,2,1,1,461.4934671303748,16545814.158297,1
507,5,1,1,0,0,0.0,13820246.647292,0
507,6,2,1,1,3,520.6397266544495,16635424.455015,1
507,7,2,1,3,0,0.0,14204108.235637,0
507,8,0,1,1,3,970.3146664119838,9997863.711379,1
507,9,1,1,1,1,171.09833619974827,12915560.384407,1
507,10,1,2,1,1,46.30397902776052,17195987.696285,1
508,1,2,1,1,2,663.6587586432684,14092488.841163,1
508,2,0,0,2,1,109.48863293134606,15692791.803675,1
508,3,1,5,0,0,0.0,16387139.108893,0
508,4,0,0,2,1,230.3094165980621,7545819.483189,1
508,5,1,0,1,1,399.7734360889098,12926669.392906,1
508,6,1,4,0,1,496.38403174421575,11030236.852936,1
508,7,0,1,2,1,56.86728384477397,10910280.673864,1
508,8,0,0,4,0,0.0,13378406.044284,0
508,9,2,1,1,2,419.06637355024475,16791144.088844,1
508,10,1,1,1,0,0.0,12968388.689621,0
509,1,2,1,0,2,623.4304748175291,15875801.689266,1
509,2,2,0,2,1,154.46167825043673,11358343.344118,1
509,3,0,1,1,2,255.46380113038623,8973648.048481,1
509,4,1,0,1,1,333.0614289051244,14629198.783988,1
509,5,0,2,2,1,349.3936902078849,16884642.387078,1
509,6,0,1,1,1,445.1699500169581,13964152.169099,1
509,7,0,2,2,0,0.0,16372811.868793,0
509,8,1,2,1,2,629.9820614413184,14812270.915585,1
509,9,0,1,1,2,750.6594937969187,17170187.632888,1
509,10,1,0,2,3,330.9876399466865,13344426.466035,1
510,1,0,1,1,5,600.0442610119884,11358078.029404,1
510,2,0,1,1,1,380.6027592840081,12657549.515491,1
510,3,1,1,1,3,737.8659807246172,10887250.772815,1
510,4,1,1,2,2,168.30713285049882,14751716.544204,1
510,5,0,1,0,3,538.6378350386933,11191968.152809,1
510,6,3,1,2,0,0.0,16868598.009327,0
510,7,2,0,1,3,640.7520355080343,17534256.38466,1
510,8,0,1,2,3,695.8157073398891,13074082.124084,1
510,9,1,1,1,2,311.325098842019,17173610.668479,1
510,10,3,0,4,0,0.0,15661624.495546,0
511,1,1,2,0,0,0.0,11479384.986906,0
511,2,0,3,1,1,87.19442129751751,14739211.810529,1
511,3,0,0,1,2,266.3226773267889,11563109.200548,1
511,4,1,1,2,2,680.1540839507827,12706342.643286,1
511,5,0,0,3,2,533.7161424991427,12522335.457363,1
511,6,0,2,1,1,144.15272471692174,12856729.905361,1
511,7,0,1,1,1,24.480849229146024,13758726.812781,1
511,8,0,0,2,1,181.83813623114716,7809482.64142,1
511,9,2,2,0,2,882.4932507653332,12181775.039927,1
511,10,0,0,1,1,204.95623731025955,15640480.185812,1
512,1,0,2,4,1,45.18208217563341,14387461.679466,1
512,2,1,0,1,1,209.76591854984807,11105594.448501,1
512,3,0,1,2,1,375.5589421026893,10394186.746737,1
512,4,2,2,0,1,121.30593256615194,15932079.564434,1
512,5,0,3,2,0,0.0,11505445.135796,0
512,6,2,1,2,0,0.0,14471348.697162,0
512,7,2,0,0,0,0.0,15911327.612617,0
512,8,0,0,1,2,370.4077061885,13718572.620595,1
512,9,2,2,0,2,408.51520848863873,15135348.942584,1
512,10,2,0,0,0,0.0,9928135.179549,0
513,1,0,0,1,2,440.0779984166481,13527875.786374,1
513,2,2,1,0,1,465.5852496160674,15225820.987671,1
513,3,1,1,0,2,521.4383554596229,14038403.986543,1
513,4,2,0,1,0,0.0,7858279.770009,0
513,5,1,2,1,0,0.0,7558572.002894,0
513,6,0,2,1,1,398.3485125564487,14179767.844749,1
513,7,1,2,0,2,342.1024045812981,14537429.031244,1
513,8,0,2,1,4,1131.3563697356453,15805483.842999,1
513,9,1,1,2,2,500.03078185342866,17400534.029105,1
513,10,2,0,2,1,106.7236837643555,16072192.517066,1
514,1,0,2,0,0,0.0,16281711.810098,0
514,2,1,1,3,1,470.8878338857622,12541590.573608,1
514,3,0,0,3,0,0.0,16547248.485006,0
514,4,1,1,3,1,207.8392451343002,13687363.694878,1
514,5,1,0,2,1,376.7732790029591,14744315.970672,1
514,6,1,1,0,2,351.0071401248234,10309771.22723,1
514,7,1,1,1,0,0.0,16430726.282833,0
514,8,0,0,1,2,544.3711391160655,12942091.046497,1
514,9,1,0,2,2,98.79127195262053,12287358.490703,1
514,10,1,1,3,1,400.2849302789402,15796471.990114,1
515,1,0,2,0,3,1084.709855269934,17104217.074797,1
515,2,1,0,5,1,136.91140623696143,17502757.255172,1
515,3,1,1,0,2,820.6707623783102,17214537.658554,1
515,4,0,3,2,2,851.2651754872229,15259073.841954,1
515,5,0,2,0,1,441.0830636310885,12744253.250738,1
515,6,2,1,0,1,293.3266886923876,15384929.71534,1
515,7,1,0,2,0,0.0,12462547.169268,0
515,8,1,1,1,2,753.8910409577002,14752639.983339,1
515,9,1,2,1,1,152.95095968376165,12543277.034152,1
515,10,1,1,1,1,441.6728849354047,12563540.299284,1
516,1,0,5,1,0,0.0,17146134.866342,0
516,2,1,3,1,0,0.0,13747217.105452,0
516,3,0,0,0,2,386.1061917951942,12885531.091793,1
516,4,2,0,1,3,1092.9858974478345,15925773.628824,1
516,5,0,1,2,1,111.37729729537172,14797301.531416,1
516,6,1,3,0,0,0.0,11744823.506347,0
516,7,2,0,0,0,0.0,16255262.004052,0
516,8,0,0,1,0,0.0,16348378.140622,0
516,9,1,0,2,1,370.2305870204858,11327140.045133,1
516,10,2,1,0,0,0.0,15974923.863275,0
517,1,0,0,0,3,199.8735561857285,16271428.260807,1
517,2,0,0,0,1,99.55941055959256,9408490.055513,1
517,3,1,1,0,1,382.4711168478199,14389253.741511,1
517,4,0,0,1,0,0.0,13162877.688152,0
517,5,1,1,0,0,0.0,13187138.848101,0
517,6,1,2,0,1,424.8261972853188,13131561.23376,1
517,7,1,0,1,0,0.0,15493025.692782,0
517,8,1,0,2,0,0.0,8906273.985202,0
517,9,1,3,1,1,347.57697382661524,8389859.748697,1
517,10,2,1,1,1,24.052265333605007,13769178.7923,1
518,1,2,1,0,1,449.5214766695269,13463442.359203,1
518,2,0,3,1,0,0.0,11871500.842901,0
518,3,1,1,0,1,14.737959880337916,15916769.917536,1
518,4,1,2,1,2,252.54990446470407,14147841.065851,1
518,5,0,2,2,4,714.8282005697903,14152686.884067,1
518,6,0,2,1,2,593.3874631770803,16532852.227967,1
518,7,1,2,1,3,906.8867494911099,14218466.682339,1
518,8,2,1,0,0,0.0,12920942.132925,0
518,9,2,2,0,0,0.0,17398475.992555,0
518,10,1,1,3,0,0.0,11235852.516617,0
519,1,1,2,1,1,283.3607005059869,17479390.138915,1
519,2,2,2,2,1,154.55646848541957,11525217.998832,1
519,3,1,0,0,0,0.0,8325229.897446,0
519,4,0,0,1,0,0.0,14713493.878049,0
519,5,0,1,0,0,0.0,13450610.319519,0
519,6,1,0,1,3,956.6928051419488,16132880.09785,1
519,7,0,0,1,0,0.0,15834371.453109,0
519,8,1,0,0,1,417.5070224807722,15604543.35783,1
519,9,3,2,0,1,348.7512680964944,17136487.482482,1
519,10,0,1,1,2,595.7880033285664,13972317.999801,1
520,1,0,1,3,1,234.00815541173984,15123578.063202,1
520,2,1,2,1,0,0.0,8554587.924582,0
520,3,2,0,4,0,0.0,16024159.305932,0
520,4,0,1,2,4,1004.7647721001265,12311193.524419,1
520,5,2,1,0,1,293.20483931719286,14942368.093461,1
520,6,0,1,0,0,0.0,11244613.829566,0
520,7,0,0,3,2,295.7198228652839,14123520.098989,1
520,8,2,1,1,1,130.6013208639526,13374592.087035,1
520,9,0,0,2,2,668.7091752250511,16104885.711207,1
520,10,1,1,1,1,449.8889109912851,13877591.525608,1
521,1,2,2,1,0,0.0,15292830.784536,0
521,2,1,0,4,0,0.0,17159608.962194,0
521,3,1,0,2,3,667.9116456785532,15954917.164136,1
521,4,0,1,0,0,0.0,9798570.517406,0
521,5,0,1,1,1,251.6591754781664,12455025.695431,1
521,6,2,0,1,0,0.0,10852841.376975,0
521,7,0,0,1,2,277.6364745091024,5488108.941676,1
521,8,2,2,1,1,456.4181313654412,14647482.237373,1
521,9,3,1,1,0,0.0,10915556.82431,0
521,10,2,2,1,0,0.0,12459496.373658,0
522,1,0,0,1,1,35.71870164028154,16405763.629915,1
522,2,1,0,0,1,354.9692279736961,15447987.039759,1
522,3,1,0,1,2,459.9996667855353,13606502.666362,1
522,4,0,0,0,1,176.87911023339058,11330356.030622,1
522,5,1,2,1,2,533.5278178304753,14462200.643146,1
522,6,2,1,0,1,364.25656298651006,16007627.905641,1
522,7,1,1,0,2,360.405984595247,9301695.313253,1
522,8,1,1,1,0,0.0,13643613.120769,0
522,9,2,1,0,2,507.0605088543883,15162372.455396,1
522,10,1,1,1,0,0.0,16089941.651998,0
523,1,2,1,2,1,109.1451222911695,16709251.95635,1
523,2,2,2,0,1,51.930024739772406,9015712.898316,1
523,3,1,0,1,0,0.0,15238844.76374,0
523,4,0,0,3,3,1081.6964725472137,13189436.197694,1
523,5,0,2,0,0,0.0,12847808.49784,0
523,6,3,0,2,1,231.68644606952748,14503454.710767,1
523,7,0,3,2,0,0.0,15643950.159386,0
523,8,2,2,1,0,0.0,15266189.502674,0
523,9,2,2,0,0,0.0,9983373.274276,0
523,10,0,2,0,0,0.0,13754223.490027,0
524,1,1,0,2,2,310.96625344348325,16480532.925265,1
524,2,0,1,1,1,8.599498638101121,13566012.877114,1
524,3,2,1,0,1,309.9519319353433,11406114.615223,1
524,4,2,1,2,1,94.61650732649936,13560747.838627,1
524,5,0,3,1,1,361.9955593608566,10585610.192305,1
524,6,2,0,2,2,539.2208393070011,15156390.78437,1
524,7,1,3,3,1,190.66352154772608,15744763.145261,1
524,8,1,1,2,0,0.0,14448062.670977,0
524,9,1,3,0,1,380.1185855175131,15176009.591738,1
524,10,2,0,2,0,0.0,12988693.310224,0
525,1,1,0,1,1,268.5624095424387,12694898.620763,1
525,2,1,1,0,2,435.5730076594769,16029188.168692,1
525,3,1,1,1,0,0.0,8349884.527658,0
525,4,2,1,2,1,254.08282221730795,7412253.367925,1
525,5,0,0,0,2,640.3348856761211,11632236.187315,1
525,6,1,2,3,2,907.5234002324776,13805550.088269,1
525,7,3,1,0,0,0.0,12789337.59376,0
525,8,2,3,3,0,0.0,12737586.330066,0
525,9,1,3,1,0,0.0,16351670.468946,0
525,10,2,1,1,3,485.0634165663453,9965536.458688,1
526,1,1,0,0,2,533.023172283453,12201363.189288,1
526,2,2,1,0,1,498.0204596861731,16730890.335452,1
526,3,0,2,1,0,0.0,16716626.733308,0
526,4,1,1,1,1,25.48401772570054,9208116.370551,1
526,5,0,0,1,3,377.0864757988998,16997799.864123,1
526,6,0,1,3,1,72.43913998038612,12111250.61545,1
526,7,2,3,1,0,0.0,16450079.319396,0
526,8,1,0,0,2,673.8733147603162,16968912.692961,1
526,9,0,0,2,1,249.92458457383185,14920175.532282,1
526,10,2,2,1,1,31.22911960644614,13957232.574635,1
527,1,0,1,3,2,455.774176923004,14502265.816572,1
527,2,0,1,1,1,418.4862694186963,16051411.745285,1
527,3,3,3,0,0,0.0,14146980.297304,0
527,4,3,1,0,3,743.061395756554,16184242.95666,1
527,5,1,2,4,0,0.0,9942609.424879,0
527,6,1,1,0,1,134.4106990300676,12534739.364954,1
527,7,0,1,1,1,295.7476869948205,7285426.601113,1
527,8,2,0,0,0,0.0,10372886.439336,0
527,9,0,1,3,0,0.0,15115447.838494,0
527,10,0,1,2,0,0.0,16842545.240624,0
528,1,1,1,1,1,286.1732804994358,16085847.858637,1
528,2,1,1,1,3,632.272439347287,15433911.177397,1
528,3,1,0,1,2,469.5307451642027,15591741.16694,1
528,4,0,0,0,0,0.0,10616704.008451,0
528,5,0,3,0,2,240.0266854870274,15253809.588713,1
528,6,2,1,2,2,915.8923805248883,16809832.634664,1
528,7,1,2,1,3,831.658140760498,17367745.568442,1
528,8,1,0,5,1,400.1102760319988,10033707.534428,1
528,9,1,2,1,1,385.5334050202171,17489245.666598,1
528,10,0,0,3,2,558.9092246845232,9931674.044713,1
529,1,2,0,1,1,124.64305090915164,14354156.63209,1
529,2,1,1,1,0,0.0,13956656.077498,0
529,3,3,0,0,0,0.0,15921790.127703,0
529,4,2,1,2,2,968.5433694286005,14170966.59475,1
529,5,1,0,1,0,0.0,13520019.79837,0
529,6,2,0,1,1,201.86727203106489,11675776.619544,1
529,7,2,0,1,0,0.0,14736598.232293,0
529,8,0,0,2,1,227.14248574410485,10518556.533936,1
529,9,2,1,1,0,0.0,16536965.969039,0
529,10,3,0,0,2,860.5280255229935,13366019.747907,1
530,1,1,4,2,0,0.0,15760408.134792,0
530,2,0,2,0,0,0.0,9415083.733781,0
530,3,0,0,2,0,0.0,11510495.577519,0
530,4,0,1,0,1,464.6285953698438,5123790.771919,1
530,5,3,1,2,2,604.750800411626,14065858.229444,1
530,6,0,0,0,3,815.8965206540253,15949556.757196,1
530,7,1,0,2,2,442.0819093341737,16803701.548221,1
530,8,1,1,2,0,0.0,14848152.414622,0
530,9,1,1,1,2,385.21691797880203,12193474.750178,1
530,10,2,1,0,2,807.2061582928047,12981983.055611,1
531,1,0,1,0,0,0.0,14734195.006398,0
531,2,2,1,1,0,0.0,16236362.896468,0
531,3,1,0,0,1,290.0628083664089,15330737.868472,1
531,4,3,0,1,2,622.1588816270893,14151360.528472,1
531,5,1,0,1,1,152.94748897734215,13602755.918112,1
531,6,3,1,0,1,479.62366324805816,15199311.801242,1
531,7,0,2,2,0,0.0,10465187.407741,0
531,8,0,0,0,2,614.8171798274558,15080651.383989,1
531,9,1,0,0,1,435.4023899587603,13844134.314447,1
531,10,4,1,0,1,83.76693879855486,13289561.741595,1
532,1,1,1,0,1,344.05992216712065,7057118.546172,1
532,2,0,2,0,3,780.5064240270639,15836129.819919,1
532,3,1,0,1,0,0.0,11800976.392452,0
532,4,3,0,2,0,0.0,13033505.545833,0
532,5,2,0,0,3,439.67961370527826,12157509.014718,1
532,6,0,3,2,1,431.7552875159719,15411474.184304,1
532,7,0,3,1,2,362.70854233436705,12170395.928458,1
532,8,3,2,0,0,0.0,8585962.658466,0
532,9,0,1,1,2,389.6710057769393,12022745.868128,1
532,10,0,4,2,1,377.0582127920608,16002554.962713,1
533,1,2,0,0,0,0.0,8031719.558727,0
533,2,1,0,1,1,17.630048429387504,12962036.423515,1
533,3,0,3,1,1,459.124093072559,15974961.755314,1
533,4,1,2,0,1,29.32415297635054,12387777.233318,1
533,5,0,2,2,1,96.80632009552532,11263700.347679,1
533,6,2,0,1,0,0.0,13998895.390813,0
533,7,0,2,0,1,369.3209903849358,12579268.90757,1
533,8,2,0,3,1,198.5139038977582,13529362.885924,1
533,9,2,1,1,0,0.0,13476907.173376,0
533,10,1,1,2,0,0.0,12973148.986911,0
534,1,1,0,1,3,833.4885294942507,15660120.849911,1
534,2,0,1,2,1,294.9339320589911,13056932.843693,1
534,3,2,0,0,1,225.5794924259204,10270577.62636,1
534,4,0,1,1,1,429.1545535654537,10988234.384085,1
534,5,2,0,1,1,169.51187515444076,13829285.575855,1
534,6,0,3,0,2,797.5730554973252,11689488.697997,1
534,7,0,0,1,0,0.0,11508202.249699,0
534,8,1,2,0,1,378.3781694867176,15875536.705665,1
534,9,0,1,1,1,182.1518937859988,6721864.382381,1
534,10,1,3,1,1,485.62389205828856,14123310.52772,1
535,1,1,0,1,2,740.931936473204,11225127.912063,1
535,2,1,2,0,0,0.0,11266080.627977,0
535,3,0,1,1,1,370.00203843632346,10225760.184218,1
535,4,3,1,2,1,398.82613643219565,16882128.57504,1
535,5,1,1,1,2,451.1891125006164,14221457.953157,1
535,6,4,2,2,0,0.0,13380762.708866,0
535,7,3,0,1,0,0.0,15573011.524397,0
535,8,0,1,1,0,0.0,13004515.368179,0
535,9,2,1,1,2,674.4210695184988,13690304.282656,1
535,10,1,0,1,2,66.51125436882425,13380084.910946,1
536,1,1,1,0,0,0.0,11365374.710362,0
536,2,0,0,3,0,0.0,7643730.838532,0
536,3,0,0,1,1,43.766653942841806,14735145.286566,1
536,4,3,2,1,0,0.0,15622231.172547,0
536,5,2,1,2,0,0.0,9972893.541491,0
536,6,0,0,0,2,672.2245430047694,14509050.603978,1
536,7,2,0,0,1,465.1874095556295,11883827.89492,1
536,8,1,1,2,1,199.538178602001,14001723.320494,1
536,9,3,3,0,1,319.34002821367574,13323974.393191,1
536,10,1,1,1,1,254.6795681435867,14799252.65221,1
537,1,0,1,1,0,0.0,16130435.507998,0
537,2,1,0,1,1,44.059634748257366,15172684.097146,1
537,3,1,1,2,2,488.2895000966527,9105986.394867,1
537,4,1,1,3,3,697.3830219806849,15153744.106005,1
537,5,0,1,0,0,0.0,12227021.596042,0
537,6,1,1,4,1,493.18432579877776,14038633.830338,1
537,7,0,1,1,0,0.0,12910703.162546,0
537,8,1,1,0,1,290.29474656231884,11638709.038589,1
537,9,0,2,1,0,0.0,13962831.367048,0
537,10,4,1,0,1,40.891694052594886,13368626.321735,1
538,1,2,1,0,1,128.13055063597704,7412581.115898,1
538,2,0,1,1,2,723.8383676545509,13961705.132508,1
538,3,2,1,1,0,0.0,14770243.342894,0
538,4,0,1,1,2,713.0572605738519,12226080.718368,1
538,5,0,3,1,2,711.1535051367156,15074501.921649,1
538,6,1,0,0,0,0.0,16975891.592878,0
538,7,2,1,3,2,279.67215486766764,8816048.432335,1
538,8,1,0,1,1,78.67599439336722,15041160.057238,1
538,9,0,0,1,0,0.0,11517299.922945,0
538,10,0,1,1,1,289.9430941925539,17269955.693677,1
539,1,2,1,0,1,326.54136860893374,15442566.26235,1
539,2,0,0,4,1,421.97256882267817,8877349.554287,1
539,3,1,2,0,1,153.18204520579113,15480321.513417,1
539,4,2,1,1,0,0.0,16368230.127429,0
539,5,0,0,2,0,0.0,9009988.395829,0
539,6,1,0,1,2,494.2748299132961,15204595.892807,1
539,7,1,2,1,1,34.54051094269707,15274451.376549,1
539,8,0,1,1,1,399.5506147722127,12269862.477119,1
539,9,0,0,0,1,119.77506717665236,11828649.046292,1
539,10,0,1,0,1,109.36522431722948,15998188.965131,1
540,1,0,1,0,2,886.466678106247,12328723.546104,1
540,2,2,0,3,2,639.8354330209862,16348616.864002,1
540,3,1,1,2,1,173.41672291986737,12569999.054476,1
540,4,1,0,0,1,316.59576285196124,7872082.106296,1
540,5,1,1,2,1,299.84095603693635,12327220.650411,1
540,6,0,3,1,1,437.8342608979021,16156736.514251,1
540,7,1,0,1,3,905.9323547480559,10008117.414375,1
540,8,2,2,3,0,0.0,12391271.776681,0
540,9,1,2,0,0,0.0,11887082.439643,0
540,10,3,1,0,0,0.0,12440206.535491,0
541,1,1,2,1,2,710.0585952631927,16451419.236878,1
541,2,2,0,1,1,57.0254146063766,5208552.304206,1
541,3,1,2,1,3,878.910064775024,12826348.113098,1
541,4,0,1,1,2,402.3885129615826,12832144.544313,1
541,5,1,1,1,0,0.0,15299026.071546,0
541,6,1,2,2,3,875.2754076888527,10591464.176465,1
541,7,1,1,1,0,0.0,11865981.63228,0
541,8,1,2,0,1,480.8999915815969,15341694.622466,1
541,9,1,3,0,2,472.37954445355854,15844254.408114,1
541,10,0,1,1,1,116.72235105188804,8323765.150254,1
542,1,3,0,2,0,0.0,12613595.093353,0
542,2,1,2,0,0,0.0,9031979.075124,0
542,3,0,2,0,2,172.8000902054225,4672790.344115,1
542,4,1,1,3,0,0.0,13111782.119621,0
542,5,1,1,0,1,298.4862812698635,14362231.756953,1
542,6,0,2,0,1,330.94499901176084,13479832.226524,1
542,7,0,1,1,1,108.34426929766528,11915143.918736,1
542,8,0,1,3,2,718.9774065020913,17396811.78279,1
542,9,1,2,1,0,0.0,15783552.45406,0
542,10,1,1,1,1,168.74075649887487,14338696.158786,1
543,1,1,1,3,1,338.7016595248037,16348632.18784,1
543,2,1,2,0,0,0.0,10473241.560777,0
543,3,0,0,4,1,100.48097833938576,10956698.259817,1
543,4,1,1,0,1,193.97502975681607,13018956.716047,1
543,5,1,1,2,3,841.3511976657945,16019423.735651,1
543,6,0,2,2,1,333.10281881702633,16429377.389867,1
543,7,1,1,1,2,430.3417297925645,13594625.728513,1
543,8,1,1,1,2,530.1384205597699,11765293.352195,1
543,9,1,1,0,2,685.1517287284422,13170658.196331,1
543,10,2,1,0,0,0.0,13398306.966252,0
544,1,1,1,3,2,700.1421381675821,12489492.842554,1
544,2,4,0,2,1,124.2808916933841,15666625.681001,1
544,3,3,0,1,1,110.69847382835384,16011888.832452,1
544,4,2,1,2,3,844.8948662814662,14038271.689749,1
544,5,1,0,1,1,136.6902617577423,11506902.695516,1
544,6,0,1,0,1,357.22364909748603,15135589.86912,1
544,7,2,0,1,2,352.3360299974553,14667250.044674,1
544,8,0,2,0,1,364.02000446657553,17013446.135299,1
544,9,0,3,1,2,445.8905935385719,10385295.204116,1
544,10,0,1,1,2,118.78045032682674,12743915.813511,1
545,1,1,2,1,1,409.1525981674114,12036391.406341,1
545,2,3,1,1,0,0.0,15871273.486908,0
545,3,0,1,2,0,0.0,13700180.654184,0
545,4,1,0,2,1,93.70778517733974,12242597.467567,1
545,5,1,0,2,1,6.01026683204617,16316072.959482,1
545,6,0,1,1,0,0.0,11678213.437855,0
545,7,0,2,1,3,786.6612456816999,12670812.762439,1
545,8,3,1,0,1,216.1352568685784,13678093.998941,1
545,9,1,1,2,0,0.0,13192094.144573,0
545,10,1,0,0,0,0.0,8500089.770756,0
546,1,2,2,1,0,0.0,15378298.557206,0
546,2,2,1,1,1,59.00493615849529,16985401.632271,1
546,3,0,1,2,0,0.0,12708354.127475,0
546,4,1,1,0,0,0.0,15566467.635695,0
546,5,0,0,2,1,63.25026084138924,15561714.436881,1
546,6,1,1,4,1,36.68890427059331,13984625.569022,1
546,7,0,5,1,0,0.0,16233983.165828,0
546,8,1,1,3,1,148.0985423203726,13333363.321122,1
546,9,1,2,1,2,613.9777608686211,13334972.150469,1
546,10,1,0,1,1,143.76521914474037,7741528.296299,1
547,1,0,0,2,2,320.612982178031,13637289.133789,1
547,2,2,1,1,4,1213.150995751495,17073675.896141,1
547,3,2,2,3,1,277.4178619952811,16370836.376646,1
547,4,2,1,0,0,0.0,16486365.877664,0
547,5,1,2,1,0,0.0,9814938.205895,0
547,6,2,0,1,2,372.53035893945025,15432754.73305,1
547,7,1,1,1,1,490.5960584081921,13543302.561055,1
547,8,4,0,0,2,393.2785194058861,15688451.585338,1
547,9,0,2,0,2,384.2195309235582,12954215.250883,1
547,10,0,2,1,3,794.498889554678,13884669.70566,1
548,1,2,1,1,1,68.32319302625255,12911809.746724,1
548,2,0,3,2,0,0.0,12961163.10299,0
548,3,1,3,1,0,0.0,17268819.587281,0
548,4,1,1,1,1,341.09843626705646,15701622.327995,1
548,5,3,2,2,1,279.90940414879566,14173131.966523,1
548,6,1,2,0,2,632.535957825773,10155737.594709,1
548,7,1,1,0,3,653.8426350839153,15154992.91277,1
548,8,0,2,1,2,577.6475297085524,11934290.637583,1
548,9,3,0,0,0,0.0,11004902.310318,0
548,10,1,2,2,2,287.56422201283874,15297151.468893,1
549,1,0,2,2,2,783.1773430036894,9641174.524934,1
549,2,0,1,2,0,0.0,11523465.604252,0
549,3,4,1,0,0,0.0,17627969.366702,0
549,4,1,2,2,0,0.0,14635501.975189,0
549,5,4,1,1,1,131.22224415860364,14865917.140105,1
549,6,3,2,1,1,423.3272732147222,13262064.688883,1
549,7,1,0,2,0,0.0,13684028.534687,0
549,8,1,1,2,0,0.0,10823944.74336,0
549,9,1,2,0,1,136.46228351603662,14109649.286077,1
549,10,1,1,2,2,64.35754779645474,11233245.99518,1
550,1,0,1,1,1,255.4458536863264,14875103.08051,1
550,2,1,1,1,0,0.0,6591669.019992,0
550,3,1,1,3,0,0.0,16553962.764203,0
550,4,1,2,0,1,236.3668702884728,14973844.407926,1
550,5,0,1,1,0,0.0,7958920.101095,0
550,6,0,0,2,0,0.0,15106545.713198,0
550,7,2,0,1,0,0.0,16915880.964276,0
550,8,1,1,3,2,722.1764199326916,16370211.068285,1
550,9,1,0,1,3,866.5641022095388,17524569.189041,1
550,10,0,0,1,2,658.7605689118477,10995641.341808,1
551,1,1,0,1,0,0.0,7707511.542888,0
551,2,0,0,1,1,246.15510379932476,14395291.699843,1
551,3,0,3,0,1,364.20641469002953,13957208.680538,1
551,4,2,0,1,0,0.0,13816647.181612,0
551,5,1,2,1,0,0.0,13199289.613597,0
551,6,1,1,3,2,289.4585366362095,14424863.774218,1
551,7,0,1,0,0,0.0,8932155.104437,0
551,8,2,1,1,1,435.4535742385256,14393756.296741,1
551,9,1,1,0,3,790.6360441757158,6267672.859377,1
551,10,2,1,1,0,0.0,15382609.325371,0
552,1,0,1,3,1,170.1125039133908,13188582.972017,1
552,2,1,1,1,1,234.4698626125397,13237618.495831,1
552,3,1,1,1,3,959.5078427848267,8210737.553868,1
552,4,2,1,1,2,354.1395560705961,11411666.607954,1
552,5,0,0,2,0,0.0,15620673.166299,0
552,6,2,0,2,2,597.7968557961676,10805532.044318,1
552,7,1,1,2,0,0.0,13086256.660387,0
552,8,1,1,2,1,62.43231873806384,16450247.414908,1
552,9,0,0,1,2,873.3061877033801,14169891.8793,1
552,10,2,0,2,1,259.59031001237327,17223088.99864,1
553,1,0,0,2,2,667.3013503652751,13434180.902414,1
553,2,2,0,3,0,0.0,13230812.072058,0
553,3,1,0,1,1,349.4285543022729,14753677.911134,1
553,4,1,0,0,1,274.3097865967421,11258630.205723,1
553,5,2,0,1,0,0.0,14643117.03734,0
553,6,0,1,0,0,0.0,14577521.506058,0
553,7,3,0,2,1,260.8011409071096,14304430.456119,1
553,8,0,1,1,1,355.25083359692576,8092964.479868,1
553,9,2,2,0,1,299.9540781771507,11545785.030975,1
553,10,1,1,1,0,0.0,11203132.105039,0
554,1,1,3,1,0,0.0,15888516.232896,0
554,2,0,2,2,0,0.0,16446643.439052,0
554,3,0,0,1,3,519.9097195404308,13194522.14145,1
554,4,0,1,0,2,164.7974374797891,16051572.475196,1
554,5,0,1,1,1,28.27709533097404,12923221.616502,1
554,6,0,0,1,3,395.29178838542873,12641195.538742,1
554,7,0,1,2,1,146.44454157742268,15076104.986428,1
554,8,0,0,1,1,47.019940583436345,6039902.833223,1
554,9,1,2,1,2,983.3814097781225,15391872.131191,1
554,10,2,0,1,1,304.2618956313711,15412150.189722,1
555,1,1,2,1,0,0.0,11413008.470066,0
555,2,1,0,1,1,25.97799521393614,7844261.766885,1
555,3,2,0,1,0,0.0,16670747.558385,0
555,4,1,2,0,1,37.04882194887672,12901701.350264,1
555,5,1,2,0,1,181.7364860308529,6671377.61373,1
555,6,0,0,0,2,550.7411867652712,12603739.010968,1
555,7,1,2,0,0,0.0,13256706.899753,0
555,8,1,0,2,1,365.4138681971797,17138483.433625,1
555,9,0,3,0,0,0.0,9037514.588393,0
555,10,1,0,1,1,441.853934991996,16210939.194779,1
556,1,2,3,1,1,408.7368319163046,14071904.97626,1
556,2,2,0,1,1,474.3484544075779,12883832.317994,1
556,3,1,0,0,1,450.6490429927874,13621593.63522,1
556,4,2,3,0,3,749.2111848978747,16206921.464806,1
556,5,2,1,0,3,1180.3648873618997,13896388.758695,1
556,6,0,3,0,1,298.0441539386886,16800719.562524,1
556,7,1,1,2,1,216.20395561271957,15522697.786111,1
556,8,0,2,0,0,0.0,14775129.704733,0
556,9,1,0,1,1,356.84373740308587,14726506.548779,1
556,10,0,2,2,0,0.0,9546350.241618,0
557,1,1,1,3,1,275.18713295511566,16581271.635641,1
557,2,0,1,2,0,0.0,16501456.883443,0
557,3,0,1,0,2,866.2191171547186,14243489.95229,1
557,4,0,1,3,0,0.0,12843917.896772,0
557,5,1,0,0,0,0.0,12419831.754156,0
557,6,0,1,1,1,54.81443410041106,16075684.058477,1
557,7,1,1,2,1,26.6758257944159,14859892.309227,1
557,8,4,2,0,0,0.0,14664992.368189,0
557,9,1,1,2,2,741.261328179502,13809405.081607,1
557,10,3,1,2,1,118.80717617602298,16170281.706841,1
558,1,1,2,1,1,275.1709486645722,12724837.842805,1
558,2,2,1,2,0,0.0,12425834.165846,0
558,3,0,1,1,1,499.9815375925012,16974832.429952,1
558,4,1,1,1,2,473.45687349448247,16039229.401213,1
558,5,0,0,2,1,498.8626483102728,11261745.045339,1
558,6,1,0,1,0,0.0,12955923.037116,0
558,7,1,0,1,1,79.3437849984065,13470974.512397,1
558,8,1,1,1,2,373.0886714376924,13334160.543751,1
558,9,1,1,1,1,401.2254774459671,15322215.990309,1
558,10,1,0,4,1,449.40808399205815,9937105.13373,1
559,1,0,2,1,3,853.2759828023666,14568890.822728,1
559,2,0,0,0,1,192.7036654848303,12581820.201953,1
559,3,0,1,1,4,1197.0695338600144,13480031.007327,1
559,4,0,1,0,2,301.4035286916868,7533428.275819,1
559,5,1,0,2,0,0.0,13102103.563193,0
559,6,1,0,0,0,0.0,15431395.528381,0
559,7,0,1,1,2,422.494467948151,14453143.765033,1
559,8,1,1,1,0,0.0,15165074.18714,0
559,9,1,0,1,3,981.6766540496656,10974094.467334,1
559,10,4,0,2,0,0.0,16032810.317218,0
560,1,0,0,0,2,828.5681294904482,8303438.055436,1
560,2,0,3,0,1,53.34546163804676,15930800.359556,1
560,3,0,1,1,0,0.0,7415722.998288,0
560,4,1,2,1,0,0.0,10199703.305081,0
560,5,0,0,1,2,422.06803000241945,11541006.704854,1
560,6,2,3,0,2,734.7439422510756,15958761.903648,1
560,7,0,0,1,1,289.3821550012164,14211992.974937,1
560,8,0,0,1,1,196.9490277271303,12212906.709203,1
560,9,1,2,0,2,497.03573842323476,15926424.537387,1
560,10,0,2,0,2,196.7706158446356,10764719.106213,1
561,1,0,2,0,1,492.9362688725391,10266322.854947,1
561,2,0,0,0,0,0.0,15427863.884468,0
561,3,0,2,2,2,328.488869228855,16693438.297069,1
561,4,4,1,1,2,460.2929152245048,13726376.716177,1
561,5,1,1,0,1,232.2418002771428,15719089.809314,1
561,6,0,1,1,1,369.0262086515811,8546431.748462,1
561,7,0,0,1,1,308.10665534811875,14915307.469167,1
561,8,1,0,0,1,331.5959217385888,13807569.235108,1
561,9,0,3,0,2,512.5674115699278,15839506.89124,1
561,10,2,0,1,1,279.1647801473366,12411916.606581,1
562,1,2,1,1,1,316.1591756053143,17418651.367376,1
562,2,1,2,1,3,1233.7034408508978,16171442.384579,1
562,3,4,2,0,1,246.93288168760077,10679469.280044,1
562,4,0,3,2,0,0.0,12663082.888855,0
562,5,2,1,0,0,0.0,12140810.644242,0
562,6,2,1,2,0,0.0,14789570.826002,0
562,7,1,0,4,1,413.7006375126823,7986477.810082,1
562,8,0,0,2,1,112.24103909258862,16485738.596023,1
562,9,1,3,0,1,135.4314251256201,13519970.134315,1
562,10,1,1,1,1,472.764756526252,10705105.227039,1
563,1,4,0,2,2,952.0942435671946,14700181.08823,1
563,2,1,1,1,1,366.14437836349,14820010.298652,1
563,3,1,0,0,0,0.0,14647727.679361,0
563,4,0,0,4,1,494.0204985420287,10096790.481637,1
563,5,3,1,0,0,0.0,16303034.626243,0
563,6,0,1,1,3,1001.9145938477966,15060259.783628,1
563,7,2,1,2,1,376.14721178864426,16393095.56531,1
563,8,0,0,1,1,203.4076847525704,17412955.216761,1
563,9,1,3,1,1,182.18546886742368,14084328.453593,1
563,10,4,1,0,2,650.2679922349957,12434182.33129,1
564,1,2,2,0,0,0.0,12479376.723544,0
564,2,3,0,1,1,20.694003437374136,15822769.50143,1
564,3,1,0,1,0,0.0,13311786.776359,0
564,4,2,0,1,0,0.0,9993252.261659,0
564,5,1,0,2,1,317.1331223689062,12742864.83197,1
564,6,0,0,6,1,140.95174207584674,13027668.516443,1
564,7,2,2,1,1,175.4915615663731,14859265.441151,1
564,8,0,2,0,0,0.0,9685194.311462,0
564,9,2,1,0,1,433.2913376614171,7917369.575934,1
564,10,2,2,1,2,836.2879139617681,15425650.162168,1
565,1,1,0,4,4,1458.8815365198636,13698158.882335,1
565,2,1,1,0,2,796.4086920237504,13787026.025033,1
565,3,2,0,1,1,285.1897305030363,15182458.847788,1
565,4,1,2,2,0,0.0,8406507.463535,0
565,5,0,4,1,0,0.0,7923263.706564,0
565,6,0,0,2,1,118.93155233779426,15731693.989786,1
565,7,0,2,1,2,735.5764763587972,15521446.625369,1
565,8,4,0,0,2,496.63017523876505,17090984.402113,1
565,9,3,1,2,1,412.4336575611831,15527579.181537,1
565,10,1,1,1,2,549.6045740640319,15194352.529063,1
566,1,1,2,0,0,0.0,13626509.213497,0
566,2,0,0,1,4,1411.6949443900203,16735547.059529,1
566,3,1,1,0,1,178.3092780467451,16573582.467652,1
566,4,1,1,1,3,763.9493677851256,12819412.889129,1
566,5,1,1,1,2,797.2919839810925,11196970.670649,1
566,6,2,0,0,1,409.9557758683189,14057133.973599,1
566,7,0,0,1,1,83.73369828427572,12237882.118581,1
566,8,1,2,0,2,306.30435261037144,12442213.673877,1
566,9,0,1,0,1,225.41459028733823,12556598.685638,1
566,10,0,0,2,0,0.0,12350863.657754,0
567,1,1,0,2,3,667.0591516179265,10137930.462994,1
567,2,1,0,3,1,231.0658741263586,17220508.098503,1
567,3,1,2,2,0,0.0,17017434.663006,0
567,4,0,0,3,2,258.1917685109063,13249025.487115,1
567,5,1,1,0,0,0.0,10574983.05915,0
567,6,1,3,2,1,254.5368128074051,16948457.351619,1
567,7,0,0,1,0,0.0,13569228.299445,0
567,8,2,1,0,2,159.90705369241334,16126624.969584,1
567,9,1,0,1,1,445.39762894135765,11869271.307796,1
567,10,3,2,0,1,201.93010943549532,16516958.822404,1
568,1,2,1,0,1,171.9473791440661,5776751.705928,1
568,2,1,0,0,3,877.9139052711271,15899196.669242,1
568,3,0,2,0,1,242.93786935464604,7917688.670353,1
568,4,0,1,3,3,727.9546343632546,12572601.483773,1
568,5,2,1,1,4,419.37086430800343,13497213.196431,1
568,6,0,1,2,2,632.0303838479753,8493537.032676,1
568,7,2,1,2,2,774.1553837805773,17560282.334315,1
568,8,2,0,2,2,29.01509886169958,10154261.876058,1
568,9,1,1,1,0,0.0,16460151.373234,0
568,10,0,3,2,1,483.5473108622276,17185921.663935,1
569,1,2,0,0,1,303.8988100216863,11343211.49093,1
569,2,2,1,0,1,397.0141875556641,15466849.550987,1
569,3,3,0,0,1,171.3302294412151,14406108.503888,1
569,4,0,1,0,0,0.0,11859060.976969,0
569,5,0,1,1,0,0.0,6529470.92109,0
569,6,0,0,0,2,434.2195362069836,13705142.266677,1
569,7,1,1,0,0,0.0,17141023.024241,0
569,8,2,0,2,2,693.4250238453392,12792234.599994,1
569,9,1,0,0,2,410.3972000907729,14357787.242151,1
569,10,1,2,0,0,0.0,13354720.126037,0
570,1,1,0,1,1,437.8546243644488,11581368.613639,1
570,2,0,1,1,1,383.6807205294374,11477557.960096,1
570,3,2,0,2,0,0.0,13458891.207652,0
570,4,0,0,2,0,0.0,14086767.59094,0
570,5,1,4,3,0,0.0,12100530.149049,0
570,6,1,0,0,1,161.28590657878655,13787207.091818,1
570,7,1,2,1,1,270.8539650327662,15750298.784245,1
570,8,2,0,0,3,625.0075872144846,15186612.735532,1
570,9,1,4,0,1,9.96385516654032,15199683.247781,1
570,10,2,2,0,1,207.90880979640275,13765544.093083,1
571,1,1,1,0,1,100.8940877032821,16223502.433446,1
571,2,2,0,1,0,0.0,14039503.13476,0
571,3,3,0,0,1,412.5091336264479,13446555.842356,1
571,4,1,0,1,1,331.90882488467145,16967176.787172,1
571,5,3,0,0,0,0.0,8428787.337166,0
571,6,2,3,0,2,729.7748840800739,17108293.154758,1
571,7,0,1,0,0,0.0,14604225.360659,0
571,8,1,2,1,1,211.7468638995227,13424373.125879,1
571,9,1,1,1,0,0.0,10891053.353882,0
571,10,0,1,1,4,1057.9525786552322,15629458.268145,1
572,1,1,1,1,3,1349.747410203446,16951693.355118,1
572,2,3,1,1,0,0.0,12563306.112425,0
572,3,0,1,2,0,0.0,10810455.903595,0
572,4,2,1,0,0,0.0,9898152.92931,0
572,5,1,1,0,0,0.0,11868539.355096,0
572,6,1,1,2,2,194.30957958314698,12873371.942735,1
572,7,2,0,2,1,455.2649583693412,9478035.190801,1
572,8,1,2,1,0,0.0,14432659.173627,0
572,9,3,0,0,1,262.47896572212403,16853851.106299,1
572,10,2,0,1,2,745.9649362373116,13336208.341026,1
573,1,1,1,1,2,294.8746007034067,16592302.755494,1
573,2,2,0,0,2,396.5254280901552,14264077.354992,1
573,3,0,3,1,3,674.3087795955012,9169496.161572,1
573,4,0,1,0,1,127.9007321595926,14634748.512127,1
573,5,2,3,2,1,281.73134128503347,15478376.385198,1
573,6,2,2,0,2,674.4557948915772,16600970.284535,1
573,7,3,1,0,1,327.9256440998582,11741677.823098,1
573,8,2,1,0,1,295.4960167383338,15025754.678031,1
573,9,0,2,0,3,599.3519828853682,12302517.233904,1
573,10,1,0,1,1,103.84129596474946,14415100.364887,1
574,1,0,3,2,1,222.2172958111903,15892994.181761,1
574,2,3,1,0,0,0.0,14675541.657373,0
574,3,1,2,1,2,691.3995700517282,13134103.115737,1
574,4,1,1,1,0,0.0,16037023.362985,0
574,5,2,0,2,0,0.0,13356516.590902,0
574,6,0,2,2,1,255.59565073094396,14683661.01899,1
574,7,1,4,0,2,534.9688812642145,17129081.356742,1
574,8,1,1,1,3,1193.6165613892526,15874369.592811,1
574,9,2,1,3,2,495.7799892076908,17180503.415786,1
574,10,2,0,1,3,608.2395576205305,15996757.804738,1
575,1,2,0,2,2,671.2798333351745,15333890.620548,1
575,2,3,0,3,1,362.6651918732789,16736064.836388,1
575,3,2,2,1,1,419.7710890482853,15744667.250006,1
575,4,2,0,1,0,0.0,10319186.361122,0
575,5,0,1,2,0,0.0,11970953.411403,0
575,6,0,1,4,1,200.94763814265733,13140660.086885,1
575,7,1,3,1,2,265.0762177346304,11668488.538798,1
575,8,1,0,1,0,0.0,14261493.535129,0
575,9,0,1,1,2,629.7916553028139,15142974.972067,1
575,10,2,2,0,0,0.0,16394334.264159,0
576,1,1,0,2,0,0.0,15851137.533457,0
576,2,0,1,1,0,0.0,9501836.982924,0
576,3,1,2,1,3,1089.836705204814,11415044.138062,1
576,4,1,3,1,1,314.2400643113602,14608454.281972,1
576,5,1,0,1,0,0.0,11184350.721946,0
576,6,0,1,1,0,0.0,13753710.177207,0
576,7,0,1,4,1,490.0632537246594,12337613.119913,1
576,8,1,0,0,3,614.7676516061357,10345353.639886,1
576,9,5,2,0,2,487.5325859076193,12993698.168843,1
576,10,1,2,1,0,0.0,13860127.380166,0
577,1,0,2,3,1,198.2584885734731,13669121.211863,1
577,2,1,0,3,1,487.3633888237019,15127514.643984,1
577,3,1,0,0,2,593.5811017960655,15543282.477175,1
577,4,1,1,0,1,369.5802605970896,9901351.269778,1
577,5,0,2,0,0,0.0,10003297.957772,0
577,6,1,1,0,3,690.9026477099684,11870736.427267,1
577,7,2,0,2,2,604.4264033511803,10981701.946595,1
577,8,0,0,0,1,105.66699273470375,11556793.527873,1
577,9,0,1,0,0,0.0,11540959.381632,0
577,10,2,1,0,0,0.0,15501702.489762,0
578,1,0,3,1,0,0.0,12557073.460621,0
578,2,1,1,3,0,0.0,15853325.740812,0
578,3,5,1,1,1,470.8267221051764,14437759.828071,1
578,4,1,1,1,1,444.5531054492964,11845253.044939,1
578,5,0,1,1,1,474.1290976532232,12289556.390803,1
578,6,2,0,2,0,0.0,9762610.425036,0
578,7,1,1,1,2,628.0453221734015,11307229.847888,1
578,8,3,1,1,0,0.0,14088526.788382,0
578,9,0,2,0,1,49.63305181218632,14784162.743441,1
578,10,1,2,0,3,479.31578505039244,16078671.737522,1
579,1,0,0,2,1,309.0412152408193,12935554.030451,1
579,2,1,0,0,1,167.630229147857,14911220.52429,1
579,3,0,1,1,2,142.67343022305255,14493509.148332,1
579,4,0,2,1,3,827.727616649121,15370747.683995,1
579,5,0,2,0,0,0.0,15097406.792142,0
579,6,1,3,1,1,281.0575084357288,16913395.050855,1
579,7,1,1,3,0,0.0,15290360.825489,0
579,8,3,0,2,0,0.0,15131001.614014,0
579,9,0,1,2,1,495.69978127094606,15096911.252456,1
579,10,1,2,1,3,628.4361994349557,16154564.216114,1
580,1,1,1,3,0,0.0,16419095.307015,0
580,2,1,2,1,2,759.3167980097944,15163414.377423,1
580,3,0,1,1,2,849.8046238250543,5511218.100949,1
580,4,1,0,1,0,0.0,8640811.262757,0
580,5,0,0,1,1,261.2548832475818,15908390.672392,1
580,6,0,0,0,1,63.60694922101407,4791920.604085,1
580,7,1,1,1,0,0.0,10197093.062633,0
580,8,3,1,2,1,407.8440447141991,14406357.111659,1
580,9,1,1,0,1,414.9320985278151,9487919.402328,1
580,10,1,0,0,3,1132.9908025426646,11728103.328614,1
581,1,1,0,1,2,348.8646639061355,9164128.514116,1
581,2,2,2,0,0,0.0,10328480.878656,0
581,3,1,1,0,1,87.31365955112572,13505292.722181,1
581,4,2,0,1,2,138.21548024418755,17402580.064105,1
581,5,1,1,0,0,0.0,14140489.586354,0
581,6,1,2,2,1,46.12601531449046,13532820.22139,1
581,7,1,0,1,0,0.0,9636591.377426,0
581,8,3,0,1,0,0.0,9647977.022333,0
581,9,1,3,1,2,489.0486186886435,17406166.340036,1
581,10,1,1,2,2,820.773130734008,13384489.839683,1
582,1,1,0,2,1,376.3148963282313,11391736.578943,1
582,2,2,1,0,1,14.499076967205305,17049489.99019,1
582,3,2,0,0,4,1123.9639014698778,17063991.850987,1
582,4,1,1,2,1,101.67373887680036,11923686.467658,1
582,5,1,3,2,0,0.0,14696687.051143,0
582,6,0,0,1,2,339.5164101519173,11498884.345529,1
582,7,0,0,1,1,256.8944487881932,14397717.392359,1
582,8,2,1,2,3,651.0347742407948,12220991.561978,1
582,9,1,0,2,1,184.57435124080388,10115098.332239,1
582,10,1,0,2,0,0.0,11129190.008964,0
583,1,0,3,1,3,703.8538152618751,14365964.307472,1
583,2,1,0,0,1,59.78610670377917,13125820.471209,1
583,3,0,1,0,1,370.3957233036623,16688075.992423,1
583,4,0,2,1,1,283.7544981945604,7537232.032321,1
583,5,2,2,0,2,566.1615298095608,12355316.028487,1
583,6,1,1,1,1,150.59975885747758,9426613.517202,1
583,7,0,1,0,1,20.04072415689952,7984712.434009,1
583,8,1,1,2,0,0.0,15946863.142827,0
583,9,3,0,0,0,0.0,15395555.093016,0
583,10,0,0,1,3,565.6939257608122,16567292.131959,1
584,1,0,2,1,0,0.0,11530652.455748,0
584,2,1,3,0,1,373.0410364223717,5034726.998456,1
584,3,0,1,1,1,382.5736902691733,16664200.039768,1
584,4,1,0,1,0,0.0,12390608.521962,0
584,5,2,3,1,0,0.0,12860844.697466,0
584,6,0,2,1,1,277.6243722434139,8352989.088897,1
584,7,0,1,2,1,484.6680513269008,5359084.063237,1
584,8,1,1,1,1,375.9055811077191,13774249.853381,1
584,9,0,0,0,0,0.0,12182935.015239,0
584,10,1,1,0,1,332.741593039812,9984864.481109,1
585,1,1,2,1,0,0.0,14887004.596314,0
585,2,0,1,1,2,475.67805468467975,16668154.743312,1
585,3,0,1,3,0,0.0,14851462.263662,0
585,4,1,1,1,0,0.0,12447136.164876,0
585,5,0,3,2,0,0.0,15178134.308673,0
585,6,1,1,1,1,305.3536890711181,9143454.675008,1
585,7,1,1,1,2,457.22619264327693,16926919.302043,1
585,8,1,1,2,1,31.65118346277299,11170119.775535,1
585,9,2,0,1,2,124.34748326584193,12322831.369468,1
585,10,0,1,4,2,183.2634448999701,13487402.043223,1
586,1,0,1,2,1,192.6937171701348,13900315.341826,1
586,2,0,1,1,0,0.0,16323221.633284,0
586,3,0,1,1,0,0.0,13839221.144174,0
586,4,0,2,0,0,0.0,15934649.24974,0
586,5,2,1,1,1,323.8208266707892,11429172.255821,1
586,6,0,2,1,1,116.73572460795552,7956401.670589,1
586,7,2,1,0,1,255.60606977198535,13309693.020081,1
586,8,0,1,1,3,618.6352718365036,14680831.5382,1
586,9,2,1,0,1,238.88956347020945,14935293.747897,1
586,10,2,1,1,1,99.05062367573524,16049992.064548,1
587,1,2,2,1,0,0.0,13266159.523171,0
587,2,0,0,0,1,410.5664250543974,10101559.714052,1
587,3,1,1,0,1,8.678626296237287,12043902.143922,1
587,4,2,1,0,0,0.0,8243602.316348,0
587,5,3,2,1,1,423.4136579115211,8688969.193958,1
587,6,2,1,1,0,0.0,11577206.782587,0
587,7,0,1,1,0,0.0,13399943.685328,0
587,8,1,0,1,2,452.0770907926465,8633251.106769,1
587,9,1,2,2,0,0.0,16591901.582185,0
587,10,1,1,1,0,0.0,16101973.434658,0
588,1,2,2,2,0,0.0,17473019.396045,0
588,2,1,2,2,0,0.0,8775679.298242,0
588,3,1,0,3,1,382.5457358168516,15365504.778512,1
588,4,0,1,1,0,0.0,13901258.772026,0
588,5,0,1,1,2,107.54158068197313,7573907.170016,1
588,6,0,1,1,1,445.1592272019818,9188711.171891,1
588,7,2,0,2,1,187.305310573308,11900945.994826,1
588,8,4,1,0,2,554.9323372047127,10506474.993856,1
588,9,1,2,2,0,0.0,10760145.885698,0
588,10,1,1,2,0,0.0,10666237.462954,0
589,1,1,1,0,1,97.79383433676954,13617598.581654,1
589,2,0,1,2,1,25.793927718879832,7052787.828154,1
589,3,3,1,0,2,564.7701062124349,14701864.212608,1
589,4,0,5,0,1,28.54301722041656,11423063.232278,1
589,5,1,2,1,2,158.77015398232766,13859588.386656,1
589,6,0,1,2,0,0.0,14186649.173409,0
589,7,1,0,1,1,125.8124311286292,15297477.547123,1
589,8,1,2,0,1,366.0917320651564,14313026.872312,1
589,9,0,1,1,1,216.42158247419243,14146904.454212,1
589,10,0,0,1,1,81.82682058135138,11336141.277235,1
590,1,0,3,0,1,93.41515263808098,15294946.031138,1
590,2,0,1,2,2,513.7843933649607,16537399.917632,1
590,3,2,2,1,0,0.0,10356249.248501,0
590,4,0,1,1,3,470.2599559021961,15231906.892862,1
590,5,2,0,2,1,172.55778851586672,15062801.349818,1
590,6,1,1,4,0,0.0,8797859.421431,0
590,7,2,1,1,0,0.0,15788017.952534,0
590,8,0,1,1,2,523.9232113823956,13235630.548325,1
590,9,1,1,1,1,318.85727249000723,13934610.988564,1
590,10,1,4,2,0,0.0,7328062.782708,0
591,1,1,2,2,0,0.0,15300584.870364,0
591,2,0,2,1,2,367.05220966013474,14884179.82198,1
591,3,1,2,1,1,101.77609516497968,15795660.846928,1
591,4,0,1,1,1,219.8108146916124,13810840.79736,1
591,5,1,1,1,0,0.0,9469306.011441,0
591,6,2,2,2,2,603.3576193754544,10893670.820113,1
591,7,2,0,2,1,395.0679279930124,15340613.827551,1
591,8,4,2,0,1,271.58770142581943,14575398.477683,1
591,9,0,2,0,2,857.4081698439172,12125539.76261,1
591,10,3,3,0,0,0.0,13428265.214701,0
592,1,1,2,0,2,435.3004180435688,14164606.126481,1
592,2,0,1,1,2,487.23011695866273,14752374.667351,1
592,3,2,0,1,2,751.3902566267558,11074724.239771,1
592,4,0,2,1,2,142.81932316710163,14543813.851755,1
592,5,1,3,1,2,475.7732581598173,15887649.181296,1
592,6,2,2,2,0,0.0,16674496.107924,0
592,7,1,4,0,0,0.0,16437641.029011,0
592,8,1,0,1,2,285.2659723716619,16187021.568092,1
592,9,3,0,3,1,391.90408490635247,13117853.870011,1
592,10,0,0,1,4,875.4088223579859,10538888.623264,1
593,1,2,2,1,1,420.7296931373798,15634767.259907,1
593,2,2,1,1,1,371.8632916774252,12568137.016382,1
593,3,1,2,1,1,73.71635503650647,13797736.222257,1
593,4,1,2,1,1,338.2482442500196,12398597.62693,1
593,5,1,0,0,0,0.0,14384032.326871,0
593,6,1,1,1,2,312.0013285134018,10367119.018355,1
593,7,0,3,1,2,237.89393096908663,17213617.193827,1
593,8,0,2,1,0,0.0,14797318.092493,0
593,9,0,2,3,2,174.4844702778821,11801860.401717,1
593,10,1,0,1,2,174.74173411330128,6858164.635612,1
594,1,3,1,1,0,0.0,10289650.631604,0
594,2,4,0,0,2,743.7793214351335,15844578.415638,1
594,3,0,3,1,0,0.0,14119088.181889,0
594,4,0,3,0,3,1085.2480856884983,14354155.585562,1
594,5,0,4,2,0,0.0,12759593.145333,0
594,6,1,0,4,1,306.7687463113889,12509675.575867,1
594,7,2,1,3,0,0.0,11831965.394644,0
594,8,1,0,2,2,467.7534686277793,10128382.639664,1
594,9,2,1,1,0,0.0,13963681.470065,0
594,10,0,0,1,0,0.0,14903214.898682,0
595,1,1,1,0,0,0.0,14459182.37432,0
595,2,4,0,0,0,0.0,17116464.631343,0
595,3,1,0,3,1,499.77335590245497,12998294.415539,1
595,4,0,1,1,3,823.3760989104767,17444758.919522,1
595,5,0,1,1,3,290.7698234129421,16639082.007139,1
595,6,0,1,0,2,526.3070126278316,16117529.181616,1
595,7,1,1,0,1,271.41537484783595,12601484.405436,1
595,8,1,1,1,0,0.0,16298483.760246,0
595,9,1,1,1,2,552.5385963970708,14821381.664465,1
595,10,1,0,0,1,17.931143644264015,15015493.502693,1
596,1,1,2,0,1,201.68364285897803,15238728.495732,1
596,2,0,2,0,1,268.1905156431262,11543915.619758,1
596,3,1,1,1,1,283.62809942441334,15284932.846241,1
596,4,0,1,3,2,515.4073396788563,13854541.89461,1
596,5,1,1,0,3,785.342206211699,15168683.063014,1
596,6,0,0,3,0,0.0,14304389.760464,0
596,7,2,1,1,0,0.0,17441246.045647,0
596,8,0,2,0,3,600.1135876208957,15814104.913112,1
596,9,1,3,1,0,0.0,6334463.977461,0
596,10,0,1,3,1,180.1890023924845,10957929.953303,1
597,1,0,3,1,2,381.18184886628995,15396269.889234,1
597,2,2,1,2,0,0.0,14226049.677634,0
597,3,1,2,1,0,0.0,16659829.747813,0
597,4,1,0,4,2,688.00452833443,15285606.245852,1
597,5,0,4,0,0,0.0,13422760.16571,0
597,6,0,1,1,2,819.7971411037845,16369749.886974,1
597,7,3,1,1,0,0.0,13559494.433519,0
597,8,1,3,0,0,0.0,16396757.517289,0
597,9,1,1,2,2,693.1438681862348,8558139.736218,1
597,10,1,0,1,1,247.31181533322635,16684706.198908,1
598,1,1,1,0,0,0.0,12015657.983434,0
598,2,1,1,0,1,188.22578721320065,16585368.538102,1
598,3,1,1,1,2,497.30469630472055,16934221.56843,1
598,4,2,1,0,0,0.0,4700270.463716,0
598,5,1,1,2,0,0.0,15856401.865434,0
598,6,0,2,1,0,0.0,10851429.571195,0
598,7,3,0,1,1,111.3917466415856,13588124.427896,1
598,8,0,1,1,1,9.597038382851965,16130132.308598,1
598,9,0,2,1,1,35.685468873481966,13950509.088014,1
598,10,3,1,2,2,705.5713759478178,10721266.040922,1
599,1,0,0,1,1,227.29903144624424,10636389.038567,1
599,2,0,2,0,1,95.641045083902,13523192.96895,1
599,3,0,0,2,1,459.9364359679306,13472813.352445,1
599,4,0,0,0,1,385.0176113276764,15658183.799449,1
599,5,2,0,2,2,564.1268070871871,15581886.212509,1
599,6,2,1,0,0,0.0,11231957.795946,0
599,7,2,1,0,1,235.88130590327023,16057725.842554,1
599,8,1,1,1,3,916.4812952025393,15274534.725137,1
599,9,1,3,2,2,216.15879193468783,12856296.354976,1
599,10,1,0,0,1,172.6482160579297,10669665.563457,1
600,1,2,0,0,1,423.7503237196141,13953157.718362,1
600,2,0,1,0,5,935.4781456382148,11152188.638679,1
600,3,2,2,1,1,146.63954291401697,13374366.530419,1
600,4,1,2,1,1,341.58815274983874,16361549.878768,1
600,5,3,1,1,1,194.45247872270647,15303539.877884,1
600,6,1,1,1,0,0.0,16918733.06178,0
600,7,3,0,2,1,85.58186799283351,12896647.376982,1
600,8,3,1,0,0,0.0,9896724.937346,0
600,9,1,3,0,1,329.7588336748232,9178799.210558,1
600,10,1,1,1,1,165.30128009677617,12380723.515116,1
601,1,1,2,2,1,287.7537380612198,15063010.46519,1
601,2,0,1,1,1,208.96691153257856,15976979.03839,1
601,3,0,2,1,2,442.9954905260631,11556543.741716,1
601,4,2,0,1,1,300.4891166795832,15633978.352551,1
601,5,1,2,0,1,261.4397733988252,7747200.800814,1
601,6,0,0,4,2,883.0981707115227,11504248.854049,1
601,7,1,1,0,0,0.0,11568632.177225,0
601,8,1,2,1,1,205.8828076755599,14991376.021537,1
601,9,0,5,1,1,212.40959653178388,15315159.406446,1
601,10,1,1,0,1,38.62631486766823,11192382.348046,1
602,1,1,0,3,0,0.0,11811962.256911,0
602,2,1,0,1,0,0.0,13700894.580533,0
602,3,1,0,1,1,261.4621129606276,12734077.774469,1
602,4,2,1,2,1,94.89069325426313,16693481.169639,1
602,5,0,0,1,1,72.16004912881894,15254773.01091,1
602,6,1,1,0,0,0.0,15882994.833365,0
602,7,1,2,0,1,61.20387885738381,12413508.058945,1
602,8,1,1,2,1,231.08810463821555,14395554.739875,1
602,9,0,1,2,2,339.95115536996065,14405797.473615,1
602,10,2,1,2,1,469.9719468374636,11936091.220798,1
603,1,2,1,0,4,1165.6129308822483,12718366.59316,1
603,2,1,0,2,0,0.0,14126494.771055,0
603,3,1,1,0,2,464.28703174860846,12885476.508973,1
603,4,2,2,0,0,0.0,17341329.750381,0
603,5,1,3,1,0,0.0,12518765.973824,0
603,6,1,2,1,2,545.0346137109923,12461799.32774,1
603,7,2,1,2,1,21.289661678491395,15774007.793923,1
603,8,1,0,0,1,105.41393660672452,6577779.961615,1
603,9,0,1,0,1,97.78790601217388,14191370.336057,1
603,10,1,2,2,1,257.2728039237062,16315536.427255,1
604,1,0,0,2,1,185.29383097766225,12150068.1387,1
604,2,0,2,0,0,0.0,15418655.906761,0
604,3,1,0,2,2,800.0842177305033,12805096.735968,1
604,4,2,0,0,0,0.0,12464282.999174,0
604,5,0,1,0,0,0.0,12648559.829302,0
604,6,3,1,0,2,567.4788870472921,15582515.386693,1
604,7,1,1,1,0,0.0,13013270.374212,0
604,8,0,2,0,0,0.0,13998088.354196,0
604,9,0,2,0,1,341.296469716747,13484192.28442,1
604,10,2,2,1,3,410.81729777037435,9987544.273434,1
605,1,1,1,1,2,572.2230749520379,13687954.272893,1
605,2,2,0,2,0,0.0,10652532.626114,0
605,3,0,0,1,0,0.0,11675300.865979,0
605,4,0,0,1,2,733.1062229598823,16796848.233754,1
605,5,1,1,1,2,472.9235179779689,15161622.88161,1
605,6,1,1,1,4,539.0377201865901,11444184.30675,1
605,7,1,0,1,3,1102.8867607866512,8020465.955749,1
605,8,2,0,0,0,0.0,12608358.060903,0
605,9,2,1,0,0,0.0,14287225.208689,0
605,10,2,2,1,1,151.40757511998044,14715351.298737,1
606,1,0,1,2,2,567.4025245491262,15791994.126823,1
606,2,1,1,0,3,770.4451432483697,15167413.655039,1
606,3,0,0,1,1,44.142475524823766,12441229.520571,1
606,4,1,2,2,2,707.0378948119738,14532429.283777,1
606,5,1,1,1,3,680.9479834596183,13279311.057489,1
606,6,3,2,0,0,0.0,14255536.756672,0
606,7,1,2,0,3,482.3590829628457,12733487.375101,1
606,8,2,1,0,1,138.75259670772343,15222181.77544,1
606,9,0,3,0,0,0.0,6365385.998533,0
606,10,1,0,3,1,172.4355015019774,14163224.90422,1
607,1,0,0,1,2,487.6820015345236,13261683.049725,1
607,2,2,1,2,1,486.34446178544033,14260939.157199,1
607,3,0,2,1,1,467.0625813795762,16451803.593709,1
607,4,0,1,1,1,12.2793624004484,9049064.448233,1
607,5,0,1,2,2,182.81881949762177,12585472.21521,1
607,6,1,2,0,2,724.3990252947317,10749186.602596,1
607,7,2,1,1,2,409.85094934405777,16522710.951295,1
607,8,1,1,0,1,382.8725803439392,16066561.245622,1
607,9,1,0,0,1,297.84401035955665,8228323.377926,1
607,10,1,2,2,2,355.9411543886035,17357793.700016,1
608,1,2,1,0,3,544.5037193219741,13994899.89789,1
608,2,0,0,2,0,0.0,14479657.141367,0
608,3,0,1,0,2,772.8388169091581,14386837.307494,1
608,4,1,2,1,3,782.7901255652087,14751289.447161,1
608,5,2,1,0,0,0.0,11416882.210235,0
608,6,2,0,1,0,0.0,16539182.640737,0
608,7,0,3,2,1,96.7268166896359,11520624.583789,1
608,8,0,1,2,1,218.49623818675636,14034045.198194,1
608,9,0,3,1,0,0.0,15818017.037288,0
608,10,1,2,0,1,398.4396495175084,15298407.532436,1
609,1,1,1,0,1,496.2890215427791,14629937.20339,1
609,2,0,2,1,1,237.83933873079027,15226399.283573,1
609,3,2,2,1,1,397.31638624541074,16974232.535456,1
609,4,0,2,2,3,558.6867264765183,13170252.83184,1
609,5,2,2,1,0,0.0,10672702.671577,0
609,6,0,0,2,3,338.22346142809624,6715187.436261,1
609,7,2,0,0,1,404.3129432311573,14517661.802407,1
609,8,1,0,0,3,1085.366851795271,13479973.33107,1
609,9,0,0,0,1,14.227398782735944,9926173.450144,1
609,10,0,1,1,2,249.61974787267377,8049493.519378,1
610,1,1,2,1,0,0.0,11585075.006414,0
610,2,1,0,1,1,242.10244174052383,14108643.856355,1
610,3,1,3,4,1,373.8800264717884,15639866.379088,1
610,4,0,2,2,3,969.6025743771797,14726773.298195,1
610,5,1,0,0,2,292.224683948417,14832371.144293,1
610,6,1,0,1,2,398.98865146348135,15633872.988844,1
610,7,1,1,1,0,0.0,10544725.768254,0
610,8,0,1,2,1,90.63642396342044,15406031.48581,1
610,9,1,0,1,0,0.0,10448613.539214,0
610,10,2,1,1,3,592.4155705940009,15332912.520715,1
611,1,2,0,2,1,397.0532684638263,12559639.555243,1
611,2,2,1,1,0,0.0,14467312.986548,0
611,3,1,1,1,1,244.4407474057955,14579206.119761,1
611,4,2,2,1,0,0.0,16460238.692928,0
611,5,0,1,1,0,0.0,13184920.144944,0
611,6,2,2,1,0,0.0,14297749.587812,0
611,7,3,0,0,4,819.3895161279002,15118544.342735,1
611,8,1,1,1,1,127.97053623436172,12233096.604417,1
611,9,1,0,3,1,204.25940948995256,15805577.381438,1
611,10,2,1,1,0,0.0,12428332.836963,0
612,1,1,1,1,2,231.9616072348628,11475342.285137,1
612,2,0,0,0,0,0.0,14845168.85567,0
612,3,1,1,0,0,0.0,8923863.895812,0
612,4,3,0,1,2,418.06549421052193,13075122.658152,1
612,5,3,3,1,0,0.0,13677578.362614,0
612,6,0,1,1,0,0.0,11610725.105447,0
612,7,0,3,1,2,661.9610570509606,14873028.13917,1
612,8,2,0,2,0,0.0,14646522.559229,0
612,9,1,1,0,1,150.92915982874808,11406271.317163,1
612,10,1,0,1,1,117.08836132496266,12938559.761674,1
613,1,1,1,0,0,0.0,12907278.549142,0
613,2,1,0,2,2,305.66146239715647,16267585.78464,1
613,3,1,2,1,2,612.2131879795268,15326401.306296,1
613,4,1,0,1,0,0.0,15097718.369887,0
613,5,0,1,1,1,126.27550140502554,11642957.578781,1
613,6,2,1,1,0,0.0,9119432.30278,0
613,7,0,0,1,1,261.62559988136445,4251948.00673,1
613,8,1,2,1,1,287.85643957026963,14864718.037709,1
613,9,0,2,0,0,0.0,10940563.640949,0
613,10,2,0,1,5,1647.5502836456635,14951189.32336,1
614,1,0,2,2,1,492.8247448850828,12346772.25787,1
614,2,1,1,2,0,0.0,11746028.266084,0
614,3,3,2,0,0,0.0,11283692.226891,0
614,4,2,3,1,1,41.15123894055881,9963277.493227,1
614,5,0,0,2,0,0.0,14703963.839272,0
614,6,1,3,1,1,264.833916369358,12771802.72734,1
614,7,1,3,0,0,0.0,17254465.862447,0
614,8,3,2,0,1,442.9535034446268,14398579.669436,1
614,9,2,0,2,1,110.44957139205704,9530865.015186,1
614,10,1,1,0,1,107.71135673654996,15603192.812077,1
615,1,4,1,0,3,1077.0881805611164,14929079.270174,1
615,2,0,1,0,1,194.84196937615465,16492140.225282,1
615,3,0,0,0,2,708.0419468742821,11547910.223472,1
615,4,1,1,2,1,50.75135407816616,9902902.291306,1
615,5,1,2,0,4,1243.4688208630819,14663898.379869,1
615,6,0,0,1,1,362.3277633170402,10410267.227877,1
615,7,0,0,2,1,160.27307042103502,16361551.798714,1
615,8,1,1,0,0,0.0,14637137.430661,0
615,9,2,2,2,0,0.0,12696200.191339,0
615,10,2,0,1,1,499.1596505708249,10579154.956913,1
616,1,2,1,0,0,0.0,16251590.094518,0
616,2,2,1,2,0,0.0,13417925.682443,0
616,3,1,0,1,2,371.62804387048584,10869465.811683,1
616,4,0,2,0,1,117.83881470500712,14030449.81295,1
616,5,1,0,3,1,166.50262130194722,11752323.29857,1
616,6,2,3,1,1,380.52772679099576,12317366.994017,1
616,7,0,1,1,1,102.36939828044208,12787526.811845,1
616,8,1,0,1,2,492.7199443027051,12973416.523441,1
616,9,1,5,1,0,0.0,14375163.983385,0
616,10,2,1,1,2,413.2817416200039,14006930.653768,1
617,1,1,1,0,2,476.07588909664645,14511429.868919,1
617,2,2,1,1,1,98.95403913232003,11758368.5618,1
617,3,1,2,1,0,0.0,15096011.719757,0
617,4,1,1,0,4,842.3193507108091,14266812.368884,1
617,5,1,0,1,2,301.7510609015359,16337465.120397,1
617,6,1,2,1,0,0.0,13094708.857752,0
617,7,1,1,0,0,0.0,16571263.472188,0
617,8,2,0,1,0,0.0,17349378.605138,0
617,9,2,2,1,1,196.1721828719896,16071239.882027,1
617,10,2,1,1,1,474.80411801059466,16049175.691308,1
618,1,3,1,2,1,162.6305604152134,15723933.933857,1
618,2,2,0,1,0,0.0,8641182.072698,0
618,3,2,0,1,3,1066.907351430727,14552221.662105,1
618,4,0,2,1,2,595.8240438435531,16330931.097971,1
618,5,1,3,1,1,461.9144874968358,17156512.267126,1
618,6,1,1,0,0,0.0,12080234.811635,0
618,7,1,0,0,2,591.4888880870437,7237208.176164,1
618,8,3,1,1,2,344.1562232842748,12961468.073717,1
618,9,1,1,1,3,657.4003032481661,12800272.413555,1
618,10,2,1,0,0,0.0,15544257.57845,0
619,1,2,2,2,0,0.0,15843106.461821,0
619,2,1,1,1,0,0.0,15716340.878178,0
619,3,2,2,0,0,0.0,14023262.179111,0
619,4,0,3,1,2,583.024315457162,16535557.276799,1
619,5,0,0,1,2,437.7667678203537,16947641.312115,1
619,6,0,1,0,2,772.9440916671601,10095504.93288,1
619,7,1,1,1,0,0.0,11515337.439028,0
619,8,0,0,1,1,314.5386236540442,12090679.280202,1
619,9,4,0,3,2,789.308275087131,11917442.027298,1
619,10,0,1,0,1,84.34663432073917,12225544.369242,1
620,1,2,1,0,0,0.0,12435892.174744,0
620,2,0,2,1,1,148.50872970230483,14522284.928303,1
620,3,1,0,0,0,0.0,11129923.531922,0
620,4,3,2,0,0,0.0,13811533.116069,0
620,5,0,1,3,1,214.9630839382613,13067897.258896,1
620,6,1,0,1,2,693.0490181704963,12475980.234425,1
620,7,1,3,2,1,466.1017770224538,15187752.713126,1
620,8,0,0,1,3,494.4492495209525,9306148.522608,1
620,9,3,2,2,0,0.0,13672808.016969,0
620,10,1,1,0,0,0.0,13572708.863456,0
621,1,1,1,0,3,838.0285581143883,15915143.990725,1
621,2,1,1,1,4,1146.7651734885826,13234944.264433,1
621,3,0,2,0,0,0.0,12637678.92437,0
621,4,0,0,1,0,0.0,12068346.868818,0
621,5,0,1,0,2,843.4884713328031,7583335.23532,1
621,6,1,0,1,0,0.0,12133580.185313,0
621,7,1,0,3,1,358.17295108163194,16602698.645224,1
621,8,0,1,1,0,0.0,15106705.800988,0
621,9,0,2,1,1,37.44453959741323,14373565.112432,1
621,10,1,2,0,1,295.83190388294145,14843118.817626,1
622,1,2,0,0,3,670.7651556678991,15891762.94229,1
622,2,1,1,4,0,0.0,13509613.301038,0
622,3,0,0,3,2,236.520876117485,9954473.881938,1
622,4,1,0,0,0,0.0,11734451.882724,0
622,5,2,0,1,0,0.0,11844479.104837,0
622,6,2,1,1,1,73.02690970459966,16072797.995252,1
622,7,0,2,3,1,129.20678613400008,12799704.178554,1
622,8,1,1,2,0,0.0,15969732.539316,0
622,9,1,0,4,1,157.4885839040352,17626459.066927,1
622,10,1,3,0,2,435.20139422929,17302576.533233,1
623,1,1,0,1,2,197.52471366222306,8855937.748887,1
623,2,1,1,1,1,248.51483610981927,16820592.927475,1
623,3,4,1,0,0,0.0,10250938.965629,0
623,4,2,1,1,0,0.0,16519224.402312,0
623,5,5,0,0,2,185.14958090400296,14497868.979435,1
623,6,0,1,3,1,305.32040248650907,16820330.340931,1
623,7,1,1,0,0,0.0,14526907.015802,0
623,8,4,0,1,4,970.6814794547186,14634572.157317,1
623,9,2,2,2,0,0.0,14510245.775557,0
623,10,4,1,2,1,369.32877711815496,14475706.507382,1
624,1,1,5,1,1,395.0398208496038,15730796.838579,1
624,2,1,0,1,2,485.94134364553474,12644961.804542,1
624,3,0,1,4,2,201.4625142105579,10338991.646794,1
624,4,1,1,2,0,0.0,11146488.930561,0
624,5,1,0,4,2,776.4868370942352,16628069.311791,1
624,6,0,0,2,2,614.5197668768353,12721257.532556,1
624,7,0,1,2,3,341.6392540696833,14777542.109597,1
624,8,1,1,3,2,513.1786974652082,12697686.221671,1
624,9,1,2,1,2,394.45034049585223,15620387.840281,1
624,10,0,1,1,0,0.0,13913733.105513,0
625,1,1,3,2,3,684.3925727489986,6437215.596193,1
625,2,1,2,0,1,68.58148319092983,15756389.480653,1
625,3,1,0,1,0,0.0,15887645.385559,0
625,4,1,2,3,2,645.5315631344562,16270579.664487,1
625,5,2,0,0,0,0.0,9928435.211518,0
625,6,1,0,0,4,1068.6409548487864,14403407.793917,1
625,7,0,2,1,2,330.766532128536,17065751.211759,1
625,8,0,2,1,1,270.6707184289332,13763930.073381,1
625,9,3,1,3,0,0.0,13912600.126069,0
625,10,0,2,0,0,0.0,12284771.319579,0
626,1,0,1,1,1,472.4990983104698,9303110.469671,1
626,2,1,0,2,2,629.0425400651717,15026886.267495,1
626,3,0,1,2,0,0.0,12332826.770481,0
626,4,0,1,0,1,154.60062181184486,8208696.627903,1
626,5,1,1,0,0,0.0,17504510.134041,0
626,6,2,3,2,0,0.0,12377798.083461,0
626,7,2,1,0,3,1068.2231421697998,11870520.923083,1
626,8,1,1,1,1,283.6628468692075,7664690.981566,1
626,9,0,1,2,1,44.87285422540841,15891980.918576,1
626,10,0,0,2,1,355.0987434712296,15806168.037701,1
627,1,2,1,1,1,259.73627196679115,15996081.245225,1
627,2,1,2,0,2,195.1753444022818,15754297.432899,1
627,3,0,1,1,0,0.0,5870391.903832,0
627,4,2,1,1,1,156.46895567785126,10437427.364049,1
627,5,0,2,0,4,1000.9970190770782,12103964.677093,1
627,6,1,1,0,1,109.22058047170384,11326685.108444,1
627,7,2,0,1,2,118.86015298296337,12047426.838647,1
627,8,1,1,0,2,399.93647942284304,11562787.830269,1
627,9,1,1,0,2,498.8337378300515,7534243.888784,1
627,10,0,2,0,1,398.661061376359,15169798.731833,1
628,1,0,0,1,1,338.1733743395297,12068165.179821,1
628,2,1,2,0,4,622.2904723874591,13169862.416156,1
628,3,2,0,2,2,664.8775527310233,16947017.769262,1
628,4,1,0,0,1,270.28370808046986,14538287.866421,1
628,5,4,2,1,0,0.0,10771381.881825,0
628,6,1,0,2,3,1092.063826621003,15087917.608389,1
628,7,0,4,1,1,139.14760374217082,16841285.613953,1
628,8,2,0,1,1,129.2307068062176,16328307.007962,1
628,9,0,2,2,1,269.9938931064786,10845917.545921,1
628,10,2,0,1,0,0.0,16074464.151054,0
629,1,1,0,0,3,1198.19117970615,9884408.677039,1
629,2,1,0,0,0,0.0,13238473.012182,0
629,3,1,2,0,2,449.70715440779065,17197906.795683,1
629,4,1,1,2,0,0.0,10957546.86443,0
629,5,1,3,1,0,0.0,16017406.329177,0
629,6,1,1,1,2,734.1309685356607,13337250.008569,1
629,7,1,0,0,1,480.04408230848736,14049139.371141,1
629,8,2,2,1,2,618.9373532616606,13524649.647643,1
629,9,2,2,1,1,86.00841249789755,15780937.965151,1
629,10,1,1,0,4,901.371475697234,16774009.442733,1
630,1,1,0,0,1,22.1115285579877,13114612.329372,1
630,2,1,0,0,1,434.11835596065487,13677020.930261,1
630,3,1,0,2,3,1365.5484633835738,12022949.033555,1
630,4,2,0,0,2,500.6412691211044,8866036.667918,1
630,5,2,2,2,1,376.744842197706,12057871.86758,1
630,6,2,1,2,0,0.0,12016107.831205,0
630,7,1,1,1,4,1107.6199311951566,15057894.434626,1
630,8,0,0,1,0,0.0,11897331.146481,0
630,9,1,2,1,1,56.774504628640855,17191890.122785,1
630,10,2,1,1,0,0.0,11497326.01239,0
631,1,1,0,0,1,331.3778964615895,16008796.956665,1
631,2,0,0,2,1,374.6512234028176,15658798.998001,1
631,3,1,4,1,2,568.0173902569312,16326716.178782,1
631,4,2,0,1,0,0.0,14578039.313466,0
631,5,1,1,1,0,0.0,16434438.923471,0
631,6,2,0,2,1,428.8952359204333,14728144.423961,1
631,7,1,3,3,0,0.0,15769003.2215,0
631,8,1,0,0,0,0.0,15411552.438232,0
631,9,0,1,1,1,47.77864540066118,14289122.365809,1
631,10,1,1,1,2,359.1406543535164,15743975.829156,1
632,1,1,0,1,1,91.0953159150724,7579000.117252,1
632,2,1,0,1,0,0.0,15793436.306062,0
632,3,2,3,0,1,374.0919360127793,8432716.829946,1
632,4,0,2,0,2,583.1613462714777,13566997.93102,1
632,5,1,3,3,0,0.0,14697871.536621,0
632,6,1,1,1,1,468.317804097918,16386556.811455,1
632,7,1,2,2,1,293.30917374300725,14425905.447512,1
632,8,1,0,0,0,0.0,7997143.955215,0
632,9,2,2,0,0,0.0,11716843.970615,0
632,10,0,1,1,1,419.2269660944356,10292888.5714,1
633,1,0,1,1,2,147.6766163126403,9017644.385649,1
633,2,0,1,0,0,0.0,12016497.328904,0
633,3,1,3,0,0,0.0,9299883.00775,0
633,4,0,0,1,1,263.04680566302847,16640371.951349,1
633,5,1,1,1,2,543.2409759014471,15548077.040766,1
633,6,2,2,0,1,159.215202497054,9093445.046652,1
633,7,0,1,2,1,78.25614845790845,14799423.641242,1
633,8,1,1,5,1,190.3822121569975,13046356.588266,1
633,9,0,1,2,2,225.20418412517193,12448022.311765,1
633,10,0,2,0,0,0.0,11821228.96,0
634,1,0,3,0,0,0.0,10597488.354557,0
634,2,0,0,3,2,708.3997546776402,14987619.951296,1
634,3,2,0,1,1,434.4514369687842,13490202.29211,1
634,4,3,0,2,0,0.0,14750458.21231,0
634,5,1,2,0,2,404.03051407162656,16398088.645384,1
634,6,0,1,2,1,391.9689289257556,9217606.889491,1
634,7,2,0,0,1,215.96663989844924,16607648.722467,1
634,8,2,0,0,1,71.18310754559148,14289841.504236,1
634,9,3,1,0,3,917.2287712112445,15398713.025436,1
634,10,1,3,1,0,0.0,15484065.653598,0
635,1,1,1,2,2,333.64636100209793,15405090.110201,1
635,2,0,1,1,2,270.57124286829867,12508250.060514,1
635,3,0,1,0,2,516.0986961073656,5824209.805229,1
635,4,0,2,1,1,234.12480578088636,15287641.3011,1
635,5,1,0,0,1,210.0195888750445,12640449.021895,1
635,6,1,0,1,0,0.0,12597870.199079,0
635,7,1,0,1,2,479.94524585258296,15261701.348716,1
635,8,0,2,2,2,541.171167269339,14688298.813144,1
635,9,2,1,3,1,194.94457059632157,14759269.777014,1
635,10,1,1,2,1,416.6641949173523,14750964.745334,1
636,1,1,0,1,3,1108.3475139149386,14343375.480274,1
636,2,1,0,2,1,390.06660269596927,11232067.660138,1
636,3,3,1,0,0,0.0,16664803.438404,0
636,4,2,1,2,3,754.8693471836176,15241244.261392,1
636,5,0,1,0,1,285.15844291604145,10561569.584567,1
636,6,2,0,0,3,779.0691474085929,13087104.784582,1
636,7,0,2,1,4,492.04724934535693,10643531.751086,1
636,8,0,2,1,1,31.180085106527876,16870666.483471,1
636,9,3,0,2,0,0.0,16266267.658822,0
636,10,2,0,0,0,0.0,15698212.557979,0
637,1,0,1,0,1,349.59632708967536,8790577.557863,1
637,2,1,1,2,0,0.0,11603993.249913,0
637,3,0,1,1,1,146.03883595107425,9345667.592992,1
637,4,0,2,0,1,288.9421468909424,11753126.356529,1
637,5,1,1,0,0,0.0,15214437.526976,0
637,6,1,2,0,3,920.8955406143657,16919584.267039,1
637,7,1,2,4,0,0.0,17401843.119566,0
637,8,0,4,1,0,0.0,13582064.442275,0
637,9,2,0,0,2,888.2169931573103,12380682.298973,1
637,10,0,1,3,2,755.6618836924508,13056012.170199,1
638,1,3,1,0,1,262.42528240265943,12443085.131832,1
638,2,1,0,1,0,0.0,8437239.859692,0
638,3,2,0,3,1,147.59768759361955,12052171.575133,1
638,4,0,2,1,1,45.91846478460792,11807450.045098,1
638,5,1,1,0,1,293.29060429489573,11140664.674497,1
638,6,0,2,1,1,445.132020549592,12714100.84912,1
638,7,3,1,0,0,0.0,15357070.663297,0
638,8,1,0,0,0,0.0,11106471.083175,0
638,9,0,2,3,0,0.0,17080273.233763,0
638,10,2,0,0,1,155.16649567020866,12358245.741439,1
639,1,3,1,0,2,727.8060242307773,10228950.319597,1
639,2,1,0,2,1,33.42510503344085,17354034.944819,1
639,3,0,1,1,1,175.89768335973673,14525012.256607,1
639,4,0,1,2,1,473.7814976229544,13919455.01793,1
639,5,2,2,0,2,482.8718387186813,10761089.289726,1
639,6,3,0,1,2,498.81708350278257,15561239.052038,1
639,7,0,1,0,2,451.7967727327942,14302868.804638,1
639,8,2,1,2,1,247.1140576128562,15664073.619375,1
639,9,3,1,1,2,628.8596480013316,17477753.057749,1
639,10,1,2,0,2,386.4135754148716,11958208.231112,1
640,1,1,0,2,2,798.6470449030019,7556764.113363,1
640,2,1,5,1,0,0.0,13374932.566183,0
640,3,0,1,1,0,0.0,7188092.485811,0
640,4,1,2,0,3,973.6319929996253,15624577.567692,1
640,5,0,1,0,1,433.01554872407127,13582116.184527,1
640,6,1,2,2,4,1174.4895984836307,15110601.448265,1
640,7,1,1,1,1,14.45135682084392,11368191.597227,1
640,8,1,2,1,0,0.0,14136249.347809,0
640,9,0,1,2,2,550.9792192847805,15263352.278865,1
640,10,1,0,0,1,90.03073491081675,6559945.030441,1
641,1,1,1,2,0,0.0,8227917.227573,0
641,2,1,2,0,1,457.9322278222796,14591983.10908,1
641,3,0,2,2,1,167.6615264437158,10583411.385492,1
641,4,0,0,1,1,348.74981895504686,16394868.392737,1
641,5,1,1,1,0,0.0,15115706.721082,0
641,6,0,1,2,1,483.81814962689486,12621198.284558,1
641,7,3,1,1,1,437.5713353414275,13159196.26925,1
641,8,0,1,3,0,0.0,13960754.669346,0
641,9,0,1,0,1,497.2027496286466,13963323.055857,1
641,10,0,1,1,1,234.1551799016381,14540740.45385,1
642,1,3,1,0,1,66.67691593555301,16500697.403227,1
642,2,3,1,1,2,423.81155861783895,15002800.51896,1
642,3,1,1,1,2,499.62774910124205,13422565.72206,1
642,4,1,0,0,0,0.0,9566431.942232,0
642,5,0,2,1,0,0.0,12604180.774134,0
642,6,1,1,1,1,381.2393214411172,16243683.986749,1
642,7,0,1,2,2,707.1454089490404,10005563.434633,1
642,8,0,3,1,0,0.0,13714410.494019,0
642,9,0,1,2,1,454.403953469706,13373167.311059,1
642,10,1,0,2,2,810.7879770215189,13281469.600482,1
643,1,3,0,2,2,917.109826319963,16072302.220606,1
643,2,2,4,1,0,0.0,16531381.686418,0
643,3,1,2,2,0,0.0,13204735.594448,0
643,4,3,1,1,0,0.0,11524119.034319,0
643,5,0,1,0,2,719.0649709723207,7124128.349313,1
643,6,2,2,1,2,834.1919698367797,15541984.479882,1
643,7,2,2,0,0,0.0,15858452.394526,0
643,8,1,1,0,1,110.49939214220596,14697337.338845,1
643,9,3,1,1,1,119.69925214520134,16424530.054155,1
643,10,2,0,2,2,786.9684710786896,16692630.402701,1
644,1,1,1,1,2,311.4619640546957,16949795.293489,1
644,2,0,0,0,1,75.17742819840974,15299312.488904,1
644,3,1,2,1,3,377.20242900114096,15236119.795628,1
644,4,2,0,0,1,164.091026796708,14220436.31596,1
644,5,1,2,1,0,0.0,14416822.713533,0
644,6,1,0,0,1,145.64509550008395,7171180.397183,1
644,7,1,1,1,1,35.055061731480066,14259867.708051,1
644,8,1,0,3,1,356.0943331532979,14081833.550022,1
644,9,1,0,4,1,146.68006446493436,16632544.424405,1
644,10,1,0,3,2,603.4991543500281,16088025.066324,1
645,1,0,1,2,1,25.9352276711513,10507442.372957,1
645,2,0,1,1,1,431.6983919384076,12264045.744574,1
645,3,2,1,0,0,0.0,11718434.471004,0
645,4,0,0,2,2,363.7072708927187,16049182.641016,1
645,5,0,1,1,1,36.91970277243857,16707933.095716,1
645,6,1,1,0,1,458.74288121666245,11978034.439209,1
645,7,1,1,0,2,411.14624187025424,15682906.943063,1
645,8,0,2,0,0,0.0,14639708.402368,0
645,9,0,1,1,1,154.5364796614049,15687230.35089,1
645,10,1,1,0,1,369.9885603546294,11045610.929302,1
646,1,1,1,2,2,704.1698158850082,10745547.20221,1
646,2,1,0,2,0,0.0,15826115.970403,0
646,3,2,2,1,0,0.0,14947053.604259,0
646,4,2,0,2,0,0.0,8576902.432584,0
646,5,0,0,1,4,1209.0782739064812,15173273.1361,1
646,6,1,3,3,1,208.54605209108345,11793012.097087,1
646,7,3,1,1,1,73.11259590739971,15475165.729725,1
646,8,1,2,2,2,610.7959104285223,15260906.895244,1
646,9,0,3,2,2,124.8185110544185,14047741.119067,1
646,10,2,0,1,2,839.5014550193821,14573466.854987,1
647,1,2,1,0,2,543.4482351478123,13183618.147858,1
647,2,1,3,1,0,0.0,16085278.739402,0
647,3,2,0,1,3,852.2286665474014,16435090.689631,1
647,4,1,0,1,3,1253.4194986367968,14952220.888213,1
647,5,1,3,0,1,183.31847942333744,14212006.854325,1
647,6,0,1,1,0,0.0,13451911.487259,0
647,7,2,0,2,0,0.0,10875991.294843,0
647,8,0,0,1,2,602.732847681812,15250473.706473,1
647,9,0,1,0,1,379.1302452010101,7733125.807632,1
647,10,3,0,0,1,50.19567501498772,12807471.611246,1
648,1,0,0,1,2,500.67440782249764,12023503.295315,1
648,2,0,1,0,2,599.9796911301976,15060359.878353,1
648,3,3,0,0,2,489.26016561579206,15487893.940832,1
648,4,2,1,1,0,0.0,14316961.49137,0
648,5,1,1,1,3,626.272038008862,17446887.785568,1
648,6,0,3,2,0,0.0,16089214.579177,0
648,7,1,0,2,0,0.0,17235463.878474,0
648,8,1,0,2,0,0.0,16609552.108196,0
648,9,1,1,5,1,491.8650508579594,13764199.710474,1
648,10,2,1,1,0,0.0,10750631.753504,0
649,1,4,0,0,1,195.99633268398412,16230265.967275,1
649,2,1,1,1,0,0.0,11157755.570815,0
649,3,4,0,0,0,0.0,12269910.132461,0
649,4,2,1,1,2,744.1332022365997,8184281.365005,1
649,5,1,0,0,1,458.6593414214344,12059794.05931,1
649,6,1,1,3,0,0.0,16496367.195675,0
649,7,1,1,0,1,64.27026065371558,14524531.144921,1
649,8,0,2,1,0,0.0,12923793.276262,0
649,9,1,1,1,2,550.4925778080975,10378084.403409,1
649,10,1,0,1,0,0.0,6888145.25027,0
650,1,2,0,3,1,62.70756261296196,16880315.500375,1
650,2,1,0,1,0,0.0,10428171.146821,0
650,3,0,1,1,0,0.0,10622097.045622,0
650,4,1,1,0,0,0.0,15793273.356705,0
650,5,0,3,1,0,0.0,14455282.956468,0
650,6,1,0,2,2,685.0809151576246,7093920.222793,1
650,7,3,1,1,2,480.3303937625604,14752044.825287,1
650,8,0,2,0,1,487.386944572445,12994543.090393,1
650,9,1,3,0,0,0.0,15094942.104095,0
650,10,1,1,2,1,478.6610801437875,16621247.961877,1
651,1,2,0,0,1,384.96326823271073,16803233.86072,1
651,2,0,2,0,0,0.0,14987805.82387,0
651,3,1,1,0,0,0.0,12674392.346059,0
651,4,0,2,0,0,0.0,13264786.537426,0
651,5,2,0,0,1,366.1765642141429,16711344.880178,1
651,6,2,0,0,0,0.0,8346902.119105,0
651,7,0,0,1,5,1366.6625177637313,15608618.457062,1
651,8,0,1,1,2,870.1089463988862,14287844.021361,1
651,9,0,2,2,0,0.0,10960178.663935,0
651,10,0,2,2,0,0.0,12879785.701159,0
652,1,2,0,1,0,0.0,16010793.016575,0
652,2,1,0,1,2,599.826631879779,13274365.155254,1
652,3,0,0,0,2,649.849714441837,13487930.057012,1
652,4,1,1,2,1,104.9318357466404,15242715.225938,1
652,5,1,0,0,0,0.0,10281229.621647,0
652,6,3,1,1,1,252.1785192033684,14592543.223334,1
652,7,1,1,1,1,457.8381058907564,14762192.643284,1
652,8,0,2,1,3,247.0030422510536,13417065.105957,1
652,9,2,1,0,1,475.5094872648288,11306362.848762,1
652,10,2,1,0,0,0.0,9377076.041325,0
653,1,1,0,1,2,304.4859422362392,13343570.448577,1
653,2,0,2,2,0,0.0,14794797.267956,0
653,3,0,2,2,0,0.0,11184047.877474,0
653,4,0,2,1,1,428.0552916084711,16601584.520747,1
653,5,2,2,1,0,0.0,12593168.179082,0
653,6,1,4,2,0,0.0,13609964.16222,0
653,7,0,1,0,1,390.20767240865337,13915226.106219,1
653,8,1,0,0,0,0.0,14367749.384947,0
653,9,1,1,0,1,160.15626646253588,14600199.550634,1
653,10,3,1,1,0,0.0,11167463.012348,0
654,1,1,2,2,2,28.015137420146253,16498413.809709,1
654,2,4,0,1,1,348.7889523892603,14105719.949629,1
654,3,2,1,0,0,0.0,11422898.57998,0
654,4,0,1,0,0,0.0,10953295.667921,0
654,5,4,1,0,1,261.48641017320784,17155261.044191,1
654,6,1,2,3,0,0.0,14572106.745794,0
654,7,1,0,2,0,0.0,13693036.645849,0
654,8,1,3,0,2,294.0750710271036,12641349.906858,1
654,9,0,2,3,0,0.0,7602783.765009,0
654,10,2,0,2,0,0.0,15893271.670393,0
655,1,4,2,0,0,0.0,12228239.811036,0
655,2,2,1,0,1,405.7079886109091,9547610.717717,1
655,3,2,2,1,0,0.0,15803906.135713,0
655,4,0,4,0,1,179.50410439722103,8376586.345837,1
655,5,0,0,1,2,500.6016081446294,17107788.451759,1
655,6,2,1,3,0,0.0,11689576.530337,0
655,7,4,1,2,1,320.9779685894856,16943334.390923,1
655,8,1,2,0,0,0.0,10430383.179606,0
655,9,1,1,1,1,150.78998199443473,13535911.358134,1
655,10,2,0,2,0,0.0,16210434.814759,0
656,1,1,0,0,1,328.7727685378121,15676778.460701,1
656,2,1,2,0,2,475.7615018427285,12996668.648404,1
656,3,2,2,0,0,0.0,9963166.447238,0
656,4,0,0,1,1,110.401610576189,7368035.800693,1
656,5,1,1,1,1,272.1349868433786,13838211.72641,1
656,6,0,0,1,2,370.3951078734034,12446085.489114,1
656,7,1,1,1,3,444.53933947624836,15539803.842434,1
656,8,2,2,1,3,745.772232728344,17349191.997824,1
656,9,2,1,3,1,142.81930982423154,14599319.579165,1
656,10,1,1,1,2,211.5997465188919,16878841.05139,1
657,1,3,2,1,0,0.0,16542775.410358,0
657,2,0,1,1,1,75.42947079142742,10673246.77916,1
657,3,2,3,2,1,28.34936616489687,16307512.172743,1
657,4,1,1,1,0,0.0,14712890.640781,0
657,5,2,1,0,0,0.0,7417884.699501,0
657,6,1,0,0,2,166.9289106260498,14471868.54601,1
657,7,1,0,0,2,716.5434982044039,11621892.249208,1
657,8,0,1,1,0,0.0,16163359.997269,0
657,9,1,0,2,2,375.56564671662136,16641080.425656,1
657,10,0,2,1,0,0.0,15673623.853151,0
658,1,0,0,2,0,0.0,17580325.503527,0
658,2,0,0,0,0,0.0,11444041.709703,0
658,3,3,0,0,3,1064.1378199603494,17424515.009669,1
658,4,2,3,2,0,0.0,17134240.322317,0
658,5,1,1,2,0,0.0,11726008.367128,0
658,6,0,2,1,2,675.1436009895339,10862024.39272,1
658,7,2,0,1,2,638.3087046794844,10580740.362043,1
658,8,0,0,1,1,233.61139732104763,12218451.903975,1
658,9,1,1,0,1,67.77670537017691,15654867.516001,1
658,10,1,2,1,1,250.2958803509784,14979405.471536,1
659,1,0,1,1,2,453.69764245886796,7467303.615261,1
659,2,0,4,3,1,213.68309189516927,15898781.725293,1
659,3,1,2,2,1,248.49615957805725,17032283.515964,1
659,4,1,1,0,2,242.26522273371984,12534237.406097,1
659,5,0,1,5,0,0.0,13144649.645891,0
659,6,2,3,1,2,613.1066685346657,15130375.256394,1
659,7,1,2,0,1,231.2397698893164,11873287.722376,1
659,8,2,2,1,2,801.6884458123752,11519417.678524,1
659,9,2,2,1,2,280.09337975094434,14655919.990052,1
659,10,0,2,0,0,0.0,13452917.591258,0
660,1,0,1,0,4,849.1200091444776,16006939.530869,1
660,2,2,1,2,1,219.2512791229353,12541956.406058,1
660,3,3,0,0,0,0.0,12989186.952626,0
660,4,1,1,2,1,415.863709074674,16493902.129143,1
660,5,1,1,0,2,350.0253129683368,13943518.411069,1
660,6,1,1,1,1,447.6369898458735,15511054.944064,1
660,7,2,1,0,1,87.21555665824701,12862119.752585,1
660,8,1,1,4,1,260.4460042843289,14544337.360184,1
660,9,0,0,0,1,26.415084995342287,16271682.963455,1
660,10,0,3,0,1,181.49160728173348,14315275.530967,1
661,1,0,2,0,0,0.0,13897902.774121,0
661,2,0,2,2,3,891.9012089466997,13137304.831411,1
661,3,0,1,2,0,0.0,7562993.170591,0
661,4,1,1,0,2,487.05500355952626,16489810.806401,1
661,5,2,0,0,1,17.696061669467973,15741221.169291,1
661,6,0,0,1,0,0.0,10460413.067844,0
661,7,0,1,0,0,0.0,12950947.545592,0
661,8,1,1,2,0,0.0,15480253.577998,0
661,9,3,1,1,1,62.673058633214566,17474702.506132,1
661,10,1,1,1,2,905.3196866418386,17447926.918946,1
662,1,0,3,1,1,187.5135976201471,16956661.970836,1
662,2,1,1,1,1,189.50176509739904,13459768.777378,1
662,3,2,1,2,0,0.0,13624231.79641,0
662,4,2,0,2,2,424.984498799259,15188598.622466,1
662,5,2,0,0,1,89.43253415054689,15614739.336677,1
662,6,0,0,2,1,150.53297564644902,13012831.094897,1
662,7,0,2,0,3,651.7386749432752,15163426.286821,1
662,8,1,2,1,0,0.0,14136518.084616,0
662,9,3,1,1,0,0.0,15811512.538999,0
662,10,0,0,3,1,125.28110124254016,13069415.627552,1
663,1,1,1,0,1,90.2524049909202,8588134.375659,1
663,2,2,0,0,1,287.749219570818,10950065.295137,1
663,3,3,0,2,1,327.7589042893184,13079689.872789,1
663,4,2,2,1,2,551.2334105327977,14784176.913658,1
663,5,2,2,1,0,0.0,15889779.103312,0
663,6,1,2,1,1,346.480274933273,16162882.871939,1
663,7,1,0,0,0,0.0,11504507.301866,0
663,8,1,2,2,0,0.0,15152311.736929,0
663,9,2,1,1,0,0.0,12249201.812553,0
663,10,2,1,0,1,133.96118856950068,15079840.553682,1
664,1,1,0,0,1,141.8732252809476,10776843.814636,1
664,2,1,2,1,1,264.6477316851693,12964808.672917,1
664,3,0,1,0,3,831.8978530717093,17196950.262781,1
664,4,0,0,2,0,0.0,14955261.73306,0
664,5,1,1,3,0,0.0,9873080.005409,0
664,6,1,3,1,0,0.0,11949353.998349,0
664,7,1,2,1,2,256.46706952372887,11479791.39462,1
664,8,4,3,2,0,0.0,15939735.748127,0
664,9,2,0,1,2,415.08855202848827,13499463.593386,1
664,10,0,1,1,0,0.0,10046660.783014,0
665,1,2,2,0,1,402.9884355641174,11627631.359474,1
665,2,2,1,2,0,0.0,16028528.850864,0
665,3,1,1,3,0,0.0,12630738.975998,0
665,4,1,0,0,0,0.0,13515068.256115,0
665,5,0,1,0,4,923.1700063377043,14404841.915755,1
665,6,2,1,2,3,1035.636244406126,15425782.904815,1
665,7,1,2,1,1,297.65656937333426,10085424.136922,1
665,8,0,1,2,0,0.0,15527661.824393,0
665,9,1,1,0,0,0.0,10787201.178446,0
665,10,1,1,1,0,0.0,14547222.265064,0
666,1,0,1,1,1,236.7536300843796,12189091.850209,1
666,2,0,1,1,2,144.91207346480377,13280058.795533,1
666,3,0,1,0,3,1082.6973567579516,15916176.90312,1
666,4,0,0,1,0,0.0,15080281.547766,0
666,5,1,1,1,2,669.6808250643116,16962832.435751,1
666,6,1,3,0,2,365.4411233339056,14995640.788437,1
666,7,1,1,0,1,228.83091838694963,9866260.697574,1
666,8,1,1,0,1,269.8372758649109,15003384.050474,1
666,9,0,0,0,3,502.0097026570569,11407071.165434,1
666,10,4,2,1,0,0.0,12026793.608606,0
667,1,2,0,0,2,586.822424436703,13845984.92055,1
667,2,1,1,2,0,0.0,15321241.19916,0
667,3,3,1,1,1,125.03083033593526,15688183.889111,1
667,4,1,0,2,1,493.78105367036414,5204114.01179,1
667,5,2,0,2,0,0.0,15738361.773528,0
667,6,1,2,0,2,580.0499286752479,16193798.66175,1
667,7,1,2,2,0,0.0,16069625.767779,0
667,8,2,0,0,3,1098.5010781915325,14577385.022421,1
667,9,3,0,0,2,681.3253548632204,11163284.735077,1
667,10,0,0,1,1,427.5514238677647,13850897.647651,1
668,1,3,0,0,2,674.0662932657435,11043793.683977,1
668,2,0,3,2,0,0.0,8463527.306029,0
668,3,1,1,4,1,24.72800220756505,12848322.176568,1
668,4,1,2,1,1,34.32594778441393,9938692.987226,1
668,5,1,3,1,0,0.0,12297313.597162,0
668,6,0,2,2,0,0.0,10705412.939068,0
668,7,0,0,3,4,1003.708335641038,9987399.350801,1
668,8,0,1,2,0,0.0,7957410.316267,0
668,9,0,0,0,2,780.3035652590492,8013106.159848,1
668,10,2,1,1,2,274.3421434092801,12545258.571271,1
669,1,0,0,0,3,518.3413038846809,16460480.196868,1
669,2,2,1,1,0,0.0,9043230.041445,0
669,3,2,2,0,0,0.0,10723647.078826,0
669,4,1,3,3,0,0.0,14128291.612508,0
669,5,0,0,2,0,0.0,10426923.779311,0
669,6,1,0,2,0,0.0,12272752.934404,0
669,7,0,1,2,1,449.9619609653584,13637499.073751,1
669,8,1,1,1,2,434.244486686728,15168522.99941,1
669,9,3,2,1,0,0.0,15319891.723686,0
669,10,0,1,3,2,508.796378600828,14865485.03876,1
670,1,1,0,1,0,0.0,12367642.76099,0
670,2,2,0,2,1,8.319548232368684,12092514.534827,1
670,3,2,0,0,1,371.373757736012,8171630.077152,1
670,4,0,0,1,1,335.9576121588648,10097075.184381,1
670,5,1,1,4,1,117.89930350056304,16194568.547314,1
670,6,1,0,1,0,0.0,13823551.448749,0
670,7,0,1,0,2,432.8274915677056,4055550.758939,1
670,8,1,1,0,0,0.0,10507503.271706,0
670,9,1,1,1,0,0.0,13623378.736463,0
670,10,1,1,2,2,316.7551851365521,10645633.595313,1
671,1,0,2,1,0,0.0,10065052.407592,0
671,2,1,3,0,3,750.0813326145642,16994480.05947,1
671,3,1,3,0,1,202.2063387296186,11882243.085577,1
671,4,1,1,0,1,426.7382011724407,10637658.620934,1
671,5,3,0,0,0,0.0,14812133.523925,0
671,6,2,2,1,2,590.0503858349899,14603125.451255,1
671,7,1,1,0,1,76.3617167787597,10030806.100282,1
671,8,2,1,1,0,0.0,14152433.340332,0
671,9,1,2,0,0,0.0,13157684.153188,0
671,10,0,1,1,2,351.8003653350879,16309065.549734,1
672,1,0,3,2,0,0.0,13981744.852173,0
672,2,2,1,0,1,334.2332046926972,11791166.985037,1
672,3,1,3,2,0,0.0,11032611.761497,0
672,4,2,1,0,2,486.27122728150573,10558492.558619,1
672,5,0,0,1,0,0.0,9514300.476593,0
672,6,0,1,2,0,0.0,7977488.811194,0
672,7,2,0,1,2,557.5571410284069,16607493.358428,1
672,8,1,1,2,1,181.5138090386257,9571348.225816,1
672,9,0,1,1,0,0.0,14026959.635479,0
672,10,0,2,0,1,383.17696832496193,8486256.467563,1
673,1,2,1,1,0,0.0,13342485.329176,0
673,2,0,1,1,2,341.56185732710935,16359348.227305,1
673,3,1,2,4,0,0.0,14647352.538154,0
673,4,2,2,0,0,0.0,14959534.734545,0
673,5,3,0,0,2,292.89595968762205,15892651.217364,1
673,6,2,1,4,1,438.8364183823951,16014873.482643,1
673,7,2,0,1,0,0.0,15307260.853757,0
673,8,1,0,1,1,343.9924161781692,9351203.192559,1
673,9,1,0,1,3,676.7206741970574,16058188.924824,1
673,10,0,4,0,1,363.9868495702465,17262544.929165,1
674,1,1,1,2,0,0.0,9004677.309467,0
674,2,0,0,2,3,703.9421622697839,15542142.863211,1
674,3,0,2,2,0,0.0,15297350.95529,0
674,4,0,0,0,0,0.0,11627884.871123,0
674,5,1,2,2,1,482.1214125980381,13491609.55958,1
674,6,0,0,2,1,267.8642756290639,9373488.147395,1
674,7,0,1,1,2,760.245517049386,14423447.03254,1
674,8,1,3,1,0,0.0,10627007.646143,0
674,9,2,0,1,0,0.0,14761682.163401,0
674,10,3,1,0,0,0.0,9955136.735047,0
675,1,1,1,0,1,426.1189256496482,15317590.425605,1
675,2,2,1,2,3,636.1630222992139,13061085.748722,1
675,3,3,1,0,1,260.2470409356627,10158352.940197,1
675,4,0,1,2,2,617.0608098130429,12531367.058927,1
675,5,0,0,0,2,322.75541395036737,13711838.89303,1
675,6,1,2,1,2,449.0058014886767,13750653.244126,1
675,7,2,2,2,1,314.503274683461,10840213.923544,1
675,8,2,2,1,1,242.82118506581844,15259013.767577,1
675,9,1,2,0,1,467.907130890516,11632449.928271,1
675,10,2,2,1,1,274.85430729991344,14792314.364939,1
676,1,0,0,2,2,243.45867330759674,11800148.818022,1
676,2,1,1,1,0,0.0,10819423.892814,0
676,3,1,3,1,0,0.0,13455400.770857,0
676,4,0,2,0,2,570.7096527562628,10580489.037683,1
676,5,0,0,0,1,148.1266337381186,15656082.25822,1
676,6,0,3,0,1,378.8161248831294,11338454.796861,1
676,7,1,0,0,1,482.1475512341049,12351291.916439,1
676,8,2,2,0,2,765.948929267141,14745424.693789,1
676,9,3,0,0,0,0.0,10045212.835171,0
676,10,0,1,4,1,46.52716064697721,15373059.788232,1
677,1,3,0,3,0,0.0,15178255.263052,0
677,2,2,1,2,0,0.0,10214578.50999,0
677,3,2,1,0,1,149.4984279007114,6897408.685792,1
677,4,0,0,1,1,294.7083844609938,6866217.740325,1
677,5,0,0,0,3,362.12653526773795,15906229.429171,1
677,6,1,1,0,1,462.6564566388465,9227217.575823,1
677,7,0,0,2,3,612.6172178768084,15034844.778691,1
677,8,2,3,2,0,0.0,16808152.158534,0
677,9,0,1,2,1,125.35130818955004,13299413.108558,1
677,10,1,2,0,0,0.0,11349937.933702,0
678,1,2,2,1,0,0.0,10916720.16469,0
678,2,0,0,2,0,0.0,17365468.070312,0
678,3,2,3,1,0,0.0,12693584.998175,0
678,4,1,0,0,0,0.0,14915013.41469,0
678,5,0,2,2,1,491.002648047939,9168895.91557,1
678,6,1,1,0,2,140.97571448601255,11468789.279849,1
678,7,1,1,1,2,268.8848994156744,13092031.527775,1
678,8,0,2,1,3,921.8863129018334,13929245.348483,1
678,9,1,2,0,1,124.38505804497856,16704534.794083,1
678,10,0,2,1,2,449.48818225482785,8913489.719781,1
679,1,3,1,2,0,0.0,14330339.352065,0
679,2,1,0,0,2,721.8152099152455,12574838.607839,1
679,3,1,1,1,2,872.9432483302037,11508173.624093,1
679,4,1,1,2,0,0.0,10762507.230946,0
679,5,0,1,0,1,364.4045097559497,12102671.526058,1
679,6,0,0,2,3,1064.4870662699784,12732712.699698,1
679,7,1,0,0,1,232.1601247352565,16995205.128369,1
679,8,1,3,0,1,164.07625110175127,9603886.695225,1
679,9,1,0,2,1,252.57227359959228,13252263.015253,1
679,10,0,2,2,2,530.3347248722408,16062823.203979,1
680,1,1,0,1,0,0.0,15231966.257896,0
680,2,1,1,0,1,202.6397189642419,10497568.390327,1
680,3,1,2,1,0,0.0,15813873.022682,0
680,4,0,1,1,0,0.0,4100298.01918,0
680,5,4,1,1,1,22.914442588498744,13599770.521608,1
680,6,1,1,0,0,0.0,11557287.47798,0
680,7,0,3,2,0,0.0,9039241.427573,0
680,8,2,1,0,1,300.9537207651008,9598764.495161,1
680,9,2,1,1,2,669.2831384565428,13763197.308997,1
680,10,0,3,1,0,0.0,15371258.051542,0
681,1,1,2,1,0,0.0,7370120.105885,0
681,2,1,2,0,2,234.8352096008229,11291940.893077,1
681,3,1,0,2,3,453.00734238169593,15643851.139556,1
681,4,1,0,1,2,683.5843297894027,8248333.429696,1
681,5,3,0,0,3,541.54069417116,16500958.870991,1
681,6,0,1,1,1,240.127152015917,14061964.001599,1
681,7,1,3,0,2,479.92598995644875,11840248.189605,1
681,8,0,3,1,1,286.54992253059515,16150345.946459,1
681,9,1,0,1,1,294.44997850336483,15467583.350041,1
681,10,5,1,0,0,0.0,13151971.653153,0
682,1,1,0,2,1,160.07940817372358,6906151.483865,1
682,2,0,2,1,0,0.0,16239575.995924,0
682,3,1,2,3,0,0.0,13473859.005115,0
682,4,0,0,2,0,0.0,16599941.682294,0
682,5,0,1,2,0,0.0,15027530.16579,0
682,6,0,0,2,1,399.6272917606884,16588574.537068,1
682,7,0,0,1,1,203.83683605424065,17712374.850324,1
682,8,2,1,0,2,261.9708440513063,15654409.826318,1
682,9,1,0,0,0,0.0,10382784.977424,0
682,10,1,1,1,0,0.0,13756387.532505,0
683,1,1,2,1,1,182.16445137572407,12466369.622459,1
683,2,1,1,1,2,677.1771377195171,9250026.519298,1
683,3,3,0,2,0,0.0,14988491.499337,0
683,4,3,1,2,2,302.1808333118048,12030053.659761,1
683,5,0,1,0,3,161.79527824452998,14937817.018687,1
683,6,2,2,1,1,162.06266875136458,15506862.513095,1
683,7,2,0,1,2,209.26680798523856,12912203.714411,1
683,8,0,0,1,1,338.5501439765119,11425132.78046,1
683,9,1,2,2,1,499.64976388318087,14237255.355597,1
683,10,1,1,1,1,19.12848134819035,16795792.776993,1
684,1,1,1,1,0,0.0,17427370.845728,0
684,2,0,0,1,1,185.1688161284448,11712555.35851,1
684,3,1,2,0,2,440.65518596472896,11658646.611122,1
684,4,2,1,1,1,469.0026662517008,14646592.707308,1
684,5,1,2,1,2,377.6556986517354,16280936.65132,1
684,6,1,1,1,2,500.5818950767248,15797752.355203,1
684,7,1,3,1,2,601.853821135321,16575403.365056,1
684,8,1,1,2,1,41.59180742123458,12720981.993436,1
684,9,0,1,3,0,0.0,8266284.177782,0
684,10,0,1,0,2,604.0322849283023,15309675.149202,1
685,1,0,0,2,1,40.64684402261839,12345498.909007,1
685,2,4,1,0,1,32.08941428625781,16220612.902384,1
685,3,2,2,1,0,0.0,12482856.253423,0
685,4,0,2,3,2,486.9717566034483,12044928.109415,1
685,5,5,1,1,0,0.0,13818383.35454,0
685,6,2,3,1,1,416.1358802513807,15780501.983832,1
685,7,3,3,0,1,326.9106405827093,15285448.27522,1
685,8,1,0,0,1,181.40448575296864,9963271.382644,1
685,9,0,0,1,2,309.8908216152243,13387154.724281,1
685,10,0,0,1,0,0.0,9725908.799143,0
686,1,1,1,0,0,0.0,15058951.775938,0
686,2,3,3,0,0,0.0,15959934.77428,0
686,3,2,0,3,1,234.77550900549295,15274141.818203,1
686,4,1,1,3,0,0.0,8749463.563843,0
686,5,3,1,0,1,335.95925955332854,13362938.373345,1
686,6,2,1,1,0,0.0,12069586.919765,0
686,7,0,1,1,2,537.9661114909389,14988320.650523,1
686,8,3,0,2,0,0.0,15508007.222157,0
686,9,2,0,1,1,257.3336408874035,11877910.280019,1
686,10,0,3,1,1,23.05842774353941,16007686.320408,1
687,1,1,3,1,3,474.2884995722736,15337148.431389,1
687,2,1,0,3,0,0.0,15607630.477464,0
687,3,0,1,2,0,0.0,10510976.217236,0
687,4,2,0,1,0,0.0,16778690.960339,0
687,5,3,1,2,2,574.1964820250626,16697042.764782,1
687,6,3,0,2,2,817.090271218627,12495452.897221,1
687,7,0,0,2,2,763.038281637718,10941099.404151,1
687,8,0,2,0,1,315.6822102042672,15832584.580407,1
687,9,1,0,1,2,234.71485212161832,10881990.909915,1
687,10,0,1,1,0,0.0,5252773.855736,0
688,1,0,2,0,0,0.0,15040324.186471,0
688,2,1,0,3,1,43.14523301210838,5927136.761469,1
688,3,2,1,0,0,0.0,11736752.590672,0
688,4,0,0,0,0,0.0,12361494.530559,0
688,5,0,1,0,1,128.49570772948124,14468536.606412,1
688,6,2,2,1,2,638.479129188968,14888431.895568,1
688,7,1,2,1,1,466.8782071977206,14856648.117469,1
688,8,2,2,2,2,672.2802636397145,13423235.009283,1
688,9,0,1,1,1,126.31249737418575,16081342.547883,1
688,10,3,1,0,1,174.6157339695615,16634458.486419,1
689,1,0,1,4,2,376.24098464978056,14793042.951388,1
689,2,2,1,1,1,491.0941790839241,16230499.27461,1
689,3,1,0,1,2,410.82671289732417,16767486.741641,1
689,4,1,2,1,0,0.0,8178783.299092,0
689,5,1,0,1,0,0.0,14565520.531715,0
689,6,1,1,1,1,339.34349158488465,12208936.474055,1
689,7,1,0,2,1,178.78040600393194,16930090.025903,1
689,8,2,1,0,2,737.3304169599646,17241184.74229,1
689,9,1,1,0,2,519.8860965324363,13814697.271412,1
689,10,4,0,0,3,682.9630926359459,15930798.617477,1
690,1,0,1,0,3,963.0255659085306,11782179.545157,1
690,2,0,1,3,0,0.0,13682176.798623,0
690,3,1,0,0,3,678.6097120159584,17102624.579384,1
690,4,1,1,1,2,738.8288987216022,14419848.688621,1
690,5,0,0,2,0,0.0,10975244.831061,0
690,6,1,1,1,1,191.06734863987896,9655670.745097,1
690,7,2,2,0,1,69.44948935061387,17678006.897321,1
690,8,3,1,0,3,532.1564568225191,15144026.790028,1
690,9,2,0,1,0,0.0,8453292.6621,0
690,10,0,1,2,1,480.4907425410789,15664738.253881,1
691,1,1,1,1,1,397.0586008156088,8610487.489301,1
691,2,0,2,2,1,53.20033930293837,13161569.398582,1
691,3,2,2,1,2,520.0320675079474,14462035.930111,1
691,4,0,0,2,1,96.66361635288072,10332494.720234,1
691,5,1,2,1,2,453.66681127289536,14561148.928294,1
691,6,1,3,1,1,334.1553271136695,13836292.356752,1
691,7,0,1,2,0,0.0,15101807.888247,0
691,8,2,1,0,2,465.230979814342,14514796.962417,1
691,9,1,2,1,1,464.0918465307261,14079544.925735,1
691,10,1,1,4,1,434.0594828953589,15947861.069558,1
692,1,0,1,3,0,0.0,16391894.913169,0
692,2,2,1,0,2,527.4317829032078,12987143.853103,1
692,3,1,0,0,3,448.48136794397874,12476346.890743,1
692,4,0,2,0,2,527.2288269656289,14363703.99838,1
692,5,1,2,0,2,460.3152021354665,16286827.647129,1
692,6,1,0,1,0,0.0,10643274.596639,0
692,7,0,0,1,0,0.0,12047457.582788,0
692,8,0,1,1,1,171.3907185738809,5243814.100649,1
692,9,0,2,2,1,132.10287266192222,11812127.093182,1
692,10,1,0,2,1,112.3167485993458,14668950.148036,1
693,1,0,1,0,0,0.0,13765388.906801,0
693,2,0,2,0,2,334.1425874782441,16861507.577608,1
693,3,0,1,2,1,326.0711458120909,14575181.889493,1
693,4,0,0,3,0,0.0,12768790.961828,0
693,5,0,2,0,1,9.564821060429471,4251106.348018,1
693,6,1,2,0,1,419.47930263081,14705319.146596,1
693,7,2,0,0,1,142.83566331176962,17276190.512704,1
693,8,2,0,0,1,282.2029476901103,11592040.198063,1
693,9,3,0,0,0,0.0,10818018.372877,0
693,10,0,1,1,1,352.18853698084104,15478621.249661,1
694,1,1,0,1,2,721.367527816212,12976967.345138,1
694,2,0,0,1,3,981.3847435530909,17008776.33387,1
694,3,2,2,0,0,0.0,15686778.699392,0
694,4,0,0,0,0,0.0,14976590.765779,0
694,5,1,3,1,2,838.7710601280185,12190621.92043,1
694,6,1,0,2,2,892.9241943497652,16705366.030055,1
694,7,2,2,2,1,219.98718236055072,16290862.561708,1
694,8,1,0,2,2,792.6895863874981,14974222.161775,1
694,9,1,2,0,0,0.0,5594916.617964,0
694,10,3,2,0,2,415.27432710099845,16492848.532532,1
695,1,0,1,0,1,93.95304577344676,10062096.389166,1
695,2,2,0,1,2,427.9064294551929,10648181.829162,1
695,3,0,1,3,0,0.0,11480626.929953,0
695,4,0,0,1,1,28.990739962883566,15530174.480989,1
695,5,1,1,1,1,350.7572740016896,14223469.182697,1
695,6,1,3,0,0,0.0,16394721.670696,0
695,7,0,0,1,1,494.9637806305346,13414291.51459,1
695,8,0,1,2,3,931.5671006026244,16164199.592952,1
695,9,2,2,2,0,0.0,14265506.052186,0
695,10,2,0,2,1,225.3005348720684,14245685.334171,1
696,1,0,0,1,0,0.0,10440020.229657,0
696,2,2,1,0,2,402.1613522744345,16692908.003758,1
696,3,0,1,1,1,43.297026723945606,14852197.164353,1
696,4,2,1,1,2,349.64010007710147,15835733.500499,1
696,5,0,1,1,0,0.0,9870003.905009,0
696,6,1,0,3,0,0.0,10561857.07104,0
696,7,1,2,1,1,184.81492303034767,13569641.47525,1
696,8,2,0,1,2,645.7644087240284,14205615.008409,1
696,9,1,0,2,1,397.381636256895,13448333.122486,1
696,10,1,0,2,3,701.4656486718429,14084162.579035,1
697,1,2,2,1,1,37.406352473670616,11490097.927629,1
697,2,1,0,1,1,336.3991568970249,13689039.358499,1
697,3,0,2,1,1,386.9988381373978,10508862.931681,1
697,4,0,1,1,0,0.0,13819550.993948,0
697,5,1,2,2,2,594.5550091178435,9758239.460106,1
697,6,1,2,3,1,424.582511486791,13978142.583747,1
697,7,1,1,1,1,447.79722777831057,13605462.714497,1
697,8,1,2,1,1,227.7142151345145,15440170.277218,1
697,9,1,1,2,0,0.0,13070286.376801,0
697,10,0,2,2,2,552.8145284092882,10159930.502783,1
698,1,0,1,1,1,242.4633800665808,15001023.752641,1
698,2,4,3,1,0,0.0,15294166.738842,0
698,3,2,2,0,2,694.8434448712064,16422704.091004,1
698,4,0,4,2,0,0.0,16069313.517122,0
698,5,3,2,2,0,0.0,14564620.442552,0
698,6,4,1,0,3,975.2886888623236,15453016.946779,1
698,7,2,0,0,0,0.0,15777052.683874,0
698,8,1,1,0,2,487.82028329158743,14738711.963123,1
698,9,1,1,2,0,0.0,14831990.354785,0
698,10,1,2,2,1,77.68232342047352,15858671.676796,1
699,1,1,0,2,2,44.393469449634004,13300691.788375,1
699,2,0,1,2,1,434.5795609854091,10294102.671919,1
699,3,1,0,0,2,330.5608748110762,15662278.864212,1
699,4,0,2,2,0,0.0,15774667.82755,0
699,5,1,3,0,2,83.13649952853449,12340133.15438,1
699,6,1,0,0,3,731.4251412941578,11944555.34789,1
699,7,0,0,2,1,397.6776847741725,13210798.511938,1
699,8,1,1,2,2,331.03591911034226,13133352.05651,1
699,9,1,0,2,0,0.0,15645820.112059,0
699,10,0,1,2,0,0.0,7556887.739664,0
700,1,1,1,1,0,0.0,14795708.650406,0
700,2,1,0,1,0,0.0,11145109.608439,0
700,3,1,2,1,0,0.0,12481917.489065,0
700,4,3,0,1,0,0.0,13322004.060673,0
700,5,3,1,0,1,268.1580949981169,13064241.780879,1
700,6,0,2,0,3,708.1690520092222,12673311.605439,1
700,7,1,0,4,2,61.0764854950997,13258383.018819,1
700,8,1,0,1,0,0.0,12492070.50881,0
700,9,3,1,0,1,83.29170939300062,12811045.806002,1
700,10,2,1,0,2,829.4508648690755,16723250.630848,1
701,1,0,2,2,2,606.6386649664822,11406299.118829,1
701,2,2,1,1,0,0.0,16181746.748391,0
701,3,3,0,2,2,533.8343955038222,7137785.066602,1
701,4,1,2,1,0,0.0,14245021.147098,0
701,5,2,0,1,2,607.6211651462951,11573003.372303,1
701,6,0,1,0,1,441.9519102706447,11847164.801215,1
701,7,2,2,3,2,369.4297060538512,15862446.620356,1
701,8,1,0,1,3,572.0883821107283,16729073.398583,1
701,9,1,0,1,0,0.0,13615916.549243,0
701,10,2,0,2,1,39.66334453735968,15870317.337241,1
702,1,1,1,1,0,0.0,14257592.156817,0
702,2,0,1,1,0,0.0,16148469.137169,0
702,3,1,1,1,2,144.68137708548682,12229325.841327,1
702,4,0,0,2,1,118.88697237016608,13129931.526283,1
702,5,3,0,1,0,0.0,14672735.178296,0
702,6,1,2,1,0,0.0,13702718.377779,0
702,7,1,1,0,2,493.60340603481654,10015573.562281,1
702,8,1,2,1,1,166.74950201474684,17221992.906732,1
702,9,1,0,2,1,40.90729173621087,12000792.674786,1
702,10,1,1,1,2,327.59828549917586,13462906.897953,1
703,1,1,2,0,1,321.0220918611016,13470703.78724,1
703,2,0,0,1,1,431.3582932871035,3811241.843354,1
703,3,1,0,1,1,135.51135385150286,10809833.392083,1
703,4,0,1,1,1,440.3452777587689,12350796.327658,1
703,5,0,1,2,1,152.74968831406886,13930215.307091,1
703,6,2,0,2,1,290.5720086237107,15730794.14247,1
703,7,0,4,0,0,0.0,14052144.341193,0
703,8,1,1,1,1,73.1141492515946,8598220.851103,1
703,9,0,1,0,3,837.7433295100758,11417225.864043,1
703,10,2,2,1,0,0.0,13438978.819604,0
704,1,1,0,3,1,110.07781957938631,16836710.474913,1
704,2,1,1,1,2,354.2159098410317,11404772.312351,1
704,3,0,1,0,0,0.0,14295406.038247,0
704,4,0,1,2,2,197.5712312711168,17170462.893755,1
704,5,1,2,4,1,130.11547676614072,14394896.957763,1
704,6,1,0,1,1,184.7426881470601,16605491.376993,1
704,7,2,0,2,0,0.0,9261423.445966,0
704,8,2,0,1,2,704.8745722564262,14639372.848574,1
704,9,0,1,3,0,0.0,4900942.55574,0
704,10,1,1,1,2,658.5880431030746,15923700.379656,1
705,1,3,0,4,1,468.7726704861835,15463939.703116,1
705,2,0,2,1,0,0.0,14575648.102646,0
705,3,1,1,1,0,0.0,12391653.957927,0
705,4,1,1,1,1,478.7915673315587,7502645.709568,1
705,5,2,3,2,2,413.6787257145103,12801656.826729,1
705,6,1,1,0,3,1005.6611380356201,16610778.617809,1
705,7,0,1,0,2,641.2031633000031,10355317.729999,1
705,8,1,2,2,0,0.0,13380237.252466,0
705,9,2,0,2,0,0.0,16240265.111343,0
705,10,0,1,1,0,0.0,13957014.05612,0
706,1,0,0,4,2,225.1034275713021,16119207.431683,1
706,2,2,1,1,2,862.9579019214219,15661564.198066,1
706,3,0,2,0,0,0.0,16173105.768656,0
706,4,0,3,2,0,0.0,8943071.035501,0
706,5,0,3,2,1,480.2033083361599,15472323.984226,1
706,6,1,1,0,2,214.42289558389126,11450995.255083,1
706,7,2,2,0,4,871.9618158812132,10470509.832419,1
706,8,0,0,2,1,318.6524892637057,9547543.93552,1
706,9,1,3,0,0,0.0,15980736.235788,0
706,10,0,2,0,2,432.39345275972545,14461228.930676,1
707,1,1,0,2,0,0.0,10959230.484744,0
707,2,1,0,2,0,0.0,14065465.077052,0
707,3,0,2,0,1,32.24537044636368,14639934.830919,1
707,4,1,0,0,1,96.95233437578094,11173737.614685,1
707,5,0,2,0,0,0.0,11284731.920564,0
707,6,2,1,0,0,0.0,11771108.454692,0
707,7,1,0,1,0,0.0,17226212.274915,0
707,8,0,2,2,2,712.3715358637382,15770601.024485,1
707,9,1,1,1,1,184.74216463021665,16686095.559701,1
707,10,0,0,1,2,536.0375835066415,14811076.500748,1
708,1,2,2,0,1,472.8067409145088,15129997.398198,1
708,2,0,0,1,1,188.6843251715468,13224003.672751,1
708,3,1,0,1,1,497.4467782692302,14492381.892182,1
708,4,1,1,0,1,327.53470578800176,7073792.398032,1
708,5,2,3,0,0,0.0,11684924.184103,0
708,6,2,0,2,2,823.9479267893316,8852311.579615,1
708,7,1,2,0,0,0.0,17019473.157762,0
708,8,1,1,1,1,178.55046643009837,11185511.852304,1
708,9,0,1,1,2,373.0885423616767,12716279.554288,1
708,10,0,1,1,1,408.9702439430076,13653662.612975,1
709,1,2,1,2,0,0.0,10678998.773973,0
709,2,1,1,2,2,75.108638131018,14624979.53974,1
709,3,0,1,1,1,269.94947669670995,12235203.518102,1
709,4,1,3,0,2,465.6585257186679,14430073.62158,1
709,5,0,1,2,1,8.12665399403833,12524521.194771,1
709,6,1,2,1,0,0.0,16371777.938053,0
709,7,0,1,1,0,0.0,16723450.737079,0
709,8,2,0,3,0,0.0,13320977.342551,0
709,9,2,0,0,1,301.7641011270917,10907966.311484,1
709,10,1,1,1,1,313.2794179872956,11910939.666336,1
710,1,4,2,0,0,0.0,15305414.477045,0
710,2,2,0,0,0,0.0,12902434.875471,0
710,3,1,3,1,2,520.3803604301579,15936936.152129,1
710,4,0,0,0,2,673.5752931373081,13704324.302465,1
710,5,1,1,1,2,198.2285030768407,14826079.382829,1
710,6,0,2,1,2,379.7056870494236,14060095.178113,1
710,7,1,1,1,1,70.30210198383351,8866074.993691,1
710,8,1,0,1,0,0.0,14808719.6841,0
710,9,1,0,1,1,200.2938875811247,6018228.948404,1
710,10,1,0,0,1,426.8936279799643,12142670.86191,1
711,1,0,1,0,1,237.5406132151845,11731920.977526,1
711,2,1,0,1,1,143.62358574487226,17043019.125249,1
711,3,1,2,1,2,866.0855881139656,13327804.23563,1
711,4,0,0,3,0,0.0,13008214.045751,0
711,5,1,3,3,0,0.0,12646435.146601,0
711,6,0,3,3,0,0.0,16266958.223156,0
711,7,0,0,2,2,337.76027950712904,14260429.933426,1
711,8,1,2,2,2,699.9949428095074,15058127.542308,1
711,9,0,1,1,0,0.0,13357214.197023,0
711,10,2,1,1,0,0.0,12068077.121972,0
712,1,0,0,2,1,68.25653142388768,13975741.172398,1
712,2,2,0,1,0,0.0,8805415.459393,0
712,3,2,0,0,1,164.5772028519794,9151442.973181,1
712,4,1,1,1,2,621.1013902328593,14467858.655545,1
712,5,0,0,0,1,449.3163826311397,12889391.147654,1
712,6,1,1,1,0,0.0,13708864.872883,0
712,7,2,0,0,0,0.0,17515229.157832,0
712,8,1,2,2,1,326.3248036469258,10017283.740631,1
712,9,2,2,1,1,366.4393225092373,13802148.210048,1
712,10,2,1,0,0,0.0,15567455.238829,0
713,1,0,1,0,1,218.69920711575176,13518670.904302,1
713,2,2,0,4,1,404.40541911783066,14522199.585232,1
713,3,2,0,2,1,315.4186065776008,13372694.363414,1
713,4,3,1,1,0,0.0,13542974.401441,0
713,5,2,0,3,2,691.9931391219205,9451289.120202,1
713,6,2,0,2,1,85.46991553609101,7920468.425356,1
713,7,0,0,2,0,0.0,7303903.445461,0
713,8,2,1,0,2,604.8552667664632,16433882.702082,1
713,9,0,4,1,1,368.57467874608113,15463471.021502,1
713,10,0,1,1,2,357.3815752739952,15129423.964276,1
714,1,0,2,0,0,0.0,8491991.23068,0
714,2,0,2,3,1,377.4768865468673,16318910.313078,1
714,3,0,2,4,1,338.63889590480863,17641465.056761,1
714,4,3,0,1,1,462.7761607400324,9867043.015432,1
714,5,0,1,0,1,210.4559006609618,13769157.552525,1
714,6,1,1,2,1,6.9735729543165625,14298856.378208,1
714,7,2,1,1,2,392.530283771337,17102310.339183,1
714,8,1,2,1,0,0.0,12106327.153577,0
714,9,1,0,0,3,1283.3735206265985,10065273.636834,1
714,10,0,2,3,2,741.694558176665,15419349.162884,1
715,1,1,1,1,1,358.31101372926514,11232668.15509,1
715,2,1,2,1,0,0.0,11763696.263562,0
715,3,2,1,0,1,397.7815111109294,13452624.320082,1
715,4,2,1,2,2,269.7642588310284,15444160.720749,1
715,5,2,1,0,2,530.9186801174781,14781523.165979,1
715,6,0,2,0,0,0.0,12405818.43156,0
715,7,1,3,0,0,0.0,14818352.174074,0
715,8,1,1,1,0,0.0,14992995.121538,0
715,9,1,0,2,0,0.0,13680856.895346,0
715,10,1,3,0,0,0.0,16214692.815781,0
716,1,0,1,1,2,556.9383340653807,16856392.530811,1
716,2,0,2,1,1,390.6715663668065,16779924.851917,1
716,3,2,2,0,0,0.0,5940287.442773,0
716,4,1,2,2,0,0.0,10134944.892946,0
716,5,2,1,2,1,226.8565288158558,16418765.591138,1
716,6,0,3,3,0,0.0,17523373.635705,0
716,7,1,3,1,1,438.7571798263226,10862071.052714,1
716,8,1,2,1,0,0.0,11624065.608942,0
716,9,0,4,0,3,347.7379059652991,14153496.374672,1
716,10,0,0,2,3,577.8230159950524,15618922.18617,1
717,1,1,0,2,1,96.03019164168232,12797296.75312,1
717,2,2,0,1,1,59.43010647916373,13222943.153388,1
717,3,0,2,1,0,0.0,13063830.48355,0
717,4,0,1,3,1,449.8319816181889,15848623.819422,1
717,5,1,0,0,2,87.40018654555152,12549578.474111,1
717,6,1,0,3,0,0.0,15485577.490178,0
717,7,0,1,0,1,5.7975391377362655,13682042.864585,1
717,8,0,2,2,1,344.53942637439627,17309618.292058,1
717,9,2,0,1,0,0.0,10185354.870246,0
717,10,1,0,1,1,120.61102863518582,12366179.085086,1
718,1,2,1,1,3,686.5846137680911,13904878.082231,1
718,2,2,2,2,2,261.54803142312994,14121688.405727,1
718,3,1,1,2,1,354.0190299810926,12340381.00816,1
718,4,2,0,1,0,0.0,14266461.490008,0
718,5,0,0,1,1,482.17837671996574,8761545.971845,1
718,6,0,0,2,2,488.50197116639197,11069095.39625,1
718,7,0,0,2,3,804.8418590611454,15139923.165364,1
718,8,1,0,2,1,192.10680498286752,12939335.464649,1
718,9,2,1,3,1,400.2646793536064,14313587.283728,1
718,10,0,1,1,2,299.0458078073069,14489342.399165,1
719,1,0,1,1,0,0.0,7431875.516054,0
719,2,1,0,2,1,192.9031661600715,13186026.398943,1
719,3,0,1,0,1,417.7579348582048,9992569.282559,1
719,4,3,1,1,2,321.02435771435546,14003896.715918,1
719,5,2,1,1,0,0.0,16330236.265875,0
719,6,3,0,2,0,0.0,14688740.025083,0
719,7,0,2,0,4,1026.3909587065714,14263444.546282,1
719,8,1,1,2,0,0.0,16147488.468045,0
719,9,0,2,2,1,39.41680432368334,14472008.32517,1
719,10,3,1,1,0,0.0,11370901.832746,0
720,1,0,0,1,4,1218.7160055704887,15628057.33668,1
720,2,1,1,0,1,230.93777296003404,13837752.104758,1
720,3,2,0,0,1,56.70094017401578,16496641.784517,1
720,4,1,0,1,0,0.0,9412776.132384,0
720,5,1,1,1,2,573.6155079469696,5225410.436637,1
720,6,1,0,1,1,445.3609414523831,12557934.150543,1
720,7,1,1,0,2,103.11230093887454,16516767.780429,1
720,8,0,1,2,2,892.1367815768053,15516659.877294,1
720,9,2,0,1,1,257.56202016105834,14707870.922693,1
720,10,0,1,0,1,322.11517786600746,15322625.411998,1
721,1,2,1,1,2,600.533340065089,16546946.247754,1
721,2,1,2,1,1,22.40074329975958,14601274.36371,1
721,3,2,0,0,1,395.3098090441952,7219700.309253,1
721,4,2,3,0,0,0.0,11530198.257081,0
721,5,0,1,0,4,1115.1684646580652,6420015.762211,1
721,6,0,2,1,2,576.6710948824038,10166728.063313,1
721,7,0,1,0,3,867.7667320823899,16640138.456064,1
721,8,2,1,0,1,140.43361383903863,9236065.680506,1
721,9,1,2,2,0,0.0,13460385.963577,0
721,10,0,0,2,1,419.1340326442799,12167526.417973,1
722,1,2,2,2,0,0.0,17079272.94057,0
722,2,1,0,1,1,36.80815572393999,13956909.758379,1
722,3,0,1,4,0,0.0,11199429.669618,0
722,4,1,0,1,1,51.9237809525597,16379910.756544,1
722,5,2,1,0,2,657.3915406320799,6901627.624713,1
722,6,2,2,2,1,263.85570297203566,14219040.738254,1
722,7,3,1,0,1,434.99279342485545,15981190.600603,1
722,8,1,2,1,1,310.0418226461659,10546926.279462,1
722,9,1,0,3,1,121.69059398040416,16399539.197315,1
722,10,2,0,1,2,636.5300195671941,16067802.698462,1
723,1,1,1,0,3,1147.3751453772481,17250483.314765,1
723,2,0,1,1,0,0.0,10273740.164442,0
723,3,4,2,0,1,252.9229393122124,13811297.09638,1
723,4,1,3,0,0,0.0,16396477.331063,0
723,5,2,0,0,1,440.7160608101216,12329406.14463,1
723,6,2,0,0,1,493.3454696535989,5134307.137859,1
723,7,1,2,0,0,0.0,7502747.970089,0
723,8,1,2,1,0,0.0,14649427.270246,0
723,9,1,0,1,1,462.9352268201229,15694466.995626,1
723,10,1,1,1,3,854.6320037435947,17415429.065067,1
724,1,2,1,1,1,308.07541556570607,15969374.055168,1
724,2,1,0,1,3,518.5600739421172,16798312.522024,1
724,3,0,1,3,0,0.0,17232525.161865,0
724,4,3,1,0,1,441.5922325576763,14654863.642491,1
724,5,0,0,0,3,889.6436769290108,8363551.139734,1
724,6,0,0,1,1,321.2132210141572,9923507.087866,1
724,7,3,0,1,1,101.4460385877737,11001170.072011,1
724,8,1,1,0,0,0.0,15542438.879715,0
724,9,1,1,0,3,798.4326495333686,15211492.791059,1
724,10,1,0,2,3,576.2512262384942,17310799.857397,1
725,1,0,2,3,0,0.0,12786051.449067,0
725,2,2,1,1,1,181.83092012659225,14453050.787364,1
725,3,0,0,2,5,1128.9734109509636,15284110.504448,1
725,4,1,1,1,0,0.0,9676490.98752,0
725,5,1,2,0,1,405.38815720701353,12600332.123597,1
725,6,2,1,0,0,0.0,12988592.604903,0
725,7,0,2,0,2,540.9090784135826,12338119.344957,1
725,8,5,1,0,0,0.0,14289696.851566,0
725,9,1,1,1,1,258.26535062916605,11226473.159783,1
725,10,1,0,1,2,222.05052152115275,14410880.863148,1
726,1,2,2,0,1,21.03776219769496,14471025.100584,1
726,2,1,2,0,1,49.20893910708086,14478074.048996,1
726,3,0,0,4,1,111.92996126364314,13577148.679902,1
726,4,1,2,2,1,373.1730383300256,14171564.732767,1
726,5,0,0,3,0,0.0,11608580.751802,0
726,6,1,2,2,1,430.2580218377545,12792780.520177,1
726,7,2,0,1,0,0.0,15973900.919388,0
726,8,3,2,1,0,0.0,14540493.275383,0
726,9,0,0,3,1,137.27173546494234,11904795.897345,1
726,10,0,0,0,1,154.7911744133976,17511963.114049,1
727,1,0,1,1,3,643.668133679031,9539226.411389,1
727,2,1,0,0,1,393.4365446440145,15861342.385136,1
727,3,2,1,0,0,0.0,12497638.639245,0
727,4,3,1,1,1,218.32205000285265,9613773.491709,1
727,5,0,0,1,2,688.987320844866,10849483.924428,1
727,6,0,1,2,1,251.53439124729348,15818236.164745,1
727,7,4,2,1,0,0.0,14393542.772541,0
727,8,2,1,1,4,1049.2287436332783,17013386.978429,1
727,9,1,1,1,1,279.13176668489047,11899053.639904,1
727,10,0,0,2,1,250.78415426146395,11398045.881453,1
728,1,2,1,2,0,0.0,11567207.250588,0
728,2,1,3,0,0,0.0,12742899.994345,0
728,3,0,0,1,1,254.8779169822592,12063480.314783,1
728,4,2,0,1,1,229.4522225149878,7914799.277503,1
728,5,2,1,1,1,180.9246093057642,15189935.114228,1
728,6,0,2,3,0,0.0,16043000.903505,0
728,7,0,2,1,0,0.0,16255523.947636,0
728,8,2,4,2,1,395.4022721131469,16288647.705817,1
728,9,1,1,2,1,171.25177250427214,17428244.174347,1
728,10,0,0,0,1,271.42352409654654,12347496.079097,1
729,1,0,1,1,2,642.5692910861386,8770900.785884,1
729,2,1,0,1,1,283.80899289488536,11079364.415876,1
729,3,0,0,2,0,0.0,12121800.090467,0
729,4,0,1,1,1,376.06811242870265,8665646.405933,1
729,5,1,0,1,0,0.0,14821539.677009,0
729,6,1,2,2,0,0.0,11475838.180535,0
729,7,1,2,0,1,383.1330429950092,10487357.428795,1
729,8,0,1,1,2,784.3359190599155,16532240.398374,1
729,9,2,1,5,0,0.0,16911835.948861,0
729,10,4,2,1,0,0.0,9843971.283212,0
730,1,0,1,1,1,287.5794759765709,12270991.799093,1
730,2,1,1,1,1,161.9430537674142,12572447.419565,1
730,3,2,0,1,2,532.1647985922921,10308001.736863,1
730,4,1,2,1,1,114.51076411924808,17385952.684008,1
730,5,1,1,3,0,0.0,11246775.75914,0
730,6,4,1,1,2,327.21456285272603,17045995.146479,1
730,7,0,2,0,0,0.0,9316850.893276,0
730,8,0,2,1,3,712.2597671910505,16147789.434857,1
730,9,3,2,3,0,0.0,14896543.588348,0
730,10,3,1,0,1,450.6328073736065,12335764.875282,1
731,1,1,2,2,2,526.0782497341178,14874238.914035,1
731,2,4,2,0,1,264.33822659142857,11761847.376218,1
731,3,0,1,3,2,546.65619464016,15575327.328525,1
731,4,0,0,0,1,113.8866959251724,14946236.916749,1
731,5,1,2,1,0,0.0,16229029.594018,0
731,6,3,0,1,1,316.7471597731025,15026084.719429,1
731,7,1,3,2,1,230.01329045681317,16502397.336748,1
731,8,0,2,0,2,467.3153280113443,17097563.432456,1
731,9,1,0,0,2,640.1121514347592,8282954.22861,1
731,10,2,0,2,2,276.974983732553,10478598.895103,1
732,1,0,1,1,0,0.0,6924281.773594,0
732,2,2,0,1,0,0.0,13074895.103815,0
732,3,4,1,1,2,642.1338661440719,16446591.119545,1
732,4,0,2,0,1,311.19459456191817,10470888.411151,1
732,5,5,1,3,0,0.0,16124110.512726,0
732,6,1,0,1,1,350.28839749145124,12099900.575675,1
732,7,0,0,0,0,0.0,16307844.1647,0
732,8,1,1,1,3,588.9816405741293,15889960.659285,1
732,9,1,2,2,0,0.0,11347759.391358,0
732,10,0,0,2,3,551.2360275351571,15123350.767045,1
733,1,1,0,2,0,0.0,14524036.385897,0
733,2,1,1,2,1,189.06765337481784,9054079.63053,1
733,3,0,0,1,2,574.0321416334766,10077763.329893,1
733,4,0,3,0,3,767.5035512819957,12227255.702826,1
733,5,1,0,0,1,80.66241137779458,16890622.799002,1
733,6,0,1,2,0,0.0,15581843.482772,0
733,7,1,3,0,1,371.2807488027764,9896628.310404,1
733,8,0,2,1,1,499.8000293003885,14333024.145319,1
733,9,1,0,2,0,0.0,11677369.474914,0
733,10,1,0,0,1,234.83356857371405,9136102.908214,1
734,1,2,2,0,0,0.0,11025735.686714,0
734,2,2,0,1,1,114.34946807726529,12511235.880708,1
734,3,0,0,0,4,1638.8404554509789,15395660.243555,1
734,4,0,0,1,1,52.55743320989365,15625932.277816,1
734,5,1,1,0,1,476.7367143507799,15521278.547408,1
734,6,1,0,1,2,600.4063309273083,15669726.311938,1
734,7,1,1,0,1,34.33306771054953,14540076.224052,1
734,8,2,4,0,0,0.0,11027433.781671,0
734,9,1,3,0,0,0.0,8833318.661958,0
734,10,4,0,0,1,136.8415290521587,14022734.460762,1
735,1,3,0,1,1,416.8345246534124,12259167.88886,1
735,2,1,0,2,0,0.0,12268766.264445,0
735,3,1,0,0,0,0.0,14453110.97559,0
735,4,1,1,0,2,89.36592304796025,10460289.532914,1
735,5,1,2,1,0,0.0,16023083.093782,0
735,6,0,1,0,2,152.83793177765068,11925748.055345,1
735,7,1,1,0,0,0.0,16090473.453181,0
735,8,1,1,1,1,24.424752646591717,16864939.217693,1
735,9,0,0,0,2,892.5530355793067,14070837.099652,1
735,10,1,3,1,0,0.0,17219078.399635,0
736,1,3,1,2,0,0.0,14808769.818898,0
736,2,0,5,0,1,168.2640930601798,14855817.33931,1
736,3,2,2,1,3,225.82357405333107,13338445.676055,1
736,4,0,1,2,1,275.43903359409086,13356786.231482,1
736,5,1,0,1,1,229.64217818798195,12764266.483867,1
736,6,0,1,1,5,850.6307620803415,14376087.782552,1
736,7,0,1,4,2,712.6735797573313,16006422.695012,1
736,8,1,0,1,3,750.5652311614,10902404.192368,1
736,9,2,1,1,2,635.0131081637885,16925544.908746,1
736,10,1,1,1,2,659.1076460097031,15173991.103507,1
737,1,2,2,2,2,701.3730215594628,16858625.891675,1
737,2,0,1,3,0,0.0,11023492.008282,0
737,3,5,0,2,0,0.0,10801665.285912,0
737,4,2,1,1,1,231.7941826171868,12007917.513617,1
737,5,2,2,1,1,386.27235666398434,16207397.13333,1
737,6,0,1,0,2,606.2261989310314,15056259.885018,1
737,7,1,3,0,0,0.0,10857287.016568,0
737,8,0,2,0,0,0.0,12353988.697747,0
737,9,1,0,0,1,35.094708854922075,8879680.294726,1
737,10,1,1,2,1,242.57047889428,15239892.437356,1
738,1,0,1,2,1,454.126420193206,12469553.733719,1
738,2,1,3,1,1,118.49765630540269,11607426.819656,1
738,3,1,5,0,1,427.967034110315,12697533.851517,1
738,4,1,0,1,1,382.6594100908505,16072494.593824,1
738,5,2,0,0,1,393.5527685672594,12415789.872046,1
738,6,0,2,0,2,321.41235349322744,16014223.500051,1
738,7,2,3,0,1,40.37261586246678,15256652.916567,1
738,8,1,1,2,0,0.0,17507163.799706,0
738,9,3,1,1,0,0.0,13264365.99924,0
738,10,3,1,1,1,410.7347098198776,14433822.838295,1
739,1,0,3,0,3,799.2153939818035,14219893.446573,1
739,2,0,1,1,1,473.7863229394644,13738624.830343,1
739,3,1,1,2,0,0.0,15506639.801774,0
739,4,1,0,1,2,431.62617919204973,10872342.09975,1
739,5,0,1,2,0,0.0,13297517.163416,0
739,6,1,2,0,1,462.6337824969227,15179792.008918,1
739,7,3,1,2,1,378.56999622897206,17124512.664449,1
739,8,0,1,1,3,1070.9746656464154,15522504.192197,1
739,9,1,2,1,2,467.67046872495644,15352509.604209,1
739,10,0,0,4,0,0.0,17186223.207765,0
740,1,2,2,1,2,830.1592996233305,15049950.21764,1
740,2,1,1,1,1,419.3399455748139,10907657.89698,1
740,3,2,2,2,0,0.0,13164599.014029,0
740,4,2,1,1,0,0.0,17591134.679517,0
740,5,1,1,0,0,0.0,14976256.080213,0
740,6,0,3,1,0,0.0,8382191.407404,0
740,7,1,1,1,1,296.25255711910387,9849552.696065,1
740,8,0,0,2,1,21.32503642478317,13231399.221232,1
740,9,1,2,1,0,0.0,14702128.469696,0
740,10,2,2,2,0,0.0,9943661.331759,0
741,1,1,2,2,0,0.0,13683802.553012,0
741,2,0,1,0,2,533.2436495354584,8315076.215907,1
741,3,2,0,0,0,0.0,6122287.597493,0
741,4,1,1,1,0,0.0,12310094.073213,0
741,5,2,0,1,3,850.1130074522816,14514843.594927,1
741,6,3,2,0,0,0.0,11519961.563845,0
741,7,2,0,1,0,0.0,6944301.066012,0
741,8,0,3,3,1,93.3520708536757,11899260.32597,1
741,9,1,1,1,0,0.0,16405952.126712,0
741,10,1,2,2,0,0.0,14675192.728082,0
742,1,2,0,1,1,314.33589159908627,11996288.845031,1
742,2,1,1,1,1,295.2868784910097,14842341.356155,1
742,3,2,1,0,3,562.3913649303852,16838076.014581,1
742,4,0,0,2,0,0.0,10296937.794489,0
742,5,0,1,1,0,0.0,13399613.89247,0
742,6,1,2,1,2,675.5508079975706,14581646.27839,1
742,7,1,2,0,1,12.312161338309068,11797756.674281,1
742,8,0,0,2,2,645.4194972101207,13280682.926041,1
742,9,0,2,2,2,256.85550641308,7718671.15552,1
742,10,1,1,1,1,436.7325905383967,14761267.686726,1
743,1,4,2,0,1,493.1770592268068,12937030.945846,1
743,2,1,1,0,2,752.0421255181585,13628774.179627,1
743,3,0,3,1,0,0.0,11033723.164108,0
743,4,0,0,3,0,0.0,11904345.188153,0
743,5,0,1,2,4,1301.9239506699928,15694296.818008,1
743,6,1,2,2,1,452.2467642106704,15566189.075391,1
743,7,1,1,0,2,762.4771473287952,12834854.547676,1
743,8,0,0,1,1,254.0753710267839,11716687.009573,1
743,9,2,1,0,0,0.0,10278809.533973,0
743,10,0,1,2,1,259.6920365485668,12394405.262308,1
744,1,0,2,2,1,182.57483816278545,9873555.96168,1
744,2,0,1,0,0,0.0,17126966.045382,0
744,3,1,1,2,4,1150.75050172411,15882206.380251,1
744,4,0,2,3,1,124.98304087166672,14800800.732317,1
744,5,1,2,3,0,0.0,16158292.371185,0
744,6,2,2,2,0,0.0,11784837.092396,0
744,7,1,1,2,1,177.86989367531916,16225907.451101,1
744,8,0,0,0,1,350.1546396333241,7411877.741517,1
744,9,0,1,2,3,813.8529993102063,14353626.720295,1
744,10,2,1,1,1,117.55840835273013,10368686.373496,1
745,1,1,2,0,2,160.97839812386107,11340304.114771,1
745,2,0,1,3,0,0.0,4974024.714459,0
745,3,1,1,0,2,250.1645759855096,16581786.884561,1
745,4,1,0,2,2,805.6805286433682,11096079.08415,1
745,5,2,1,3,0,0.0,11780414.128267,0
745,6,1,1,1,3,1088.0591293412122,16597380.815386,1
745,7,0,1,0,1,129.55269777569487,8523148.946498,1
745,8,2,1,3,2,641.2654763694865,13195035.026067,1
745,9,0,1,0,1,255.4343507683252,9856867.514899,1
745,10,0,2,1,2,526.8775595853579,14586118.693499,1
746,1,1,0,1,3,1142.6080725176905,14225385.728734,1
746,2,2,2,2,2,520.9955953435984,13501652.323079,1
746,3,0,1,1,2,616.4510873685123,13530862.310723,1
746,4,3,1,0,2,744.098192657731,15985089.458643,1
746,5,0,1,0,0,0.0,12862539.449011,0
746,6,0,1,1,2,695.4220945138871,13070508.351074,1
746,7,1,3,2,2,179.57413066388693,16738896.347941,1
746,8,1,0,0,1,180.61605229756665,16734828.411579,1
746,9,2,0,0,0,0.0,15414079.036938,0
746,10,1,2,1,1,437.9423655676516,8190326.82742,1
747,1,0,1,2,1,250.59269239918927,5738336.799769,1
747,2,1,1,2,1,235.81429805461968,12480714.291912,1
747,3,1,0,2,0,0.0,16298830.782397,0
747,4,1,0,0,3,613.1035301255711,13269987.195539,1
747,5,0,1,2,0,0.0,11228130.316109,0
747,6,1,0,0,2,772.068873340987,12698407.899347,1
747,7,1,0,2,2,643.7360744541575,12320759.589136,1
747,8,0,0,0,1,368.1903510180248,11667764.089695,1
747,9,0,1,1,1,396.7938631375378,13362184.236432,1
747,10,1,1,0,0,0.0,15025381.721419,0
748,1,1,0,3,0,0.0,14129299.074638,0
748,2,0,0,0,3,846.4146260913348,8171543.181989,1
748,3,0,1,0,0,0.0,8640886.888064,0
748,4,1,0,0,1,120.16834893263434,16429858.218409,1
748,5,1,1,2,0,0.0,17157512.563084,0
748,6,1,2,0,0,0.0,9868144.588119,0
748,7,1,0,1,0,0.0,13008419.027023,0
748,8,2,1,2,0,0.0,12227371.829714,0
748,9,1,0,1,0,0.0,10767640.604561,0
748,10,1,4,1,0,0.0,14739675.234753,0
749,1,0,1,1,0,0.0,15865048.181608,0
749,2,3,1,2,0,0.0,10312434.975501,0
749,3,1,2,1,1,41.59696568046526,8912305.229313,1
749,4,2,1,1,0,0.0,14093386.047991,0
749,5,0,0,0,1,396.1500981830086,15980031.207489,1
749,6,4,0,0,1,427.8419561384719,15007239.411072,1
749,7,0,2,1,1,156.3351818235081,11409370.877545,1
749,8,3,0,2,1,287.65975922568754,11953586.15962,1
749,9,2,1,1,3,697.8849685071156,15323354.635044,1
749,10,2,0,2,0,0.0,16730104.809215,0
750,1,0,1,1,0,0.0,13216117.028855,0
750,2,0,0,0,2,274.4682815602901,7447763.360724,1
750,3,2,1,2,0,0.0,8629038.476373,0
750,4,0,1,0,0,0.0,16188427.467425,0
750,5,2,2,0,2,523.4090738504195,15900036.383774,1
750,6,0,2,0,1,368.5009753915829,10489044.551746,1
750,7,3,1,1,3,793.9827873707336,13133445.751263,1
750,8,1,0,4,1,378.21472400743096,14189699.123008,1
750,9,2,2,0,2,192.86047403984537,13545186.502873,1
750,10,3,0,2,2,327.46673940095167,12438568.574472,1
751,1,0,0,3,0,0.0,13721483.487549,0
751,2,2,0,1,0,0.0,14080059.247338,0
751,3,1,3,4,1,372.95602495501663,16199234.985885,1
751,4,4,1,2,2,571.6554265646116,12500993.9095,1
751,5,0,2,2,2,411.83565392668567,12521736.657164,1
751,6,1,1,1,1,271.2226561184654,11262000.165214,1
751,7,2,1,0,1,432.64313541577206,12026008.963799,1
751,8,1,0,1,0,0.0,16269042.091152,0
751,9,1,0,2,2,432.93517651727126,17148410.444464,1
751,10,1,2,0,1,379.2358816167512,14651438.227066,1
752,1,0,1,1,0,0.0,14399310.488574,0
752,2,1,0,1,1,485.33431621001256,6489479.466377,1
752,3,2,1,1,0,0.0,7944533.251313,0
752,4,1,1,3,0,0.0,16006407.053699,0
752,5,0,3,2,1,209.764789235336,14198786.672083,1
752,6,1,2,1,0,0.0,16001837.523222,0
752,7,0,1,2,0,0.0,8536905.141821,0
752,8,1,1,0,2,295.9445620972233,11426548.944867,1
752,9,1,1,0,2,307.6686854321197,12242820.200381,1
752,10,2,1,0,0,0.0,12473460.419614,0
753,1,2,2,2,1,254.90411068436205,16921958.772439,1
753,2,1,2,2,1,191.43539112685755,16843050.245328,1
753,3,1,1,0,0,0.0,15535001.553418,0
753,4,1,1,3,3,622.3174812555618,12905375.050672,1
753,5,1,0,1,3,695.1738622989337,12373891.216028,1
753,6,0,1,2,1,376.7286246814221,15694194.954465,1
753,7,0,0,2,2,270.3587620820455,10818100.958537,1
753,8,0,0,1,3,730.488066512785,14086673.026121,1
753,9,0,0,2,1,360.8857833536218,9069827.559984,1
753,10,0,3,0,2,295.4962227348598,14763846.619229,1
754,1,1,2,1,2,278.34457449331074,12581475.708831,1
754,2,1,2,2,0,0.0,14762619.396736,0
754,3,0,2,1,1,186.8850135261277,11032399.704608,1
754,4,4,0,1,1,440.9315099228298,17048158.515126,1
754,5,1,0,1,1,127.02326171517603,6222728.882593,1
754,6,0,1,1,1,200.98360800327745,10219850.048544,1
754,7,1,2,1,2,376.3362630300354,16503689.812364,1
754,8,0,1,0,1,389.5852491966775,17337562.132136,1
754,9,2,0,1,0,0.0,14534414.489648,0
754,10,2,1,0,1,328.84498880037523,17056690.140577,1
755,1,1,2,3,1,464.67161094868425,13751121.225208,1
755,2,0,1,1,0,0.0,7625865.238571,0
755,3,1,2,1,3,798.7049996061114,14106927.119762,1
755,4,1,1,1,1,483.9570284850317,12964102.045663,1
755,5,1,1,3,0,0.0,10697310.793987,0
755,6,0,3,0,1,154.86620168588607,13955511.067478,1
755,7,2,2,1,1,340.98840349378617,13270745.825624,1
755,8,1,1,0,1,90.51480795361653,14591072.999139,1
755,9,3,1,1,1,264.1090965019995,16070673.808283,1
755,10,2,0,1,1,207.52007223672268,12768326.758768,1
756,1,4,1,0,0,0.0,11688135.906176,0
756,2,2,0,0,2,763.8145003004131,12528235.375504,1
756,3,0,2,0,1,166.29452974407644,13408763.365573,1
756,4,1,0,1,0,0.0,11791953.985948,0
756,5,1,1,3,1,314.7366630583941,13826041.074149,1
756,6,2,0,0,0,0.0,16531934.644591,0
756,7,2,0,1,0,0.0,14343050.188452,0
756,8,1,2,1,0,0.0,16077671.083593,0
756,9,3,1,1,1,205.91050802371828,15697655.604298,1
756,10,0,1,0,2,499.3720666060219,16098137.834806,1
757,1,2,0,0,1,324.98328268674334,16742432.199775,1
757,2,2,0,2,1,305.2167276655015,16882538.542166,1
757,3,0,0,1,0,0.0,11711259.757623,0
757,4,0,1,2,2,468.833535031732,7493164.496129,1
757,5,1,3,1,1,331.60563370098737,11350968.866456,1
757,6,1,0,0,0,0.0,14434106.060616,0
757,7,1,0,1,1,231.47422308875323,10636043.438158,1
757,8,3,1,1,2,713.8300786239978,15535034.681415,1
757,9,0,1,2,1,316.78817469803363,13211240.530038,1
757,10,1,3,1,0,0.0,12761834.306512,0
758,1,0,2,2,0,0.0,12147147.924027,0
758,2,1,2,0,0,0.0,15517402.195046,0
758,3,1,1,0,1,457.05450061478456,10917845.154659,1
758,4,2,0,2,1,200.16618269374447,13941210.398928,1
758,5,1,0,2,0,0.0,13387720.688509,0
758,6,1,0,0,1,216.0661981219637,16886847.295499,1
758,7,0,0,0,1,430.1154108016291,16208887.808209,1
758,8,0,0,1,1,65.74189771539906,13836877.445088,1
758,9,0,0,2,1,119.78387516159776,14726032.471602,1
758,10,1,0,2,1,421.4933334266824,15607754.803187,1
759,1,0,1,1,1,30.02349339202409,14353058.293882,1
759,2,1,3,1,2,735.1180712190458,11607970.320894,1
759,3,1,1,2,3,1099.8283690292474,13626144.547808,1
759,4,1,0,1,3,1001.2882236795365,13850439.645767,1
759,5,1,4,0,1,281.9512424661562,11978064.004449,1
759,6,0,2,0,0,0.0,16402778.24732,0
759,7,1,0,3,1,93.08153518170803,14835832.654004,1
759,8,1,0,1,0,0.0,11950762.965374,0
759,9,1,2,0,1,311.8604223256022,16731920.735922,1
759,10,1,0,0,3,949.1322777909104,12109378.501967,1
760,1,3,2,0,2,821.2250121460986,17205938.686746,1
760,2,1,1,1,0,0.0,9925089.852085,0
760,3,2,0,2,0,0.0,13514451.097259,0
760,4,1,1,0,1,74.62333343434514,7654797.351287,1
760,5,1,0,0,2,575.6715015280033,15782901.907267,1
760,6,0,3,1,0,0.0,12092717.765412,0
760,7,0,3,0,1,312.930773880982,16278270.731891,1
760,8,1,2,1,0,0.0,15165831.485927,0
760,9,0,4,1,1,245.23245583294292,13356762.403059,1
760,10,3,1,0,2,957.7168106846436,13801983.995147,1
761,1,1,1,0,3,1013.8354580496665,13085496.673147,1
761,2,1,0,0,3,457.9008169282083,11852643.653617,1
761,3,1,1,1,3,472.1903901962833,17150242.397542,1
761,4,1,2,0,1,126.72362089554652,13263100.492793,1
761,5,0,0,0,0,0.0,13267194.349226,0
761,6,4,0,0,2,923.6746296544974,9035162.438767,1
761,7,1,1,1,2,263.9497872930182,13759497.484267,1
761,8,0,2,0,2,267.27050087266855,16907479.565822,1
761,9,1,0,0,1,309.3873370483363,14753451.513042,1
761,10,2,1,0,4,1397.6111690722478,16165001.063185,1
762,1,1,2,2,2,658.2948157863634,15014687.875904,1
762,2,1,2,0,0,0.0,13778109.639464,0
762,3,2,0,3,2,483.40743465032733,13247481.043929,1
762,4,2,1,0,0,0.0,10781942.412955,0
762,5,0,2,1,1,303.816743309295,13811897.002851,1
762,6,0,0,1,2,460.25293274409466,12839227.734033,1
762,7,0,1,1,1,192.57173680598115,15676333.447289,1
762,8,1,0,0,0,0.0,10146627.434297,0
762,9,1,0,0,2,346.0186019932598,9953846.037436,1
762,10,1,0,1,2,393.9257039689511,12008453.870376,1
763,1,2,3,0,0,0.0,16612551.21612,0
763,2,2,1,2,1,54.52384022194303,13714478.069298,1
763,3,1,2,0,1,67.61510179591421,9754082.766431,1
763,4,2,1,1,1,451.3382509698593,15734882.664303,1
763,5,0,0,3,0,0.0,11881035.965506,0
763,6,0,0,1,2,116.16946936566872,11617051.508323,1
763,7,3,0,2,1,422.4692937214149,13721989.69263,1
763,8,1,0,1,1,209.40123180690145,17142636.023369,1
763,9,2,0,1,0,0.0,16599582.217798,0
763,10,1,2,1,0,0.0,10802244.863804,0
764,1,2,0,1,0,0.0,13000531.540587,0
764,2,1,0,2,0,0.0,10085018.784378,0
764,3,0,2,1,1,22.555762659488902,12337327.78835,1
764,4,0,0,0,0,0.0,9239175.426477,0
764,5,0,1,1,1,419.396822476808,16954723.13655,1
764,6,2,1,1,1,278.3770122316016,14910063.540322,1
764,7,1,2,0,0,0.0,12489275.473591,0
764,8,1,1,2,1,45.65740502927782,15992343.598653,1
764,9,2,1,2,2,668.8765044718341,14713187.209602,1
764,10,1,1,0,1,22.619825382900995,12534298.397428,1
765,1,0,2,0,1,56.83022107384473,10781237.292326,1
765,2,3,2,0,2,526.9591143547232,14832865.391619,1
765,3,0,4,1,0,0.0,12006507.36171,0
765,4,1,3,0,2,222.4030772416543,14988482.515362,1
765,5,1,0,2,1,75.42940179083416,10136797.819776,1
765,6,3,3,1,0,0.0,16542508.681455,0
765,7,1,0,2,2,522.6227883883613,15019972.036763,1
765,8,1,0,1,1,292.73909790067336,11264071.66329,1
765,9,0,1,2,1,396.6233105244688,14780624.738544,1
765,10,3,0,1,1,233.7368194873588,16834012.573135,1
766,1,1,0,2,1,130.8720527890432,12252748.474177,1
766,2,1,0,3,0,0.0,14090923.860748,0
766,3,1,0,0,0,0.0,8643043.599368,0
766,4,2,0,0,1,181.18336718990864,12612453.092749,1
766,5,3,1,0,0,0.0,9558715.570606,0
766,6,0,1,2,3,653.5323851830365,17320158.812481,1
766,7,1,2,1,0,0.0,12039803.778954,0
766,8,0,1,1,2,541.3164969819438,9613632.230823,1
766,9,0,1,0,1,287.8049496330722,13021425.816709,1
766,10,4,0,2,0,0.0,12170645.096857,0
767,1,1,0,0,2,449.22960791990505,14491017.917659,1
767,2,2,1,0,2,659.6257743925114,14842765.785556,1
767,3,1,1,1,2,679.4641939813584,9269957.512681,1
767,4,0,2,1,2,306.82408424834887,16123858.412727,1
767,5,2,1,1,0,0.0,13779107.815442,0
767,6,0,3,1,2,138.39123144785768,15914694.746453,1
767,7,2,0,1,2,304.5294328502959,9440116.933454,1
767,8,1,0,1,1,229.33166240119883,10362775.819649,1
767,9,2,0,4,0,0.0,14803680.183197,0
767,10,1,0,0,2,800.0198787052644,14503919.381289,1
768,1,1,1,1,1,386.9385001555015,13094240.650948,1
768,2,2,2,0,0,0.0,17409302.102544,0
768,3,4,0,1,2,230.44391203811838,13813206.700654,1
768,4,0,2,0,0,0.0,13335205.348623,0
768,5,2,1,2,1,151.29444047680127,13118290.843298,1
768,6,3,1,1,2,58.085001801812595,15468771.282035,1
768,7,1,1,2,0,0.0,15498106.196104,0
768,8,2,0,2,1,50.83584528845003,13361952.407633,1
768,9,1,0,1,3,796.4099064575751,10316859.605654,1
768,10,1,0,1,0,0.0,15052559.208673,0
769,1,2,1,3,3,741.3806163776735,17145099.02415,1
769,2,1,0,2,1,434.2955943643239,16043824.292961,1
769,3,0,1,1,1,155.73138701543664,11376958.666722,1
769,4,1,1,2,2,911.5095205829548,11364383.007703,1
769,5,1,0,0,1,32.2341953809302,15751566.294507,1
769,6,0,1,0,0,0.0,9449927.958853,0
769,7,1,0,0,0,0.0,9801604.809309,0
769,8,1,1,3,1,459.001461239555,13729864.757045,1
769,9,1,1,1,0,0.0,16447534.694315,0
769,10,2,0,3,0,0.0,16732997.824552,0
770,1,1,1,2,1,348.3842375926461,15834479.958252,1
770,2,0,1,0,2,330.5672259554674,16905697.748518,1
770,3,1,2,3,0,0.0,14306951.116952,0
770,4,1,1,2,1,215.90113700710225,12212998.023456,1
770,5,1,1,2,1,142.16945108386508,11164809.87157,1
770,6,1,0,2,0,0.0,7501754.167927,0
770,7,0,1,2,1,268.7051505904165,14741822.720501,1
770,8,1,0,0,3,950.5674962409914,16636129.378815,1
770,9,1,0,0,0,0.0,8951382.996154,0
770,10,0,3,1,1,145.78224019046115,12563512.588125,1
771,1,0,2,0,0,0.0,14086188.522933,0
771,2,2,1,1,0,0.0,11357988.402532,0
771,3,0,0,1,2,411.5927873554275,17549166.487422,1
771,4,1,0,0,1,25.666307215789622,4080567.170708,1
771,5,2,1,0,1,67.38920248004004,11321040.792999,1
771,6,1,2,0,1,408.5465225210361,11623533.47937,1
771,7,1,1,0,0,0.0,15758139.831385,0
771,8,0,0,0,3,1005.0520115050119,16174982.116457,1
771,9,0,4,0,2,333.22327052473975,13297176.808537,1
771,10,0,4,0,2,655.9878318283326,13599469.847742,1
772,1,0,2,0,0,0.0,10748051.660034,0
772,2,0,1,0,3,961.4606575223173,13283011.000568,1
772,3,1,0,1,1,363.9697715229682,10022549.997748,1
772,4,0,0,0,3,707.41411597693,11492076.415026,1
772,5,0,1,1,6,1262.7167895362738,10882182.730474,1
772,6,1,4,2,2,526.0094847251243,14561616.807693,1
772,7,4,1,2,1,412.6765264576226,10444284.88646,1
772,8,0,2,0,0,0.0,10603910.733032,0
772,9,1,2,1,1,469.254012049252,15014630.428828,1
772,10,0,2,1,1,173.56326272030302,12366330.968691,1
773,1,4,1,0,0,0.0,16015344.664762,0
773,2,3,2,2,1,5.527694287626995,16862600.755894,1
773,3,1,1,1,2,643.2047417040471,11080249.666342,1
773,4,1,0,3,1,433.1761291150878,15585258.351074,1
773,5,0,2,2,1,426.0063209680461,11150676.771379,1
773,6,2,0,2,0,0.0,12085482.516461,0
773,7,1,3,0,1,411.1784118178169,17031016.078822,1
773,8,1,0,1,0,0.0,15634444.705648,0
773,9,1,1,1,1,135.0041010991148,13940518.873434,1
773,10,1,1,1,1,387.89001877157926,7431018.473011,1
774,1,0,2,0,4,1336.7628187164291,15313742.885344,1
774,2,1,0,0,0,0.0,17426954.188306,0
774,3,1,0,2,2,559.1095571917457,13204214.179002,1
774,4,1,1,0,1,48.67655639827908,7199774.070253,1
774,5,0,1,1,1,24.088056714474423,16968824.618539,1
774,6,2,3,0,1,196.25842271233407,15708776.434378,1
774,7,2,1,1,0,0.0,15959342.353376,0
774,8,0,2,1,2,865.7139022099841,9859507.868912,1
774,9,0,0,1,2,528.6954696743567,11533378.38121,1
774,10,1,2,1,0,0.0,11434766.909616,0
775,1,3,0,1,1,438.8284063809905,16904740.253084,1
775,2,1,1,1,0,0.0,9989697.707309,0
775,3,3,0,2,0,0.0,10507958.931687,0
775,4,0,0,0,0,0.0,12196042.349525,0
775,5,1,0,1,0,0.0,12946577.206345,0
775,6,3,1,0,0,0.0,11558272.153772,0
775,7,0,0,1,2,462.97429233963703,13187229.951946,1
775,8,1,0,1,0,0.0,14573398.935221,0
775,9,1,2,1,3,948.0758371065295,14833252.05741,1
775,10,1,1,3,0,0.0,15266138.045078,0
776,1,1,3,0,1,90.23476951283156,14941340.471498,1
776,2,1,1,2,0,0.0,16443028.974605,0
776,3,2,2,1,0,0.0,11809081.465658,0
776,4,3,2,0,0,0.0,9097624.286077,0
776,5,2,1,0,0,0.0,15124636.536152,0
776,6,2,2,0,1,205.33109911473076,11173631.318948,1
776,7,1,0,2,2,255.9601668880577,15994977.80702,1
776,8,0,2,0,2,697.9984482851372,16203545.423101,1
776,9,0,1,0,2,404.5641306511399,14668061.172323,1
776,10,4,0,0,0,0.0,12889538.768354,0
777,1,1,3,2,0,0.0,12917338.16784,0
777,2,0,2,4,1,62.20845474323362,13800955.97391,1
777,3,0,1,2,2,293.52655027562304,14116913.936141,1
777,4,1,1,1,0,0.0,15506299.014917,0
777,5,2,1,0,1,370.5580143637214,14168670.970642,1
777,6,1,0,1,1,201.86741449628465,7062553.233472,1
777,7,2,2,2,2,534.6518734084589,15523571.837651,1
777,8,1,1,2,1,198.8460662259431,16409527.423495,1
777,9,1,0,0,1,110.20674744321632,16540765.491643,1
777,10,0,1,1,0,0.0,14168996.422408,0
778,1,0,1,1,0,0.0,14608216.015503,0
778,2,0,4,0,1,343.72324198555657,13001270.095148,1
778,3,1,1,0,0,0.0,11033750.759069,0
778,4,0,1,3,0,0.0,12500357.030331,0
778,5,0,1,0,1,7.226527352475553,17259870.079998,1
778,6,1,2,0,0,0.0,12427842.210017,0
778,7,2,0,1,0,0.0,14915090.715748,0
778,8,1,1,1,1,448.7795684386351,15390665.80035,1
778,9,0,0,1,1,303.7660737280125,13965752.381556,1
778,10,0,1,1,2,649.9115725291875,14442092.868168,1
779,1,0,1,2,0,0.0,16539128.344612,0
779,2,1,3,0,2,814.6054306118504,14996491.44177,1
779,3,0,3,1,2,319.6963438845248,12963448.584246,1
779,4,1,2,2,0,0.0,14159091.95317,0
779,5,1,0,0,1,161.2104458676032,15189376.91785,1
779,6,1,2,1,0,0.0,12460281.168626,0
779,7,1,0,0,0,0.0,14836828.58335,0
779,8,0,3,1,0,0.0,15303853.772663,0
779,9,1,1,2,0,0.0,14721917.341277,0
779,10,1,2,1,1,384.260059913079,17008842.926733,1
780,1,1,2,0,2,689.565426948415,13827481.75121,1
780,2,0,1,2,3,890.8742175981799,15579578.485694,1
780,3,4,0,0,1,420.59626108437374,17513004.146369,1
780,4,2,2,3,0,0.0,13092760.770351,0
780,5,1,1,1,1,37.575539023540536,16184439.8914,1
780,6,1,1,2,2,605.2607450064777,15389570.254845,1
780,7,1,2,2,0,0.0,15425754.335296,0
780,8,0,1,2,1,400.8599267918304,12495532.58699,1
780,9,0,0,2,1,294.3040255240924,16942387.09431,1
780,10,2,0,0,2,908.333361223409,6750624.580961,1
781,1,0,1,0,2,99.18247622084192,5467630.654462,1
781,2,0,1,1,1,245.89602653169703,15578098.06633,1
781,3,1,1,0,0,0.0,9567237.602476,0
781,4,0,3,0,2,727.4167804133549,14154161.568165,1
781,5,1,3,0,2,469.8736622549749,14180736.034442,1
781,6,0,1,0,1,161.84668159454148,16915836.471917,1
781,7,2,0,2,0,0.0,16058867.589455,0
781,8,1,1,0,1,87.27944347338436,15002216.030931,1
781,9,0,1,2,1,219.1062124422315,15040616.952992,1
781,10,2,1,0,2,850.7349083751594,16174780.098866,1
782,1,3,2,1,0,0.0,10007111.471327,0
782,2,2,2,1,1,27.40858125785766,13673990.553148,1
782,3,1,1,0,0,0.0,11856815.333364,0
782,4,0,1,0,4,1146.9073477114446,12795588.698747,1
782,5,0,2,1,1,261.6659114968451,15848650.34569,1
782,6,0,1,1,1,185.8594032237605,10992003.334133,1
782,7,0,1,0,0,0.0,16550041.343776,0
782,8,0,0,1,1,162.28553880899747,14810262.801708,1
782,9,0,2,0,0,0.0,4326730.913095,0
782,10,2,2,1,1,177.8885677992084,16461119.123112,1
783,1,2,0,3,4,1156.737476235009,16846691.363419,1
783,2,1,1,0,0,0.0,9292113.693037,0
783,3,1,1,0,1,362.6938850936053,15353969.4953,1
783,4,0,0,0,1,140.25650519816514,10715419.237034,1
783,5,1,1,0,0,0.0,5125043.479406,0
783,6,3,1,0,2,308.23080635760743,12778079.347669,1
783,7,1,1,2,1,121.75974679914876,15265661.9726,1
783,8,0,2,0,1,52.76708725716081,15278960.344164,1
783,9,2,1,0,3,609.7663038170696,14987064.648137,1
783,10,1,0,1,0,0.0,14454527.317701,0
784,1,0,2,3,1,130.2958185517744,13423475.018444,1
784,2,1,0,0,1,333.0472292746746,13800296.289682,1
784,3,1,0,3,1,341.7411646509388,14604036.681659,1
784,4,0,0,1,0,0.0,16792907.588279,0
784,5,1,1,1,1,191.9407266737516,10167384.854325,1
784,6,2,1,2,2,294.5092662782812,13542816.401692,1
784,7,0,1,1,1,194.1137073829936,10080405.743273,1
784,8,1,0,0,2,430.3239936684692,10491229.617533,1
784,9,2,0,0,0,0.0,15608270.408031,0
784,10,2,0,0,2,652.9213134948762,16193443.157409,1
785,1,1,3,0,1,282.82149818088266,12783066.920472,1
785,2,1,0,1,0,0.0,14815280.54303,0
785,3,0,0,1,1,24.81817104314064,13393498.354473,1
785,4,1,3,0,0,0.0,13840351.677371,0
785,5,1,2,1,0,0.0,9324095.006598,0
785,6,2,2,0,1,203.37059584415888,16967947.797509,1
785,7,1,0,1,1,475.9113360148864,11654763.181415,1
785,8,0,0,6,0,0.0,12331824.641212,0
785,9,3,1,1,0,0.0,11467743.289405,0
785,10,1,1,0,1,433.971365733405,11183285.563502,1
786,1,1,1,1,1,77.30822624345622,3497005.54803,1
786,2,1,2,2,1,308.3541280684089,15379232.452218,1
786,3,0,1,1,0,0.0,5418765.878516,0
786,4,1,0,2,0,0.0,14985495.626049,0
786,5,2,0,0,0,0.0,15203026.225416,0
786,6,0,1,2,0,0.0,12135539.991657,0
786,7,0,3,1,2,636.2890693052102,10971534.846494,1
786,8,1,2,0,3,395.86083166575895,14107847.741653,1
786,9,3,0,1,1,172.96200990604729,14005440.790582,1
786,10,2,1,1,0,0.0,14689316.129029,0
787,1,1,0,1,0,0.0,6798096.122314,0
787,2,1,1,1,2,442.6036597961412,14500302.55734,1
787,3,0,2,2,0,0.0,14425787.472475,0
787,4,0,2,1,1,46.10603878229571,15895940.722918,1
787,5,1,0,0,2,639.2614575060672,13850275.295049,1
787,6,0,0,1,1,363.4575313594547,8861968.737083,1
787,7,1,0,1,1,394.27146919657,13001068.962268,1
787,8,0,1,0,2,290.9223753204257,14015604.654384,1
787,9,1,1,2,0,0.0,10404265.895355,0
787,10,1,1,1,0,0.0,11049418.337778,0
788,1,0,1,1,1,115.31085335376426,13501310.634589,1
788,2,0,1,2,3,1023.5181959136048,11065916.587361,1
788,3,0,1,1,1,433.2191431236916,15612681.426333,1
788,4,2,0,3,0,0.0,13861047.238529,0
788,5,0,0,2,2,143.49412083534014,13540429.343561,1
788,6,2,2,2,0,0.0,11904549.129125,0
788,7,1,0,1,2,564.39946560323,16077693.131259,1
788,8,1,2,1,3,534.9386761141603,17069280.967733,1
788,9,1,3,2,0,0.0,10919016.896167,0
788,10,1,2,0,1,127.61710671207646,13554438.604819,1
789,1,2,0,1,2,606.6568837683209,14418000.888151,1
789,2,0,2,2,0,0.0,16817942.668972,0
789,3,1,1,0,2,351.3545126225754,11986463.727159,1
789,4,3,1,0,0,0.0,6306394.256277,0
789,5,2,0,1,3,719.6491370876407,12268173.803378,1
789,6,2,0,1,1,257.3016707891949,11485305.132959,1
789,7,0,3,1,1,147.75426716079969,12305313.11821,1
789,8,2,2,1,0,0.0,16131052.92036,0
789,9,2,2,0,1,495.635282661765,15788950.087518,1
789,10,2,2,2,1,419.3080477162424,14764136.150296,1
790,1,1,1,2,0,0.0,10705183.074872,0
790,2,2,3,3,1,134.7242059779016,14902491.46989,1
790,3,2,2,2,1,51.71174800005226,12823530.810725,1
790,4,2,3,0,1,152.55881152485983,12471725.367375,1
790,5,2,0,0,0,0.0,13371973.220733,0
790,6,4,2,0,0,0.0,13885687.135711,0
790,7,0,2,0,1,412.6415850721104,9609317.519035,1
790,8,2,2,1,0,0.0,15052251.948826,0
790,9,0,1,1,2,936.3354572371652,13794654.885361,1
790,10,1,1,1,1,238.3512012297996,16899746.931396,1
791,1,0,1,3,2,697.1217863289035,14592757.620755,1
791,2,2,2,0,1,434.1910667545084,13447810.692581,1
791,3,2,2,0,1,198.57684131778387,9362168.940618,1
791,4,2,3,1,0,0.0,14335689.895611,0
791,5,1,1,0,1,162.0385124418549,11662369.493249,1
791,6,2,1,0,1,290.4209217049618,14683473.824942,1
791,7,0,1,2,1,310.67207108678167,9060054.534861,1
791,8,1,0,1,1,31.739829846779635,13062182.748,1
791,9,1,1,1,1,203.6708441173068,8584475.409117,1
791,10,2,3,1,0,0.0,13263477.085741,0
792,1,1,0,2,1,244.7897670115609,8191762.584543,1
792,2,0,2,2,2,690.5507493707744,13863623.645846,1
792,3,0,0,2,0,0.0,14439980.56008,0
792,4,1,3,1,1,140.47217282036968,13841509.820011,1
792,5,1,1,1,0,0.0,4268931.30283,0
792,6,0,0,0,1,268.9818080663892,13141369.134066,1
792,7,2,1,0,0,0.0,12423119.565038,0
792,8,1,1,2,2,595.4515444180745,15876996.794623,1
792,9,4,2,1,1,176.14721971754332,12445450.106659,1
792,10,1,0,1,2,705.9407943610461,8001795.626983,1
793,1,3,0,1,1,433.25202891888085,16877961.29862,1
793,2,1,0,2,1,167.23734870226835,16401250.98028,1
793,3,1,0,1,2,435.8918952083942,14547970.016702,1
793,4,2,2,2,0,0.0,16631266.066488,0
793,5,1,3,2,0,0.0,9459829.757324,0
793,6,3,1,1,1,437.20787967624506,14502919.652582,1
793,7,0,0,2,1,354.7832812316438,10769707.661991,1
793,8,1,1,0,0,0.0,12926206.637911,0
793,9,1,2,3,0,0.0,16025990.049204,0
793,10,3,0,1,0,0.0,16100324.161248,0
794,1,1,1,0,2,391.1164362769494,14181457.045763,1
794,2,1,1,0,1,99.70759234869648,14249147.24171,1
794,3,1,1,0,2,505.62083524207935,17279093.878757,1
794,4,3,3,0,1,363.9150547666039,16164559.861128,1
794,5,0,0,1,1,450.9966466872175,7039924.460223,1
794,6,1,1,1,0,0.0,15261524.120586,0
794,7,0,0,1,0,0.0,14576307.285769,0
794,8,1,0,0,1,163.5976484447974,15972253.835018,1
794,9,1,2,1,1,154.9704946314587,12128448.519218,1
794,10,4,1,2,1,451.0515990360941,12817227.781187,1
795,1,1,2,0,0,0.0,14203040.293447,0
795,2,2,0,1,0,0.0,17245434.429746,0
795,3,0,0,1,3,760.2638082050896,13610616.406127,1
795,4,1,1,1,3,601.7043295314759,15594380.531024,1
795,5,1,2,0,1,383.6847162464513,14122612.570498,1
795,6,0,0,1,1,275.9435588167125,11731569.976398,1
795,7,1,1,1,1,451.4920176070277,6265701.642402,1
795,8,1,0,1,1,266.14222554993535,15069387.18942,1
795,9,2,1,0,1,32.07764072306638,15120594.42995,1
795,10,0,2,0,1,146.67202840701998,5134665.664971,1
796,1,2,0,4,0,0.0,16172419.986529,0
796,2,0,0,0,2,417.853708107049,15462371.430007,1
796,3,1,1,2,2,560.0685873175594,13044827.737821,1
796,4,0,1,2,1,464.4774895245912,10856126.357465,1
796,5,2,1,0,1,440.5186945179368,14100298.092705,1
796,6,0,2,2,0,0.0,8801528.068955,0
796,7,1,3,1,0,0.0,7830019.880385,0
796,8,1,0,1,4,1233.2927389902106,13929754.089931,1
796,9,3,1,0,0,0.0,11028060.831099,0
796,10,1,4,1,0,0.0,14815680.259155,0
797,1,0,3,2,0,0.0,15920327.510864,0
797,2,1,1,0,0,0.0,11155004.086375,0
797,3,0,1,2,0,0.0,10685108.364941,0
797,4,1,1,1,1,99.87154394208645,12670153.791254,1
797,5,1,0,1,2,573.1894316331875,12583945.964948,1
797,6,1,3,0,1,417.4273613408202,9898690.907374,1
797,7,0,2,1,0,0.0,16054801.380721,0
797,8,2,1,0,1,136.70375080769398,16887338.321473,1
797,9,2,0,2,1,301.1043401389596,11090899.282293,1
797,10,0,0,0,1,42.87846160353314,11935848.604567,1
798,1,1,1,1,3,257.499345434303,15089137.372597,1
798,2,2,1,1,1,247.7069725935482,14057408.348074,1
798,3,1,3,0,1,446.4383429624069,14041872.322471,1
798,4,0,1,2,1,96.03510149956809,14466263.841111,1
798,5,1,1,2,1,482.9372475449014,14741958.475399,1
798,6,0,0,3,1,151.96757374057717,8723846.288322,1
798,7,2,2,2,1,54.946928977302825,15551681.40904,1
798,8,3,1,0,0,0.0,15082719.658391,0
798,9,1,1,3,0,0.0,15740182.92352,0
798,10,1,0,1,1,447.33592927872047,11859807.062581,1
799,1,1,0,0,0,0.0,10234152.117362,0
799,2,0,3,1,1,165.22538482944717,15127792.34377,1
799,3,1,1,4,1,47.535084146813375,15549852.555509,1
799,4,0,2,3,0,0.0,14390776.575173,0
799,5,2,3,1,1,167.4539471745072,12406396.198429,1
799,6,1,0,4,2,305.2728567524047,11004460.924577,1
799,7,1,2,1,1,275.3289803400912,16427332.20692,1
799,8,1,0,0,1,81.25853241037387,12924282.652565,1
799,9,2,2,1,2,568.2091400048416,15623138.158155,1
799,10,1,1,2,1,284.7036689511667,11347313.918258,1
800,1,1,1,1,2,735.9417380523912,16807416.000811,1
800,2,0,1,1,0,0.0,11133980.247907,0
800,3,0,1,3,3,830.9806542883568,12959488.385111,1
800,4,1,1,0,0,0.0,16911017.173397,0
800,5,0,1,0,0,0.0,10450628.023898,0
800,6,0,1,1,2,634.6174091000839,14347913.282593,1
800,7,2,0,1,2,591.788299770617,15939659.137952,1
800,8,2,0,1,1,240.48968480136503,5941095.712839,1
800,9,3,2,2,1,303.16943284676205,14771162.124645,1
800,10,0,0,3,3,666.4235871687639,11653034.499794,1
801,1,1,1,2,1,83.17135042089508,15300132.699956,1
801,2,0,1,4,0,0.0,14048663.148668,0
801,3,0,2,1,2,276.455952230462,17594333.403525,1
801,4,1,1,0,0,0.0,12402914.961956,0
801,5,0,3,3,2,539.5089407096222,13009411.306662,1
801,6,0,0,1,2,236.2941413680927,11453264.279241,1
801,7,0,1,4,0,0.0,11937722.316563,0
801,8,0,1,0,3,942.5358017474807,15180430.068965,1
801,9,0,1,2,1,127.83066970224692,12201462.939104,1
801,10,3,0,0,2,709.0604544200723,16554228.455692,1
802,1,0,0,1,3,1366.5442768145424,9819867.04588,1
802,2,2,0,0,2,755.6916721254528,12307897.334168,1
802,3,0,1,1,0,0.0,17252598.192834,0
802,4,1,0,3,4,1057.3317418309507,15469233.758643,1
802,5,1,3,1,0,0.0,17085204.93285,0
802,6,4,1,1,1,271.9507636802979,14177409.061992,1
802,7,0,2,1,1,117.0794660802274,12958544.637917,1
802,8,1,4,0,0,0.0,16468357.069321,0
802,9,0,2,2,3,751.4218628840842,16208852.766925,1
802,10,2,1,3,0,0.0,9921199.122713,0
803,1,0,0,2,0,0.0,12600771.136894,0
803,2,3,0,1,2,547.6608121645158,10491051.857057,1
803,3,0,0,0,2,693.2284914859024,16498386.619776,1
803,4,2,0,0,1,445.33071392567,14345778.276953,1
803,5,1,1,1,1,469.64837998168434,14853407.986157,1
803,6,0,2,1,1,187.80089463900265,16005850.271644,1
803,7,1,1,2,2,334.0146336889352,14546294.383538,1
803,8,2,3,0,0,0.0,12952454.788856,0
803,9,1,0,1,2,491.4906990672408,8739266.294281,1
803,10,1,0,0,3,931.2820005824433,9546131.304022,1
804,1,0,3,0,0,0.0,14048126.77628,0
804,2,0,1,0,2,286.00391889705185,5955037.691784,1
804,3,0,2,1,0,0.0,14223366.258859,0
804,4,1,1,1,1,220.8914187262455,9095832.623139,1
804,5,3,1,0,1,225.62870457962123,16385928.339203,1
804,6,1,1,1,1,437.73800074684266,14182778.381719,1
804,7,1,0,1,0,0.0,11323335.595577,0
804,8,1,2,1,0,0.0,13078085.849019,0
804,9,1,2,0,0,0.0,14291789.987744,0
804,10,2,0,1,2,383.6803004444077,8680033.99934,1
805,1,1,0,3,0,0.0,13296189.071139,0
805,2,3,1,1,1,373.9111086997021,13542467.240042,1
805,3,0,1,1,1,82.39341554546668,12051710.149913,1
805,4,2,3,0,0,0.0,13988023.748584,0
805,5,1,2,2,0,0.0,14154337.989165,0
805,6,0,2,4,1,416.0165968596256,13191224.866907,1
805,7,1,3,1,0,0.0,14314382.969867,0
805,8,0,0,0,1,245.83877118804227,15654553.357684,1
805,9,1,1,0,1,190.4097880082965,15437612.810366,1
805,10,2,0,0,0,0.0,11649557.128237,0
806,1,1,0,0,1,282.97459833521725,16046348.339419,1
806,2,1,0,0,2,377.10384575086823,13787484.266693,1
806,3,0,1,2,1,404.33915872861496,8508208.422688,1
806,4,3,2,1,2,463.5284303522327,11211863.332282,1
806,5,2,2,1,2,514.2738085640821,15496090.792895,1
806,6,0,0,1,2,737.2153401740454,12587718.591102,1
806,7,1,1,0,1,385.5367437996146,3723206.182703,1
806,8,0,2,0,1,286.9437381976933,17088581.023844,1
806,9,0,1,2,1,351.335356526938,15096148.013361,1
806,10,0,1,1,1,337.36885127743744,13989062.947386,1
807,1,1,1,3,1,276.02213383951823,14931872.210884,1
807,2,0,3,1,0,0.0,12569066.647901,0
807,3,1,0,1,2,383.98126002869867,13975421.157142,1
807,4,2,0,1,0,0.0,13552896.831449,0
807,5,3,0,1,3,998.0105010878412,17034239.547379,1
807,6,1,0,1,2,474.7107024040125,11324296.918404,1
807,7,1,0,1,1,33.68284909664457,11102632.444576,1
807,8,2,0,1,0,0.0,8140806.488487,0
807,9,2,0,1,0,0.0,14158920.511351,0
807,10,0,1,2,0,0.0,14808470.864665,0
808,1,0,2,1,2,328.36431496444294,11363223.831371,1
808,2,1,1,0,2,517.6761769332205,12185074.049802,1
808,3,1,3,0,1,277.8030496535017,10623521.465575,1
808,4,0,0,0,0,0.0,17102849.628744,0
808,5,2,2,0,1,444.7447105630076,13066744.89551,1
808,6,1,0,0,3,1080.617126629564,12655292.495879,1
808,7,3,2,2,1,124.65075460224816,16814152.84276,1
808,8,1,0,2,2,211.7970529752654,12789210.82243,1
808,9,1,1,1,2,646.5588117623984,9667017.496385,1
808,10,2,0,0,0,0.0,12732439.68862,0
809,1,2,0,1,2,277.28247607306594,11751297.438003,1
809,2,0,2,1,1,391.5195535362427,14441399.269527,1
809,3,1,1,0,0,0.0,16853308.31782,0
809,4,1,1,3,2,525.7812692061527,15660384.416198,1
809,5,1,2,1,1,138.35819724709418,17039555.299688,1
809,6,0,0,1,1,85.72929926754449,14664162.991068,1
809,7,1,1,1,3,1058.2281199564068,14666126.906079,1
809,8,1,2,1,2,472.112873944003,16454042.219538,1
809,9,1,0,0,1,270.6737835629569,13318791.331349,1
809,10,1,0,0,1,159.14112113516694,12398000.724104,1
810,1,2,1,1,1,402.6110082775584,12737475.92487,1
810,2,0,0,2,3,194.11088770062196,12159796.748551,1
810,3,2,1,0,1,300.0878273393357,15979228.146626,1
810,4,1,1,2,2,451.27878772588554,13456543.910231,1
810,5,1,0,1,1,488.9730866730736,15612380.430236,1
810,6,0,0,2,1,70.96884642917729,13824383.705005,1
810,7,2,0,1,1,186.16734874244148,13058489.0752,1
810,8,1,0,1,1,28.824049934136685,7640116.946443,1
810,9,0,0,1,1,417.8216227926357,10833505.809663,1
810,10,2,1,2,1,18.03335455704498,14787420.287432,1
811,1,1,1,3,0,0.0,12219342.009951,0
811,2,1,2,0,0,0.0,5077709.914088,0
811,3,2,1,0,1,87.42777365635132,13471161.516975,1
811,4,2,0,1,2,271.18228775593644,13935128.452926,1
811,5,2,0,0,2,750.4445720190778,15404472.800267,1
811,6,0,1,3,1,231.99428872139936,11732237.716783,1
811,7,3,1,2,2,107.08102679713375,15754461.541882,1
811,8,1,1,1,1,475.3681162719214,12291310.195355,1
811,9,3,0,1,2,526.8911800153926,12570060.540995,1
811,10,0,0,2,2,226.84972519781155,11859066.169806,1
812,1,1,0,0,0,0.0,15871789.062875,0
812,2,0,1,2,0,0.0,10293080.665867,0
812,3,2,1,0,0,0.0,16443986.216259,0
812,4,0,2,0,0,0.0,14794938.51869,0
812,5,2,0,1,0,0.0,17174426.005533,0
812,6,1,1,0,0,0.0,12862493.089634,0
812,7,1,2,0,1,138.51471598225407,15032021.627721,1
812,8,0,1,4,0,0.0,12420259.560388,0
812,9,1,0,0,3,881.156391461896,16398889.005303,1
812,10,1,0,1,2,504.44485147373035,7695833.550226,1
813,1,1,1,0,1,67.66398334001153,14358346.708088,1
813,2,0,1,2,1,430.4049347958261,11472363.373537,1
813,3,0,0,0,4,840.2140305223434,8614545.134049,1
813,4,1,0,1,2,371.58770490633515,6528660.572443,1
813,5,3,0,1,2,859.2672883151623,12151781.980468,1
813,6,1,3,2,0,0.0,12399644.740405,0
813,7,1,0,1,0,0.0,14971530.329743,0
813,8,1,0,1,4,1041.5375644724033,10497313.134593,1
813,9,2,1,0,0,0.0,15925628.579475,0
813,10,0,2,4,0,0.0,13517449.731215,0
814,1,2,0,2,2,518.8181622553784,10727227.414843,1
814,2,2,0,5,1,496.4237988629174,12281865.731005,1
814,3,3,0,2,0,0.0,12611027.261194,0
814,4,1,1,1,1,132.6873399218133,14471228.265077,1
814,5,2,4,1,0,0.0,17152147.509561,0
814,6,0,2,1,2,301.87660563770453,14555837.784077,1
814,7,1,1,1,0,0.0,15897617.737787,0
814,8,1,0,1,0,0.0,16486939.054697,0
814,9,0,1,0,1,266.83987500816585,9941635.271939,1
814,10,1,0,1,4,413.2421071703606,14147016.949883,1
815,1,1,2,2,0,0.0,16339617.385615,0
815,2,1,2,1,1,231.21675067286705,8105214.500849,1
815,3,1,2,0,2,560.9882288474441,9888211.332767,1
815,4,1,2,0,1,274.9345129406869,9699764.170196,1
815,5,1,1,1,1,374.6285819977428,14092268.752717,1
815,6,0,2,1,4,753.7208317587599,12921456.852376,1
815,7,1,3,1,2,184.1016703151361,16947301.086197,1
815,8,2,0,2,0,0.0,12055653.791915,0
815,9,1,0,2,1,148.77020933575244,9620187.571638,1
815,10,0,1,0,1,370.0010576596597,16353131.867129,1
816,1,1,0,0,3,995.5012193080082,16052776.529071,1
816,2,0,0,0,0,0.0,11071501.128827,0
816,3,1,2,0,0,0.0,13394587.234779,0
816,4,0,2,0,2,640.4928504190306,17410788.540528,1
816,5,1,2,2,1,424.9839904749377,10593906.858324,1
816,6,0,0,2,3,987.1256241201634,14198551.57526,1
816,7,0,3,3,1,197.91788855348727,14798004.281701,1
816,8,0,1,1,2,326.7977037050144,15810400.130136,1
816,9,0,1,1,1,338.6608032363108,14812331.28785,1
816,10,0,2,0,1,375.1378277101842,5875766.556389,1
817,1,0,1,0,1,102.13924938665768,16352922.74395,1
817,2,0,0,1,2,619.712812335416,8064885.761091,1
817,3,0,1,2,1,427.51120580970365,14557944.978429,1
817,4,2,0,0,2,481.2399849490476,13497935.440733,1
817,5,1,2,1,1,14.946009632717,15099417.081263,1
817,6,1,1,1,0,0.0,14193396.680401,0
817,7,0,1,1,0,0.0,15061140.187678,0
817,8,3,0,1,0,0.0,14429487.312318,0
817,9,1,1,1,1,377.5030725388438,16576436.835143,1
817,10,3,4,0,1,314.150225496841,12382635.188233,1
818,1,1,1,2,2,371.693258161359,15874471.261485,1
818,2,0,1,1,2,530.1161116391532,16575426.831146,1
818,3,1,0,1,1,80.76875125248766,7406685.508161,1
818,4,0,2,0,1,33.5550704759837,15855661.600901,1
818,5,1,1,1,0,0.0,8058392.894656,0
818,6,1,1,4,0,0.0,15034899.681773,0
818,7,0,2,1,0,0.0,15254119.12507,0
818,8,1,0,0,2,344.9743287582494,7006814.368062,1
818,9,1,1,3,2,394.43545665473323,15726407.059963,1
818,10,3,0,2,1,415.6527201842713,16672818.199462,1
819,1,1,0,1,0,0.0,15590786.382129,0
819,2,1,1,2,1,110.23455595251154,15258502.764188,1
819,3,1,1,1,1,18.22308217869911,15280235.289691,1
819,4,3,1,0,0,0.0,17026711.520786,0
819,5,1,0,3,0,0.0,8016617.735796,0
819,6,1,1,1,0,0.0,8784080.602505,0
819,7,1,2,0,0,0.0,16736342.386931,0
819,8,0,0,0,1,336.740286410402,17111949.807431,1
819,9,0,1,0,2,574.0984346688346,8794676.562508,1
819,10,1,1,0,1,288.9719908873377,14655327.213888,1
820,1,1,2,1,0,0.0,15892930.47671,0
820,2,0,1,2,2,414.554325371859,9818997.490679,1
820,3,0,2,0,3,761.524896383424,9259882.881358,1
820,4,0,1,3,1,160.78172053281392,11401703.48573,1
820,5,1,1,0,1,75.80379207605709,12616308.662943,1
820,6,1,0,4,0,0.0,16975227.515952,0
820,7,2,1,1,1,144.71961635277924,10801195.539351,1
820,8,2,3,0,1,127.38570997289403,14192651.734039,1
820,9,1,0,0,2,912.3777598819185,13249257.507226,1
820,10,3,0,1,0,0.0,11994513.760399,0
821,1,0,0,2,4,900.2545745709028,14608983.107219,1
821,2,1,1,1,1,230.84894940606213,15311282.375264,1
821,3,3,3,0,0,0.0,15294764.043957,0
821,4,0,0,0,0,0.0,12841841.812428,0
821,5,0,1,3,1,213.1532423341996,14569055.988997,1
821,6,0,1,2,1,453.2141819494968,4975120.015304,1
821,7,0,1,2,3,748.1828056397694,17201634.263939,1
821,8,1,1,1,0,0.0,13654898.911628,0
821,9,0,4,2,1,228.6324399699444,16538395.672576,1
821,10,0,1,3,2,605.2915655744283,14616314.365902,1
822,1,1,0,1,0,0.0,15128594.610483,0
822,2,0,0,1,2,634.2704171687017,14504744.220115,1
822,3,0,2,1,1,145.9751631227967,15749164.938501,1
822,4,0,1,0,2,593.9753223696342,4770358.380865,1
822,5,1,1,1,1,203.62595177677755,14323798.016331,1
822,6,0,1,2,1,200.2248760332039,8736078.306143,1
822,7,0,1,1,0,0.0,11033422.914356,0
822,8,0,2,1,2,710.9871170385348,15580350.16756,1
822,9,1,2,1,2,639.2315792566649,12795022.246396,1
822,10,0,0,1,3,451.998507499752,9131313.305038,1
823,1,1,1,1,1,178.83257915525274,12215705.321826,1
823,2,0,0,5,1,265.9294998747952,12208445.846799,1
823,3,0,1,1,2,687.5058775356886,12546093.440946,1
823,4,0,1,0,0,0.0,14995642.702158,0
823,5,2,1,0,1,397.618868513063,10307242.934942,1
823,6,3,2,1,1,120.8624136550287,10682777.796992,1
823,7,1,1,0,3,777.8055987931816,14236343.637016,1
823,8,2,1,2,0,0.0,16681507.443329,0
823,9,0,2,1,1,35.03360782405191,17359943.016512,1
823,10,1,2,2,1,431.7255578792174,11835873.349886,1
824,1,1,1,2,0,0.0,15947677.799102,0
824,2,1,1,1,1,433.91230535196337,15718765.643198,1
824,3,1,0,4,1,379.130794031322,10666107.819357,1
824,4,1,2,2,0,0.0,17352172.521156,0
824,5,1,0,1,0,0.0,8893390.891816,0
824,6,1,1,3,0,0.0,16305013.081154,0
824,7,0,0,0,2,716.6402009306029,12817680.111884,1
824,8,1,2,0,0,0.0,15821018.734172,0
824,9,1,1,1,1,165.73117882664891,10734070.090968,1
824,10,0,0,1,0,0.0,11699001.020208,0
825,1,0,3,1,0,0.0,13519235.494415,0
825,2,2,1,1,1,434.8979156870383,13046221.341102,1
825,3,1,1,1,0,0.0,12687293.581239,0
825,4,2,0,3,1,486.1978813221844,17091515.052745,1
825,5,0,3,1,1,226.26148184211144,9122698.270814,1
825,6,0,0,0,0,0.0,10280808.465511,0
825,7,0,0,3,0,0.0,12475983.819062,0
825,8,3,0,0,2,559.1451898185171,11621393.591404,1
825,9,2,1,0,1,421.89070247470426,13255790.135846,1
825,10,0,0,2,0,0.0,14598698.464846,0
826,1,2,1,2,3,1229.7106414215534,12173967.253654,1
826,2,1,2,0,1,156.47113105581283,12496868.037307,1
826,3,3,1,1,0,0.0,14063113.041332,0
826,4,3,1,3,0,0.0,12186612.73694,0
826,5,0,1,1,0,0.0,15795061.269305,0
826,6,1,2,0,1,413.6308492407603,15743391.522233,1
826,7,1,1,0,1,80.95000752393645,14068994.578293,1
826,8,1,1,1,1,405.3736403983882,15445483.062074,1
826,9,1,0,1,0,0.0,14444489.211175,0
826,10,2,0,0,1,245.7568626089628,13318702.985445,1
827,1,1,1,1,0,0.0,12597329.873046,0
827,2,0,2,1,2,166.14097042355812,16511794.847528,1
827,3,0,2,1,1,464.7039201433189,12611217.071658,1
827,4,0,1,0,1,277.24948763926125,11933951.651316,1
827,5,1,2,1,0,0.0,14348220.432604,0
827,6,0,2,0,1,265.3114373714151,13915864.665052,1
827,7,0,1,2,1,189.0757067726107,7195785.059771,1
827,8,2,3,2,2,472.9696107201694,13363663.80609,1
827,9,1,1,1,1,193.87950283804696,15203755.214346,1
827,10,1,0,2,0,0.0,17229244.765287,0
828,1,1,3,0,3,1017.4409861376405,9427809.533475,1
828,2,3,2,0,0,0.0,13678671.992675,0
828,3,1,0,1,0,0.0,12228969.516993,0
828,4,1,1,1,2,647.7804209955201,12744908.626682,1
828,5,0,0,1,0,0.0,12838836.938948,0
828,6,2,1,0,0,0.0,17423295.58415,0
828,7,1,0,0,0,0.0,12312848.912826,0
828,8,2,1,1,0,0.0,16868958.721795,0
828,9,1,0,3,0,0.0,11561838.530646,0
828,10,0,4,0,2,561.9974618037046,15325788.577125,1
829,1,1,2,1,0,0.0,16323355.929426,0
829,2,1,1,2,1,262.287056578397,9970796.487771,1
829,3,0,2,0,0,0.0,8033830.531409,0
829,4,1,1,1,0,0.0,14262721.663892,0
829,5,0,0,1,3,361.0809165877784,15573236.948263,1
829,6,3,2,0,3,780.4552353715844,13175563.464009,1
829,7,1,1,1,1,272.815522434946,12061361.889309,1
829,8,1,1,3,0,0.0,13616785.434491,0
829,9,2,0,2,1,163.0097926910258,6729791.218539,1
829,10,2,1,1,0,0.0,12513961.490913,0
830,1,1,0,2,2,549.2152748204655,14345030.588648,1
830,2,1,2,1,1,36.479963891769145,10560494.67809,1
830,3,0,4,0,2,729.9313116963162,13148906.902544,1
830,4,2,0,1,0,0.0,12144057.819427,0
830,5,0,0,2,3,784.1925727401263,12693258.424788,1
830,6,0,0,1,3,594.701013802056,15373357.871657,1
830,7,0,0,0,2,609.5321533993415,16040059.759208,1
830,8,0,1,1,2,266.3973453996057,9890836.701814,1
830,9,0,0,0,1,421.1792816392486,9797186.253037,1
830,10,3,0,1,1,394.3690223254416,12796821.07,1
831,1,0,1,0,0,0.0,12281820.733621,0
831,2,1,2,4,0,0.0,15996101.551121,0
831,3,1,2,1,0,0.0,15478419.008673,0
831,4,2,1,1,1,437.9817284718562,16050124.234992,1
831,5,1,2,1,1,39.23817656559316,12669941.421331,1
831,6,1,1,0,0,0.0,12325731.744089,0
831,7,0,1,4,1,107.95071422073286,12995590.301027,1
831,8,0,1,1,1,194.96500874615748,9886376.808648,1
831,9,2,0,1,2,228.8047921980271,14330429.104533,1
831,10,3,0,0,0,0.0,7581651.173123,0
832,1,1,0,3,0,0.0,11930980.611747,0
832,2,0,1,1,1,263.4084783494364,14378481.020784,1
832,3,3,1,0,1,318.25031943117386,16679320.935419,1
832,4,4,0,0,1,48.99754445152099,13940379.028942,1
832,5,2,1,1,1,135.19404257782085,13425206.280865,1
832,6,0,2,2,1,141.6894219896212,13096881.204029,1
832,7,1,0,2,0,0.0,13741644.947479,0
832,8,0,2,1,0,0.0,17012243.363089,0
832,9,1,0,2,0,0.0,11605162.406292,0
832,10,2,1,1,1,340.62606184401625,13327196.597049,1
833,1,0,1,0,2,475.5700199436242,16990858.891464,1
833,2,2,1,2,0,0.0,14580542.982335,0
833,3,0,0,2,1,145.53055101595174,11492862.985746,1
833,4,0,2,0,1,231.3372557204517,16988802.103636,1
833,5,0,0,0,0,0.0,13733295.318284,0
833,6,2,1,1,1,280.43625083363554,14212393.689165,1
833,7,1,1,1,1,431.3614403394763,14764763.856919,1
833,8,2,1,0,2,269.60748895374593,11153109.79117,1
833,9,1,2,2,2,608.7240683283868,15780204.144249,1
833,10,2,1,1,0,0.0,15218190.457584,0
834,1,1,1,3,1,341.9525766890318,16185730.905937,1
834,2,2,2,1,1,480.0218113195562,12686672.711753,1
834,3,0,2,3,1,374.2218867121458,14421813.657609,1
834,4,1,0,2,1,258.82382767061523,4676110.036465,1
834,5,1,1,1,2,487.3927778834887,7700340.411626,1
834,6,0,2,2,1,489.8622757489161,16426641.676502,1
834,7,1,0,3,1,229.1643291181661,17534700.524262,1
834,8,1,0,3,0,0.0,11547341.062473,0
834,9,1,5,1,0,0.0,15037374.257716,0
834,10,1,2,0,2,512.1976930099364,15135953.6589,1
835,1,1,1,1,2,871.0100999417546,12586796.682405,1
835,2,2,2,1,0,0.0,10570321.652654,0
835,3,1,0,1,1,298.5859603441867,9180606.889808,1
835,4,3,0,0,2,232.72442029230172,12095411.135708,1
835,5,1,2,1,2,916.523316780999,14335965.618052,1
835,6,0,1,1,2,477.3406870657691,15538282.125339,1
835,7,2,0,0,0,0.0,10230677.189881,0
835,8,1,2,0,0,0.0,10639637.12542,0
835,9,1,0,2,1,376.31345618917226,8282854.06191,1
835,10,2,0,3,3,513.5847123573058,16183436.838037,1
836,1,1,0,2,2,166.51371955493204,12433254.765887,1
836,2,1,2,0,0,0.0,16067760.499256,0
836,3,1,2,1,1,170.1019452107352,16512139.000364,1
836,4,1,1,2,0,0.0,11637992.985481,0
836,5,0,1,0,2,627.0012039664512,16019381.453896,1
836,6,0,1,2,1,208.3494348057087,15691095.824767,1
836,7,1,1,0,1,253.235032318352,16345145.704727,1
836,8,0,0,1,3,1059.2216331550926,13480685.049515,1
836,9,1,3,2,1,260.26957539414946,14905374.25987,1
836,10,0,0,1,1,10.780142296515749,8922449.702093,1
837,1,1,2,0,0,0.0,16423509.317079,0
837,2,1,1,0,3,672.4644327774358,17038389.51271,1
837,3,0,0,1,0,0.0,13928890.960999,0
837,4,1,3,0,1,475.4421225348638,9318646.108746,1
837,5,3,2,1,1,99.69863860512493,15158587.465413,1
837,6,1,0,2,1,340.70377174000106,16989805.535832,1
837,7,1,1,2,1,25.31847717005008,13713104.53696,1
837,8,3,0,2,1,153.33876238409746,16307927.359845,1
837,9,3,0,2,1,264.3476798191016,13545321.588503,1
837,10,0,1,1,1,166.72688293909448,15513099.612748,1
838,1,2,0,2,3,663.9872068262557,14283042.004291,1
838,2,0,0,2,0,0.0,16634359.481818,0
838,3,1,1,1,0,0.0,14726162.222198,0
838,4,1,0,2,2,199.97684551715898,13622648.90284,1
838,5,1,1,0,1,448.8256956646801,11179075.199562,1
838,6,1,2,1,1,44.30400361396008,15408419.254037,1
838,7,0,0,1,1,113.75217573704217,11266459.80898,1
838,8,0,3,1,1,225.23898149544817,12060338.767806,1
838,9,0,0,0,1,214.424710644155,10550091.176214,1
838,10,1,1,1,1,414.1477866849261,10353348.417893,1
839,1,0,1,0,1,416.5672155030334,14900970.905513,1
839,2,1,0,3,0,0.0,15585202.758299,0
839,3,3,1,1,0,0.0,15392412.14851,0
839,4,1,1,2,1,498.3134569221093,14559493.620677,1
839,5,0,2,1,0,0.0,15519770.945933,0
839,6,0,3,2,1,355.18839266147563,15305610.163643,1
839,7,2,1,1,0,0.0,14320686.084847,0
839,8,1,0,2,1,36.68520853335009,11946598.628254,1
839,9,0,2,2,1,309.6726542169007,8673028.912806,1
839,10,0,3,3,1,178.57349872967714,14525802.736309,1
840,1,3,1,0,0,0.0,12755784.306225,0
840,2,2,1,3,1,115.84132695486532,14699553.81305,1
840,3,1,2,0,0,0.0,9491527.022915,0
840,4,2,1,1,0,0.0,16169010.713623,0
840,5,0,1,0,2,361.84066280943205,13976697.278703,1
840,6,0,1,1,1,40.29534631867682,10124833.893688,1
840,7,0,2,1,1,251.17578824838907,13762710.497698,1
840,8,0,1,0,3,642.337722573424,15244623.587801,1
840,9,2,0,3,1,121.3636007975834,14810285.53586,1
840,10,0,2,0,0,0.0,11931916.95962,0
841,1,1,2,3,0,0.0,14614016.32212,0
841,2,1,2,5,1,365.4089121874705,12785599.275763,1
841,3,1,1,0,1,102.70690512743576,13715670.683216,1
841,4,0,1,1,2,512.7461600642481,15896726.316383,1
841,5,1,4,1,0,0.0,17151242.577102,0
841,6,1,1,0,1,290.78375077242794,14631226.843631,1
841,7,2,1,1,2,109.11418583798681,14985455.084437,1
841,8,0,0,2,0,0.0,7652054.855032,0
841,9,0,3,0,3,1003.2817859506256,16438972.646453,1
841,10,1,1,0,2,465.69254323506544,14785633.933596,1
842,1,1,2,0,1,142.1915714833971,16520224.669136,1
842,2,2,2,0,1,21.628973201804435,14292051.157585,1
842,3,0,2,0,1,308.6014097382375,5022589.602568,1
842,4,1,1,1,1,386.6177830485999,12286302.163038,1
842,5,0,0,0,1,406.42926757748216,10197731.890121,1
842,6,3,0,0,0,0.0,16313075.071088,0
842,7,1,0,4,0,0.0,17205640.352076,0
842,8,0,1,1,0,0.0,17230740.883151,0
842,9,2,1,0,2,664.9492821118664,14015582.594862,1
842,10,1,0,0,1,254.85665352730555,14491742.92989,1
843,1,1,1,1,1,19.075112640583743,12790876.267574,1
843,2,1,0,1,0,0.0,8761989.142247,0
843,3,1,0,1,2,801.4384329103567,14749943.049543,1
843,4,2,0,2,1,350.3679379226592,17218837.753297,1
843,5,2,0,0,2,242.81146406203897,13427159.688581,1
843,6,0,3,0,1,102.9190942122353,12235594.036452,1
843,7,0,3,2,0,0.0,8548653.02867,0
843,8,1,2,3,1,131.35837136568568,14751167.500445,1
843,9,2,3,1,2,152.2012865429569,11955410.800953,1
843,10,0,3,0,2,749.088897410613,14940830.105197,1
844,1,0,0,1,1,390.4096495793604,12609905.91361,1
844,2,2,1,0,0,0.0,16614309.733451,0
844,3,0,3,3,1,279.19988651813964,15101305.348166,1
844,4,1,1,0,1,188.7609740205372,11670031.193028,1
844,5,1,3,2,0,0.0,13998620.888185,0
844,6,1,1,0,0,0.0,17184161.498723,0
844,7,0,1,2,1,223.48804168550487,15503385.690387,1
844,8,0,1,2,0,0.0,16384825.619365,0
844,9,0,1,1,0,0.0,15204817.037818,0
844,10,1,0,1,1,452.4977059561324,13881007.608499,1
845,1,0,0,2,2,721.9830101625015,9732449.697366,1
845,2,0,0,4,0,0.0,15939614.360347,0
845,3,0,5,0,0,0.0,10369945.430765,0
845,4,2,1,1,1,108.2389746666605,13183454.692465,1
845,5,0,0,1,1,34.65635773265741,14721390.434906,1
845,6,0,0,0,1,230.74538584290605,12559265.994106,1
845,7,2,0,1,1,47.59209518100733,13766560.416231,1
845,8,1,3,1,0,0.0,14210229.088216,0
845,9,1,2,0,1,20.37482748838477,15981432.323473,1
845,10,0,0,2,1,97.27277984617574,12146670.757735,1
846,1,2,0,1,0,0.0,14336807.885603,0
846,2,1,1,0,1,379.2789489680707,15334077.325805,1
846,3,1,1,2,4,917.6957821572023,17521995.550716,1
846,4,1,2,0,1,433.4019730784745,12084831.270381,1
846,5,1,1,3,0,0.0,12186801.51235,0
846,6,0,1,1,2,763.3854989606599,14190814.838914,1
846,7,2,2,2,0,0.0,14299872.133176,0
846,8,1,0,0,3,530.2194552331259,12298681.88876,1
846,9,2,1,1,1,225.49140027246213,13744687.759593,1
846,10,1,0,0,1,265.1967192904955,9215802.003361,1
847,1,2,0,0,1,428.9721896409563,15621187.499692,1
847,2,3,1,0,0,0.0,14457732.657935,0
847,3,1,1,0,0,0.0,10241148.875604,0
847,4,1,1,0,1,357.2168849618403,10282325.678962,1
847,5,1,1,1,3,551.9643982095274,13199746.247305,1
847,6,1,1,2,2,320.8282542524679,16697006.132003,1
847,7,2,2,0,2,483.9257965783644,14305021.81326,1
847,8,0,1,1,2,650.9076379332448,8851567.250656,1
847,9,1,0,1,3,366.9214973471591,16611683.664346,1
847,10,0,0,1,1,391.1778524646871,16844055.042466,1
848,1,0,3,0,2,664.794993685282,13526296.029152,1
848,2,1,1,0,4,330.8148204516067,10406629.026459,1
848,3,2,1,2,1,282.83267606278355,14613367.738324,1
848,4,1,0,0,0,0.0,16929945.196352,0
848,5,1,1,1,0,0.0,11232389.44852,0
848,6,2,0,1,2,484.8366980859532,13704105.954855,1
848,7,0,0,1,2,495.67481265280406,14094205.477887,1
848,8,0,1,1,2,921.3371072192575,11686557.591765,1
848,9,2,0,0,1,295.9441132044656,10419782.918323,1
848,10,2,0,3,1,235.1155617549478,12149476.457958,1
849,1,1,1,2,0,0.0,15141546.293857,0
849,2,1,1,2,0,0.0,8837435.45156,0
849,3,0,1,3,2,866.1853800483207,14036417.544451,1
849,4,3,0,0,1,356.5665728958524,14548232.11254,1
849,5,0,1,1,0,0.0,10964211.990594,0
849,6,2,0,1,1,298.62106423781563,14555545.923013,1
849,7,3,3,0,1,38.23351612586133,17072317.07152,1
849,8,0,2,2,1,206.46648741635624,11472235.863199,1
849,9,4,0,1,1,307.7773187086788,13458750.948146,1
849,10,0,2,1,0,0.0,12840345.751047,0
850,1,2,1,0,2,246.2623491295222,12439947.724608,1
850,2,0,0,0,1,390.6479451758702,12535400.261317,1
850,3,1,1,3,1,259.72206441798613,14507618.824,1
850,4,0,3,2,3,265.00708916658846,16768905.342825,1
850,5,0,1,1,3,892.5235803403591,14021082.416859,1
850,6,1,1,2,0,0.0,13931632.649128,0
850,7,2,1,2,0,0.0,15563416.458728,0
850,8,1,0,4,1,423.0454050837116,14173410.296973,1
850,9,1,0,2,2,383.1532458219126,9024904.281076,1
850,10,0,1,1,0,0.0,9654176.300034,0
851,1,1,1,1,2,703.78390425779,9058568.452248,1
851,2,0,4,1,1,19.866310455217256,10933446.673,1
851,3,1,0,0,0,0.0,14856499.442942,0
851,4,0,3,1,1,281.4946831916483,15527944.803944,1
851,5,0,0,2,0,0.0,14856754.357167,0
851,6,1,2,0,1,255.03003735477665,14740705.043103,1
851,7,1,1,4,0,0.0,7709656.021559,0
851,8,1,1,2,1,256.26913478795007,15826153.967993,1
851,9,1,1,1,2,739.0697862324629,16027640.473337,1
851,10,1,1,1,0,0.0,12305964.744633,0
852,1,1,1,2,0,0.0,15657213.375378,0
852,2,2,2,2,0,0.0,16268581.709837,0
852,3,1,1,0,3,707.7274374688988,13022877.514531,1
852,4,6,0,0,0,0.0,14736564.799147,0
852,5,2,0,2,0,0.0,5095790.563052,0
852,6,2,0,2,0,0.0,14550878.949283,0
852,7,3,0,0,2,773.4164832164679,15963055.177948,1
852,8,0,0,0,2,830.1179239215519,13589663.797897,1
852,9,0,1,1,1,367.156987255888,17197109.830226,1
852,10,2,0,4,0,0.0,13502088.589486,0
853,1,0,1,2,1,279.5924359807414,16544905.848505,1
853,2,0,1,2,2,489.151557089526,13552820.829809,1
853,3,0,0,1,1,91.8517803780837,12997446.429337,1
853,4,0,3,2,1,380.914625756058,16705579.802936,1
853,5,1,0,3,1,71.93068931020782,11825375.096109,1
853,6,0,2,1,0,0.0,10092578.327601,0
853,7,1,2,1,0,0.0,11338212.427467,0
853,8,0,0,0,0,0.0,15303042.966351,0
853,9,0,1,1,1,257.5607927652343,12716016.305481,1
853,10,1,1,2,3,1164.9947531762928,12391541.813957,1
854,1,0,1,1,1,343.45530992782545,7503634.288027,1
854,2,2,2,0,1,379.578474602765,9373612.868591,1
854,3,0,0,1,1,327.1844125264477,11413854.140951,1
854,4,1,1,2,0,0.0,13087077.294504,0
854,5,3,1,1,2,736.0825056881905,13404740.223232,1
854,6,1,0,2,1,135.77222107846495,14496834.269232,1
854,7,2,2,1,1,245.92589785528085,16210441.223247,1
854,8,1,1,0,2,127.77605333149108,17096199.263362,1
854,9,0,1,1,1,210.69986861500985,9840773.618555,1
854,10,2,2,0,1,163.5327609843236,9545512.727378,1
855,1,3,1,1,0,0.0,13228894.523624,0
855,2,1,2,0,1,385.2181422663156,14341924.64831,1
855,3,3,1,0,2,92.85720048540688,16064296.912714,1
855,4,2,1,1,2,301.9357019533132,15293271.237895,1
855,5,0,1,0,2,415.4510738485129,12246151.140697,1
855,6,2,1,1,1,49.40881147469702,16785545.86691,1
855,7,2,2,1,2,519.141648959343,9988275.515828,1
855,8,0,2,2,1,317.7743848740544,16004099.107671,1
855,9,0,0,1,4,977.6690646149207,12791583.580497,1
855,10,1,0,4,2,756.9406756507744,14661092.932037,1
856,1,1,1,1,0,0.0,15888001.924617,0
856,2,1,1,1,1,472.5295505173169,12899016.351773,1
856,3,0,0,3,1,367.6984106493765,13676600.753931,1
856,4,1,0,3,1,262.954217616863,14166370.922423,1
856,5,1,1,2,0,0.0,15453452.605943,0
856,6,2,0,2,1,240.6734301556048,14450410.526883,1
856,7,0,0,1,1,71.37119165742804,17105475.224091,1
856,8,1,1,1,0,0.0,8905810.832258,0
856,9,0,1,1,0,0.0,12579116.943561,0
856,10,1,3,0,3,734.9638197710287,11020726.171142,1
857,1,0,1,0,2,763.9570848849681,14061649.300352,1
857,2,0,0,1,1,60.41545477936041,16289160.406816,1
857,3,3,1,3,1,16.50462170192607,9433466.73484,1
857,4,2,2,0,0,0.0,9977560.830775,0
857,5,2,2,2,1,473.0322354189069,14022400.493366,1
857,6,1,0,2,0,0.0,15852743.392991,0
857,7,0,2,2,1,202.48109925897387,15556052.854357,1
857,8,1,1,5,0,0.0,16604921.589492,0
857,9,2,3,1,0,0.0,16585807.172878,0
857,10,0,1,3,1,110.6150684010375,15520629.03327,1
858,1,1,1,1,1,217.13793363773664,11715874.595426,1
858,2,1,1,0,2,770.534094908874,10588102.240461,1
858,3,1,2,1,2,446.0690404325642,13048032.03713,1
858,4,3,3,0,1,318.7368295924234,15222465.237525,1
858,5,3,1,2,1,370.38171387914855,10821090.568146,1
858,6,0,1,1,2,708.8142330242515,15161689.333342,1
858,7,1,0,1,2,740.0711466069665,13736041.178716,1
858,8,0,2,2,1,64.92111661532444,12867324.546762,1
858,9,0,1,2,0,0.0,13158117.106189,0
858,10,1,1,0,0,0.0,8041722.306042,0
859,1,1,2,0,2,372.1721558610252,9440685.018922,1
859,2,0,2,1,0,0.0,8654761.519222,0
859,3,1,1,1,2,476.75337185973865,13054786.191368,1
859,4,2,0,1,0,0.0,6642449.530984,0
859,5,1,2,1,1,424.37405223041856,13314155.963736,1
859,6,1,2,1,2,583.0989359606971,13582062.356169,1
859,7,2,0,0,2,543.5842729257347,8425109.870673,1
859,8,0,2,3,0,0.0,14873648.056607,0
859,9,0,2,0,1,462.76688968810686,3730996.043526,1
859,10,0,0,2,3,831.4114311979746,13199491.992438,1
860,1,1,0,2,1,269.2095047156223,10962522.415913,1
860,2,2,3,0,1,496.3076740701525,8250632.471733,1
860,3,3,0,0,0,0.0,13176799.730868,0
860,4,1,0,1,3,690.1407393753315,11726136.859765,1
860,5,1,1,1,1,419.9121107979021,10183975.386824,1
860,6,0,2,0,0,0.0,15792514.443923,0
860,7,1,1,1,2,343.84564226401926,16739487.686129,1
860,8,1,0,1,0,0.0,12737042.327322,0
860,9,0,0,2,0,0.0,10065905.531478,0
860,10,1,0,0,1,222.73860368993064,14140360.309632,1
861,1,0,2,0,0,0.0,8208391.570424,0
861,2,1,0,1,1,248.98814439012477,16236351.83275,1
861,3,2,1,1,1,431.8016140652621,12702515.747044,1
861,4,0,2,2,2,840.9360216459129,16718486.03937,1
861,5,1,0,0,2,453.8204532819128,13109779.476793,1
861,6,1,2,0,0,0.0,11991617.017781,0
861,7,1,2,1,1,374.2929278561129,10855840.866339,1
861,8,1,1,2,2,488.89429308850697,15149610.594079,1
861,9,2,1,2,1,391.1684152301148,15397099.032111,1
861,10,1,2,1,0,0.0,16217941.012612,0
862,1,2,1,0,2,447.58637371755617,14967622.129584,1
862,2,1,1,2,2,592.5889308559307,17510769.04802,1
862,3,1,1,0,1,213.19609849879524,13603484.042125,1
862,4,1,1,2,1,382.8881237352582,13675783.113555,1
862,5,1,0,0,1,466.50925085977593,14433572.888638,1
862,6,2,2,0,3,561.7588631950871,8636542.749339,1
862,7,0,0,3,0,0.0,12358811.82125,0
862,8,1,1,1,0,0.0,11941263.26354,0
862,9,2,2,1,0,0.0,15045088.861414,0
862,10,3,0,2,0,0.0,15446794.061991,0
863,1,4,1,1,0,0.0,14620093.77872,0
863,2,0,3,1,1,228.8830639187672,10581271.347387,1
863,3,0,1,1,0,0.0,16879948.083769,0
863,4,0,1,2,1,389.3829792028832,14302379.665384,1
863,5,2,3,0,1,448.5067247868361,13580861.744076,1
863,6,1,1,0,1,284.55727379330824,8101868.57108,1
863,7,1,1,2,1,398.81168331310494,5200867.473033,1
863,8,0,0,2,0,0.0,12422905.767525,0
863,9,1,1,0,1,14.440476589887371,11317687.140099,1
863,10,2,1,2,0,0.0,16129148.082778,0
864,1,2,1,3,1,406.5970757353097,10970020.257254,1
864,2,1,0,0,0,0.0,9948839.05551,0
864,3,2,0,3,1,397.3165740363945,15890740.214653,1
864,4,0,0,3,2,477.46520853663134,13370837.942112,1
864,5,2,3,1,1,434.3070591449775,13330710.042073,1
864,6,2,2,0,0,0.0,12688689.993338,0
864,7,0,1,1,1,242.51595203011297,4632122.486634,1
864,8,1,3,1,1,66.3673618705383,14724058.026103,1
864,9,1,2,2,0,0.0,16484379.480994,0
864,10,1,0,1,0,0.0,6355541.412875,0
865,1,2,0,0,0,0.0,10055263.045019,0
865,2,3,0,2,2,675.5186973600867,14199222.60395,1
865,3,0,2,1,1,230.7601324065963,15248374.692763,1
865,4,1,0,1,1,347.398704035623,12855395.241229,1
865,5,0,0,1,1,359.8105959741428,15170034.747897,1
865,6,0,0,2,2,703.2327098433717,16605065.918633,1
865,7,1,2,2,0,0.0,16453513.696988,0
865,8,0,0,1,1,276.38949007547143,11129904.881673,1
865,9,1,1,1,4,559.8111058272686,15290968.974896,1
865,10,0,0,0,3,915.5488784327819,6948198.728121,1
866,1,3,0,2,0,0.0,11399307.219762,0
866,2,2,2,1,0,0.0,17460611.703357,0
866,3,1,3,2,1,40.48496163832024,11615049.392564,1
866,4,2,0,2,2,559.9492262839698,9182157.677527,1
866,5,0,1,4,0,0.0,12911195.810961,0
866,6,1,1,0,2,317.01270855848617,13597955.377579,1
866,7,3,1,0,1,73.33479196013086,12716489.490242,1
866,8,0,1,1,0,0.0,13647048.939611,0
866,9,0,2,0,2,540.9664183600445,11303756.568564,1
866,10,1,3,1,1,330.44343695937454,15525074.966264,1
867,1,0,1,1,1,40.67912922146327,13360400.900127,1
867,2,0,0,0,2,651.7691672028102,13425132.392749,1
867,3,0,1,0,1,329.7752806102413,16450707.167509,1
867,4,0,2,2,1,404.1506142271894,12666092.507349,1
867,5,2,1,1,1,462.3016235662003,14841444.009256,1
867,6,1,1,1,0,0.0,11247417.802025,0
867,7,1,4,0,1,68.748930547834,14427010.751272,1
867,8,2,2,1,1,412.9573537778166,15694953.572089,1
867,9,1,0,1,1,216.2048150261963,12024833.786254,1
867,10,1,0,1,2,738.8079320508352,15201068.240892,1
868,1,1,1,3,1,299.4816874396266,13876546.422591,1
868,2,1,2,1,0,0.0,14648949.87482,0
868,3,1,0,1,1,29.765828518381877,11174988.648839,1
868,4,0,1,3,1,374.01346954118367,11740903.141105,1
868,5,3,0,3,3,612.3421455414731,11149718.810138,1
868,6,1,1,2,1,399.715475037589,12734370.215022,1
868,7,0,1,0,0,0.0,7742947.076411,0
868,8,1,1,1,1,91.33630942165632,11180718.67229,1
868,9,1,1,0,1,398.76548556958346,11601468.933457,1
868,10,2,1,1,1,231.3000140904741,11890921.895516,1
869,1,1,2,1,1,387.336470929019,17166581.617258,1
869,2,0,2,1,3,692.6967809969559,12448718.571734,1
869,3,2,0,2,0,0.0,13905496.63506,0
869,4,0,2,3,0,0.0,15855189.734502,0
869,5,1,1,0,2,625.4299041266501,14806291.264207,1
869,6,0,1,1,3,959.7558037093993,13636791.885382,1
869,7,0,3,1,1,402.0545613587167,14448139.00573,1
869,8,0,3,1,0,0.0,16196721.409398,0
869,9,2,2,0,0,0.0,9292269.962403,0
869,10,1,1,2,0,0.0,7889629.284359,0
870,1,1,1,2,0,0.0,9363282.09385,0
870,2,1,2,2,0,0.0,16180779.913161,0
870,3,1,4,1,0,0.0,16250473.326865,0
870,4,1,0,3,0,0.0,14735337.143216,0
870,5,3,0,0,2,430.14555991364335,15302614.475189,1
870,6,0,2,1,1,148.21827359578552,12664611.096151,1
870,7,0,1,5,1,421.6801907753931,17173456.354699,1
870,8,1,0,1,2,230.0721077950057,6664523.997306,1
870,9,2,2,1,0,0.0,9654544.175506,0
870,10,1,0,1,1,360.5897591484208,14774973.633711,1
871,1,1,1,0,0,0.0,14939587.660646,0
871,2,2,1,0,0,0.0,15868041.009833,0
871,3,2,0,1,1,34.61760453941898,11516906.218048,1
871,4,3,1,3,0,0.0,12335147.141942,0
871,5,0,2,0,0,0.0,11610597.397851,0
871,6,0,1,2,1,342.3385340029279,12054277.304406,1
871,7,1,1,1,1,78.54358988115226,14859764.952914,1
871,8,0,3,0,0,0.0,14161143.170298,0
871,9,0,1,1,2,219.98656793794737,15116176.806056,1
871,10,0,2,1,3,937.4489449589632,13660718.492779,1
872,1,1,1,1,0,0.0,7398402.593929,0
872,2,3,1,2,1,418.1180587302781,9858737.754371,1
872,3,1,0,2,1,394.5220973256998,12252252.647813,1
872,4,1,2,0,2,833.2640076617106,14478380.793538,1
872,5,3,1,0,3,777.74855334476,14016599.523713,1
872,6,0,1,2,2,260.50913354708064,15476854.884629,1
872,7,0,1,0,0,0.0,12614998.774489,0
872,8,1,1,0,2,624.320301916973,13748912.936305,1
872,9,1,0,2,0,0.0,14766312.154694,0
872,10,3,1,2,1,359.0692216978951,14950080.801619,1
873,1,2,2,2,1,498.451780544907,16192521.692107,1
873,2,0,1,0,0,0.0,8726921.560033,0
873,3,2,0,1,2,571.2411942181643,13524281.623853,1
873,4,4,0,0,0,0.0,11013495.879951,0
873,5,1,0,1,2,484.66865170286553,15005475.241557,1
873,6,3,2,1,1,193.82151031230543,13181855.268253,1
873,7,0,1,0,2,916.7766800380749,8634343.006012,1
873,8,1,1,0,0,0.0,17263498.729841,0
873,9,2,1,0,2,274.8208544395244,15642966.541846,1
873,10,1,3,1,0,0.0,2893092.211017,0
874,1,1,0,3,2,345.4773577203164,14125985.075807,1
874,2,2,1,2,2,650.980388097571,11520107.366159,1
874,3,1,0,2,0,0.0,7875419.499399,0
874,4,2,0,0,0,0.0,12815125.088477,0
874,5,2,1,0,1,289.5964098961885,15023997.129872,1
874,6,1,3,0,0,0.0,7849793.924836,0
874,7,1,3,1,0,0.0,11050019.463666,0
874,8,0,1,0,2,437.41631520858635,12714805.607001,1
874,9,1,1,1,0,0.0,15566706.918013,0
874,10,0,1,2,1,217.0500657779279,16609780.429707,1
875,1,1,1,0,1,440.1307439308288,15124974.401649,1
875,2,0,1,2,0,0.0,15381609.029092,0
875,3,2,0,0,1,457.9266894007735,15814647.121851,1
875,4,1,0,0,4,1110.7379171031184,16688076.206686,1
875,5,2,0,1,1,413.91526180212816,15179833.870553,1
875,6,2,3,1,0,0.0,11651508.529897,0
875,7,0,0,0,1,31.397593377918668,13464650.916581,1
875,8,1,1,0,1,446.0355469402407,14049265.065792,1
875,9,1,1,1,1,438.0608863354709,13993767.236953,1
875,10,0,2,2,0,0.0,6806218.524394,0
876,1,0,2,2,1,332.48305346947484,14526848.813217,1
876,2,1,1,2,0,0.0,15510579.003529,0
876,3,1,0,2,2,510.5658678349885,15468371.967572,1
876,4,2,2,1,0,0.0,15088244.541897,0
876,5,0,0,1,2,314.87895653961306,8160037.138015,1
876,6,2,1,0,2,784.3803726157313,17098610.143895,1
876,7,0,2,0,2,378.83737700441554,14127274.763663,1
876,8,0,0,0,1,295.88800011902487,8140283.844987,1
876,9,2,0,0,2,619.0863937886813,14236921.90466,1
876,10,0,0,0,1,50.4020800403355,11027422.980415,1
877,1,0,1,1,1,181.99481534385495,9595844.208484,1
877,2,2,0,0,1,71.27869913470136,14309786.451183,1
877,3,3,0,2,0,0.0,13811637.13401,0
877,4,3,0,0,2,495.34803307655545,13045466.368588,1
877,5,2,2,1,0,0.0,11584082.194143,0
877,6,1,0,1,2,380.53355749148204,14437332.721221,1
877,7,2,1,3,1,407.2392215784475,11860352.924893,1
877,8,2,1,1,1,236.17447733184008,15552563.507348,1
877,9,1,0,1,1,102.29496986257024,10803608.618599,1
877,10,2,0,2,1,241.68183886446187,12231199.31389,1
878,1,0,0,0,1,297.6575082936901,12178473.597173,1
878,2,0,3,2,1,237.1506497343188,14260771.507064,1
878,3,0,1,1,4,1055.0395532010352,16529198.780072,1
878,4,0,2,0,1,351.05872658230294,11507621.745319,1
878,5,3,0,0,3,905.0342605570092,13982992.810906,1
878,6,1,2,3,1,265.7593821263197,15435292.676683,1
878,7,1,2,0,2,730.9294218108271,12695430.142819,1
878,8,0,1,1,2,295.5016224484455,9752585.920854,1
878,9,1,0,1,0,0.0,7988139.401648,0
878,10,1,2,1,0,0.0,10475484.560477,0
879,1,0,0,1,1,205.0179681766805,12989891.89849,1
879,2,0,1,1,1,229.02707634572,9287923.05757,1
879,3,1,2,1,0,0.0,13082315.803601,0
879,4,0,2,1,0,0.0,16313709.035471,0
879,5,0,3,1,1,486.2087117336799,15713075.331845,1
879,6,2,1,3,0,0.0,17305088.424002,0
879,7,2,2,0,0,0.0,13370547.856638,0
879,8,0,0,1,3,254.9785641910958,13303537.353977,1
879,9,2,0,0,0,0.0,11949390.302535,0
879,10,1,1,1,1,59.349842105548326,13448708.484349,1
880,1,1,1,1,2,40.26028819632828,11577917.577042,1
880,2,1,1,1,0,0.0,12483768.052378,0
880,3,1,1,1,1,426.15216019726,11026750.937197,1
880,4,2,2,0,0,0.0,13984091.491291,0
880,5,0,2,2,0,0.0,16242406.415791,0
880,6,1,2,1,1,161.702042668766,16330036.583328,1
880,7,0,2,2,1,486.8333197860492,16144930.206236,1
880,8,4,0,0,0,0.0,11121420.112219,0
880,9,1,1,1,2,517.9368361029069,8359352.917574,1
880,10,1,2,1,0,0.0,11645425.570251,0
881,1,0,3,1,1,116.88189889221168,11962823.286201,1
881,2,0,2,2,2,588.2213901232258,14853598.268077,1
881,3,2,3,2,0,0.0,12236842.278895,0
881,4,2,0,2,1,32.48422652329681,15047961.946154,1
881,5,3,0,2,0,0.0,10299586.389972,0
881,6,1,2,0,1,218.4610638726554,12706670.099725,1
881,7,1,1,1,1,467.6974468393891,16978056.765376,1
881,8,2,0,0,1,84.17587263612918,16811563.310281,1
881,9,0,0,0,2,712.9402457366331,16064114.770116,1
881,10,1,2,1,2,852.075431240283,13715984.51336,1
882,1,1,4,1,2,588.7927427298437,17130003.864154,1
882,2,0,1,1,3,526.8927792801072,11148214.324381,1
882,3,2,4,2,0,0.0,14073023.509169,0
882,4,2,2,1,2,306.6607503405117,14933079.266339,1
882,5,1,1,2,0,0.0,14672163.683023,0
882,6,4,0,2,3,1082.8088074754598,13422467.389516,1
882,7,3,0,0,1,470.3734163685328,14515274.157146,1
882,8,1,2,1,0,0.0,11775260.078227,0
882,9,1,2,1,0,0.0,11514353.385189,0
882,10,0,3,0,2,364.65264948820777,8525482.366388,1
883,1,2,1,0,0,0.0,16483691.724689,0
883,2,2,1,0,1,419.0805872005578,14436316.364932,1
883,3,1,0,1,0,0.0,14785632.733778,0
883,4,1,1,0,1,249.1662540805096,10857401.657171,1
883,5,3,1,1,1,423.141082170038,16567130.942562,1
883,6,2,2,2,1,426.2940277403352,11572721.630253,1
883,7,0,2,1,2,358.8158200691459,15827222.475438,1
883,8,1,1,1,1,489.9774007386509,15596091.715011,1
883,9,1,1,0,1,402.2256519737443,15470034.749478,1
883,10,0,0,1,1,393.0977845538542,14711407.334598,1
884,1,0,0,2,1,102.93001264437162,10347785.839997,1
884,2,2,1,0,1,427.5752717534579,15603549.51325,1
884,3,1,0,0,3,903.38041244059,8054073.261368,1
884,4,4,1,1,1,23.33975527608604,11982601.198607,1
884,5,0,1,1,1,359.66312337448534,15107202.486751,1
884,6,0,3,2,0,0.0,16953055.715583,0
884,7,0,3,1,2,278.30525830514705,16472119.411163,1
884,8,1,0,1,1,312.0297854310467,16149673.800308,1
884,9,2,1,0,0,0.0,12546345.660064,0
884,10,0,2,0,0,0.0,15773496.867166,0
885,1,1,1,2,2,517.1146652393938,16829807.94625,1
885,2,0,0,1,1,447.89238278966974,7112846.921712,1
885,3,2,1,2,3,538.33335244281,12829951.451455,1
885,4,1,2,2,2,337.68027031692225,16129457.330454,1
885,5,2,0,2,1,288.33708115395257,5756659.246535,1
885,6,1,0,1,2,122.7956447111855,6643073.802635,1
885,7,1,0,0,0,0.0,15656410.231761,0
885,8,2,2,1,3,909.993976583503,14272679.505394,1
885,9,1,0,0,5,986.6659593241959,9612671.237305,1
885,10,1,1,1,1,233.8801965096795,12288326.875493,1
886,1,0,2,1,1,12.932195383916472,15087089.094807,1
886,2,4,3,0,0,0.0,13338731.583172,0
886,3,2,1,1,2,388.4931787680159,16517276.207651,1
886,4,2,2,1,0,0.0,15403431.310731,0
886,5,0,3,0,3,775.4890718245075,16762695.051261,1
886,6,2,0,1,1,255.51687557956956,13294345.028849,1
886,7,1,1,2,4,789.1738022442503,16431431.199225,1
886,8,1,1,0,3,924.105651589698,16026295.232922,1
886,9,1,0,1,0,0.0,16279476.249429,0
886,10,1,2,1,0,0.0,8751951.15551,0
887,1,0,1,1,1,122.68003056396046,7751470.225603,1
887,2,3,0,2,1,41.22479991243638,11676241.79477,1
887,3,2,0,2,0,0.0,12745168.369044,0
887,4,1,1,3,2,178.88499231034538,13305886.197925,1
887,5,3,0,1,1,148.24386081929092,8408001.064226,1
887,6,1,2,2,1,358.82350951086744,10615181.35992,1
887,7,0,0,0,1,222.42308220158472,14696841.420079,1
887,8,0,0,4,1,167.90642012327004,8666066.066478,1
887,9,1,1,2,0,0.0,14435372.752698,0
887,10,2,3,0,0,0.0,17467063.408479,0
888,1,1,2,1,2,407.3212662004779,13702356.839715,1
888,2,0,0,1,0,0.0,13382391.570869,0
888,3,0,0,1,0,0.0,12140998.132303,0
888,4,1,3,1,0,0.0,12802370.271345,0
888,5,1,1,3,1,494.3954059861372,15471410.460491,1
888,6,0,0,1,2,495.3918353802435,17347464.873913,1
888,7,1,1,5,1,415.4244520252207,15164169.856889,1
888,8,1,1,1,1,461.1286623420942,8334184.484447,1
888,9,1,1,2,2,342.25154598928265,13566633.099124,1
888,10,1,2,2,1,353.48321613535995,9926074.384409,1
889,1,1,1,3,1,363.5857176002236,15685120.250517,1
889,2,2,1,0,0,0.0,12972943.265045,0
889,3,3,2,2,0,0.0,10652798.747326,0
889,4,0,1,2,4,855.8928447716402,15225607.69822,1
889,5,1,1,1,0,0.0,12762638.681057,0
889,6,3,0,2,0,0.0,13247653.451497,0
889,7,1,0,2,2,97.81402315306995,17049206.962178,1
889,8,1,0,2,1,405.8620071197682,6105806.337187,1
889,9,1,2,2,1,210.1252025616867,14952437.028334,1
889,10,0,1,2,2,74.10739611883685,15642166.068357,1
890,1,3,1,0,1,279.98364642526246,11059999.436297,1
890,2,1,2,1,2,376.69382145598604,13755522.478285,1
890,3,1,0,0,2,519.0565570246213,15463393.249771,1
890,4,0,1,0,1,36.43189516466858,8580403.001967,1
890,5,0,0,3,2,502.8056546157411,14777707.939741,1
890,6,1,2,0,1,42.95153147356882,12712279.556439,1
890,7,3,1,0,2,427.34667991929774,14529056.205229,1
890,8,1,1,1,0,0.0,13972433.634601,0
890,9,3,1,1,2,50.97212693505803,14254475.538201,1
890,10,2,1,2,0,0.0,10610457.889041,0
891,1,1,1,2,1,319.1275634091115,11726036.99328,1
891,2,0,0,1,3,792.8442941418509,13265270.237641,1
891,3,0,1,3,0,0.0,14054343.267732,0
891,4,0,0,1,2,464.34253460359014,10587948.547521,1
891,5,3,0,3,1,27.27322145695161,14679147.755178,1
891,6,2,0,2,2,720.906889685353,17573437.910126,1
891,7,0,0,2,2,529.9552984280851,11290255.629517,1
891,8,0,4,0,0,0.0,15238453.781043,0
891,9,1,1,1,0,0.0,10981931.147501,0
891,10,1,0,2,1,284.1986117945156,17189382.391913,1
892,1,1,1,1,1,184.9423735585508,16068378.433748,1
892,2,2,2,0,1,11.432275994396813,12743703.602335,1
892,3,2,1,1,0,0.0,11602156.423495,0
892,4,0,1,0,1,8.336842815644287,8426025.842684,1
892,5,1,2,2,4,1017.9530720636329,16784134.571385,1
892,6,2,0,0,2,273.78428049619674,16349146.306312,1
892,7,1,0,0,0,0.0,14724917.208955,0
892,8,1,1,0,0,0.0,15556570.347912,0
892,9,1,1,1,0,0.0,13199206.140131,0
892,10,1,2,0,0,0.0,12963058.117353,0
893,1,1,1,0,1,139.31387315256,15565535.150086,1
893,2,1,0,0,2,895.7868995924808,16956439.095585,1
893,3,0,2,2,2,405.7878385920242,12759473.302541,1
893,4,0,3,0,0,0.0,14403181.437654,0
893,5,1,0,1,1,331.688386839532,17062546.750736,1
893,6,2,1,1,0,0.0,17567411.817101,0
893,7,0,1,1,2,395.33358794432024,15284578.343237,1
893,8,0,1,2,0,0.0,16647658.150558,0
893,9,1,0,1,0,0.0,9643403.573547,0
893,10,1,1,1,0,0.0,10125129.496442,0
894,1,3,2,0,0,0.0,12131644.43997,0
894,2,1,3,0,1,281.3010904203346,14395142.420144,1
894,3,1,2,2,2,268.1765394179287,14417758.434557,1
894,4,2,2,1,1,47.79031926237542,8874773.483826,1
894,5,1,3,0,1,458.908772901361,7823172.000869,1
894,6,0,1,1,4,906.5513322384865,14481513.593351,1
894,7,3,1,3,0,0.0,12519729.01367,0
894,8,2,1,0,0,0.0,17619818.977468,0
894,9,1,0,0,3,593.4865037594377,12817627.421995,1
894,10,3,0,2,0,0.0,12041160.101408,0
895,1,3,1,1,1,194.45111255888503,11893779.44254,1
895,2,3,0,2,1,259.01507738704447,14420001.606975,1
895,3,2,1,0,2,406.0710164649324,12899143.136369,1
895,4,1,2,1,1,496.0942703832144,12589862.293758,1
895,5,1,1,1,1,360.6641558769988,13406967.250531,1
895,6,0,0,0,0,0.0,8540824.758829,0
895,7,2,0,1,2,527.3831155604887,4366046.452656,1
895,8,2,0,0,3,1110.4707459214922,16969963.07974,1
895,9,0,1,1,2,746.3957155689862,16593151.20077,1
895,10,0,0,0,1,55.63525089408154,13546652.633957,1
896,1,0,0,1,2,708.032556564061,14293270.383055,1
896,2,1,3,1,0,0.0,15526279.938933,0
896,3,2,2,2,0,0.0,12989926.046979,0
896,4,0,0,1,1,148.27267728426563,10747025.284351,1
896,5,0,0,1,2,480.1865900471322,12306359.314635,1
896,6,1,1,0,1,386.5334212513644,14102147.745939,1
896,7,1,0,1,1,135.57100433454087,14425282.655988,1
896,8,2,0,2,0,0.0,12157817.673149,0
896,9,0,0,2,0,0.0,14113335.11677,0
896,10,0,0,1,2,516.2371767512635,13826054.227685,1
897,1,0,1,1,1,256.123407220583,13861015.947284,1
897,2,2,1,1,0,0.0,15230424.856498,0
897,3,1,0,0,3,456.0028931150316,8365490.199236,1
897,4,1,1,1,2,408.30127005867456,10025850.378009,1
897,5,2,0,3,0,0.0,12018579.375785,0
897,6,0,1,3,2,514.2954091692571,15845352.745062,1
897,7,1,1,1,2,769.2527659103837,9419903.784334,1
897,8,0,0,2,1,79.91410210784278,14873954.290411,1
897,9,1,3,0,0,0.0,10157488.382086,0
897,10,0,1,0,2,244.07315689446557,14303193.986105,1
898,1,1,1,1,0,0.0,16587845.798581,0
898,2,1,2,1,0,0.0,15692845.454573,0
898,3,1,2,0,1,396.3695193583167,16223131.310402,1
898,4,2,0,0,3,355.831475029508,14561164.412352,1
898,5,1,1,0,1,322.4014534656967,9245244.037634,1
898,6,1,2,3,0,0.0,8191493.311343,0
898,7,1,1,2,0,0.0,14203926.462692,0
898,8,2,1,0,3,829.8993966805608,12353139.685867,1
898,9,0,0,0,0,0.0,12714816.205647,0
898,10,0,1,1,0,0.0,14791616.327512,0
899,1,1,1,1,4,1480.9321099663885,15016697.450325,1
899,2,2,2,2,0,0.0,12776380.404727,0
899,3,0,0,2,0,0.0,15656215.239152,0
899,4,0,1,2,0,0.0,12352112.612201,0
899,5,1,0,3,0,0.0,15513233.552679,0
899,6,1,0,0,2,556.7452474215374,13151055.443929,1
899,7,1,0,0,1,451.7075463992934,15943488.629206,1
899,8,0,1,1,0,0.0,13562520.335383,0
899,9,2,1,2,2,403.90970729741343,15596483.42544,1
899,10,2,1,0,3,841.1660557870982,15849795.50101,1
900,1,1,0,0,2,484.48361266410154,11844991.882095,1
900,2,1,1,1,0,0.0,9448280.342483,0
900,3,1,2,1,0,0.0,9827377.623086,0
900,4,2,2,2,1,294.34279847744983,12633750.42806,1
900,5,1,0,1,1,406.761526122577,14285075.925808,1
900,6,2,0,2,2,181.9623474260203,14741189.887372,1
900,7,1,1,0,3,295.1091650591816,12827211.407284,1
900,8,2,0,0,1,292.80108711163854,12318243.30624,1
900,9,0,1,0,1,104.63208304485136,11372420.245092,1
900,10,2,2,3,1,49.81903430582364,15210001.697971,1
901,1,0,2,0,2,654.4027840232734,15529430.971982,1
901,2,0,1,1,1,49.30090171337827,12684143.907596,1
901,3,0,0,0,3,1086.2700336884157,17174303.643563,1
901,4,0,1,1,0,0.0,15192566.662178,0
901,5,3,1,1,1,419.6550985318372,15965818.598243,1
901,6,0,2,0,2,624.6897460450942,14184650.370765,1
901,7,0,1,0,1,77.78675007669706,10103794.713346,1
901,8,0,0,2,1,459.5431026490149,8726968.444318,1
901,9,4,0,0,0,0.0,10436653.229344,0
901,10,2,0,3,1,90.12141463293784,12595464.032459,1
902,1,0,0,2,1,102.792327191544,12236870.64167,1
902,2,0,2,0,2,703.1970004274231,16513514.608694,1
902,3,0,3,0,0,0.0,10171821.601249,0
902,4,1,0,0,1,10.58981451972102,13392714.466594,1
902,5,1,2,2,2,574.1213127931087,12282289.037136,1
902,6,1,0,1,1,308.9923767642257,13379346.507593,1
902,7,2,0,1,2,906.5627273759646,12453961.61605,1
902,8,1,1,0,1,401.7953591052234,9156926.248161,1
902,9,2,3,0,0,0.0,15199690.92355,0
902,10,3,0,0,2,627.7791198197069,15000298.128509,1
903,1,1,1,2,1,15.031830942455311,16297905.108546,1
903,2,1,2,1,2,547.6470805881044,15600915.45055,1
903,3,0,2,0,3,1043.0018773667339,15826939.518701,1
903,4,4,0,1,0,0.0,14248829.505586,0
903,5,1,1,3,0,0.0,9610297.231154,0
903,6,1,2,0,1,375.5907799989144,11356285.75968,1
903,7,2,0,0,1,125.43855219151828,11443450.993358,1
903,8,1,0,0,1,207.17406480034523,5766200.958658,1
903,9,2,2,0,0,0.0,15975391.939665,0
903,10,1,1,0,0,0.0,16883521.054495,0
904,1,2,1,1,2,640.6482611283773,12635266.253514,1
904,2,3,1,1,1,117.2001414917131,4445017.517197,1
904,3,4,3,1,0,0.0,14963567.814061,0
904,4,1,2,0,0,0.0,15116470.599872,0
904,5,2,1,0,1,153.99525084333186,11584870.623781,1
904,6,1,0,1,1,472.4374784590163,11074455.589717,1
904,7,0,1,1,0,0.0,14785583.993927,0
904,8,3,3,0,1,135.93429505587918,14544971.095146,1
904,9,0,2,2,0,0.0,16469678.80001,0
904,10,3,1,1,2,193.00074301529347,10383054.148979,1
905,1,0,0,3,1,77.07979802949363,8413846.863205,1
905,2,2,2,0,1,370.0248006191514,10133130.531763,1
905,3,2,0,2,1,240.29970915429087,13231505.19419,1
905,4,1,0,1,4,1006.7256725415464,14964776.719675,1
905,5,1,1,1,3,770.5216115326721,10241191.390884,1
905,6,0,0,1,3,562.2551813861687,14870782.348212,1
905,7,0,1,2,0,0.0,9004024.735165,0
905,8,1,1,2,0,0.0,13358179.221862,0
905,9,0,1,0,3,922.8405421191096,4557052.696374,1
905,10,2,2,1,0,0.0,12466325.540434,0
906,1,0,1,1,1,163.97563285238883,14611676.573596,1
906,2,1,0,1,1,405.2336405952354,11654287.909695,1
906,3,1,0,1,0,0.0,14908714.255274,0
906,4,0,0,2,0,0.0,9126912.912082,0
906,5,1,1,2,1,235.493634615222,17479882.095781,1
906,6,1,1,0,2,362.99149400600703,11434085.237258,1
906,7,0,2,1,0,0.0,14942121.646059,0
906,8,0,0,3,2,563.3560001251803,14008872.071431,1
906,9,1,2,2,0,0.0,14339662.645795,0
906,10,2,0,0,4,1485.999638406445,10433794.023717,1
907,1,1,1,1,0,0.0,6027605.954465,0
907,2,1,1,0,1,374.1030332880981,16020809.787631,1
907,3,2,1,1,1,488.3389454497148,16023082.608905,1
907,4,1,3,2,0,0.0,13154181.375663,0
907,5,2,0,1,3,783.7089459357574,17388314.933456,1
907,6,0,2,3,0,0.0,8986620.13423,0
907,7,1,1,0,0,0.0,12219989.674405,0
907,8,0,0,0,0,0.0,14283818.589314,0
907,9,0,2,0,0,0.0,16693457.674966,0
907,10,1,0,2,0,0.0,12467628.338678,0
908,1,0,1,2,2,613.0547641083626,16912060.896908,1
908,2,2,0,1,0,0.0,14624796.372866,0
908,3,1,1,0,3,916.6513021753351,13944934.867311,1
908,4,1,1,1,1,286.3228406267875,12426148.766511,1
908,5,1,2,0,0,0.0,9806556.966957,0
908,6,1,1,2,0,0.0,8716925.118032,0
908,7,2,1,0,0,0.0,8600550.945088,0
908,8,0,1,2,0,0.0,14590545.684917,0
908,9,1,4,1,0,0.0,14738543.219502,0
908,10,1,2,0,2,853.297848063593,13358987.691874,1
909,1,2,1,1,0,0.0,15031409.686275,0
909,2,0,4,2,0,0.0,16133356.162248,0
909,3,2,0,1,0,0.0,6226959.154081,0
909,4,0,1,2,1,242.9429100640563,17298543.763178,1
909,5,1,1,2,2,977.549140406717,11502574.17765,1
909,6,1,1,0,3,701.7626503208108,13150983.564387,1
909,7,0,0,1,1,456.3666742185267,14316002.332438,1
909,8,0,0,2,1,140.8701526277023,16794956.443364,1
909,9,1,1,2,1,384.4481141445995,14168683.309039,1
909,10,2,0,0,2,513.60771849872,15757866.77963,1
910,1,1,2,0,0,0.0,10113072.79552,0
910,2,4,2,0,0,0.0,13359779.793501,0
910,3,1,1,1,0,0.0,12057405.958272,0
910,4,1,1,1,1,165.7157387278888,15507218.434277,1
910,5,0,1,3,0,0.0,13976077.523282,0
910,6,0,1,3,0,0.0,10382226.075255,0
910,7,2,1,2,1,61.91375969800563,12131864.910877,1
910,8,0,2,4,0,0.0,12148617.753788,0
910,9,1,0,1,0,0.0,7679147.660104,0
910,10,0,1,1,1,254.5561732104995,14023866.220361,1
911,1,2,0,1,0,0.0,17198864.846536,0
911,2,1,3,0,2,826.3317393088412,13919649.084513,1
911,3,1,1,2,4,1510.508885474469,15144789.323203,1
911,4,1,3,0,1,222.18506400062975,13383702.26643,1
911,5,0,1,2,0,0.0,16050051.681398,0
911,6,0,2,0,0,0.0,17546163.401434,0
911,7,4,1,1,0,0.0,11886167.433071,0
911,8,0,0,1,2,293.1817935762614,16710204.133443,1
911,9,2,1,1,0,0.0,14974627.145413,0
911,10,0,0,0,0,0.0,15199446.06894,0
912,1,0,0,1,1,440.5475949993348,8374038.991159,1
912,2,3,1,1,1,490.35446229295314,14507327.757588,1
912,3,2,0,3,1,131.63887328978703,14542052.222348,1
912,4,2,1,1,1,35.069174961905574,11638269.249086,1
912,5,0,2,3,1,284.85950035781354,17353387.9976,1
912,6,1,1,3,3,721.3999378298097,10116353.458224,1
912,7,0,0,1,1,59.34605344528104,14351654.120072,1
912,8,1,1,2,0,0.0,17189047.349782,0
912,9,2,0,2,1,353.5305293003736,12873839.54642,1
912,10,2,1,0,0,0.0,11585730.03543,0
913,1,1,1,2,0,0.0,13767786.841474,0
913,2,2,1,0,0,0.0,15994345.193845,0
913,3,1,1,1,1,249.1896623093592,10358580.409471,1
913,4,3,0,2,0,0.0,17024517.049459,0
913,5,0,0,2,2,665.7543247997651,13732449.024655,1
913,6,0,0,1,2,888.0714175572678,7326721.411035,1
913,7,2,1,0,2,904.9395040147313,15870616.463067,1
913,8,0,1,1,0,0.0,12354473.651072,0
913,9,1,0,2,2,941.4046496939504,9544361.112683,1
913,10,0,3,1,1,410.0571467027056,8377438.717251,1
914,1,1,0,4,1,98.18960590107464,13319907.825393,1
914,2,0,2,2,1,321.42405161896545,14175615.1124,1
914,3,0,2,2,0,0.0,15967415.022327,0
914,4,2,0,1,0,0.0,15608737.714074,0
914,5,1,0,0,3,344.2355700353306,14559027.070477,1
914,6,1,2,1,1,380.2275468284657,9542856.776672,1
914,7,3,0,1,2,334.6849515062305,12373865.139656,1
914,8,1,2,0,1,290.50305132177857,16653017.644512,1
914,9,3,0,3,1,252.20213727437937,14393812.605131,1
914,10,1,2,2,0,0.0,9372922.231405,0
915,1,0,1,1,0,0.0,10810724.459973,0
915,2,2,2,0,1,273.51526912301244,9190857.418498,1
915,3,2,2,1,1,184.7747644059759,11224071.314954,1
915,4,1,1,0,1,319.9593068781056,15324220.263584,1
915,5,1,1,1,1,418.8224541399648,16001392.195832,1
915,6,2,0,1,1,40.74463396798434,11469528.958907,1
915,7,0,1,1,0,0.0,11528834.125871,0
915,8,0,1,1,0,0.0,16011395.828914,0
915,9,2,1,0,2,511.46366120858147,14333002.375961,1
915,10,0,0,0,2,663.042462336684,13286850.441507,1
916,1,0,2,1,1,138.76719308229917,14838451.395147,1
916,2,3,0,3,1,395.0461670780512,15628008.079963,1
916,3,1,0,0,1,200.8137679180525,11285196.08349,1
916,4,0,0,1,2,348.8848880855067,16903423.830173,1
916,5,0,1,0,1,225.3760652061113,14142943.534859,1
916,6,1,2,0,2,392.14737775907815,15283527.438951,1
916,7,0,2,1,3,1184.1691950505985,16085003.933848,1
916,8,1,1,0,0,0.0,9792463.980355,0
916,9,0,2,0,0,0.0,14175145.927408,0
916,10,1,1,0,2,321.2818246257263,6279763.581338,1
917,1,1,0,1,1,189.07716447833243,11944736.190342,1
917,2,1,1,0,0,0.0,16926645.241085,0
917,3,1,1,0,1,325.1273374615185,15893142.323327,1
917,4,2,0,0,0,0.0,14026842.515098,0
917,5,1,3,1,0,0.0,13465899.626955,0
917,6,1,2,1,0,0.0,5164102.024837,0
917,7,1,0,3,3,883.9964530907714,12800207.409673,1
917,8,2,0,0,1,368.2129617450125,16782508.15097,1
917,9,0,1,0,3,834.5480143003697,15134056.657112,1
917,10,0,0,2,0,0.0,15795529.731276,0
918,1,2,1,2,0,0.0,15847208.146418,0
918,2,1,3,1,0,0.0,17082924.628502,0
918,3,2,0,2,0,0.0,14630731.925681,0
918,4,1,1,1,2,243.15891939231415,16156071.233468,1
918,5,1,1,2,1,60.97475841676776,13545762.633841,1
918,6,1,0,2,1,229.32884084660455,15586970.936783,1
918,7,2,0,1,0,0.0,16627296.847299,0
918,8,1,2,0,2,440.7146527150731,15952518.138393,1
918,9,2,0,1,0,0.0,13578354.551784,0
918,10,2,0,2,0,0.0,16865612.040974,0
919,1,0,1,1,3,1060.439646321683,14573743.427652,1
919,2,1,0,1,2,428.7694362879506,7514650.34268,1
919,3,1,0,3,2,912.8653400187297,14362300.126232,1
919,4,1,2,1,3,562.5756915585843,13144033.457982,1
919,5,1,2,0,0,0.0,12737930.861421,0
919,6,4,1,0,1,383.7508953505673,15507481.817204,1
919,7,1,0,1,1,194.92370950253755,17297436.291649,1
919,8,3,1,1,2,753.4721952683485,12884597.876895,1
919,9,0,0,3,3,848.2821339767257,14830139.230639,1
919,10,1,4,0,2,363.81133608271597,9181274.828039,1
920,1,1,0,1,1,371.35439642793307,11435167.080351,1
920,2,0,0,1,3,910.2742739093994,12122750.295135,1
920,3,1,1,2,0,0.0,10148299.437545,0
920,4,0,1,1,1,371.6388432776223,15523861.987812,1
920,5,1,1,2,0,0.0,13061756.272227,0
920,6,2,0,0,1,141.91737033399116,16249869.54107,1
920,7,3,0,0,2,436.7678584617098,13648210.027753,1
920,8,2,1,2,1,434.036786723738,16346903.715657,1
920,9,0,1,0,2,729.3891203443357,15556081.224037,1
920,10,0,0,1,1,223.30421003790968,12853430.518085,1
921,1,1,2,0,0,0.0,16452082.37777,0
921,2,0,2,1,0,0.0,10682879.644722,0
921,3,2,1,1,0,0.0,9096201.819396,0
921,4,0,1,0,0,0.0,16315368.509618,0
921,5,0,0,1,2,717.0393420772182,11904946.681133,1
921,6,1,2,0,0,0.0,12785604.163515,0
921,7,0,1,1,3,629.3642668877113,10391399.084608,1
921,8,1,1,0,2,256.7883839782237,15329643.976008,1
921,9,0,2,2,2,645.2240254414606,13343872.53607,1
921,10,2,0,2,0,0.0,16951268.665941,0
922,1,3,1,0,1,265.37716273874094,15430232.663015,1
922,2,0,1,1,1,235.90252167768148,13604185.682687,1
922,3,0,1,0,1,303.4170378938797,12872739.770268,1
922,4,2,2,0,1,146.55913862353583,14853404.044602,1
922,5,2,0,1,1,382.7610527216074,14628762.471532,1
922,6,3,3,1,0,0.0,15959171.565979,0
922,7,1,2,1,0,0.0,13535814.658406,0
922,8,3,0,2,1,38.643125215336205,16100413.878751,1
922,9,0,0,2,0,0.0,11429138.65268,0
922,10,2,2,1,0,0.0,10078769.882248,0
923,1,2,0,2,1,494.2530707242468,13752580.262318,1
923,2,2,0,1,1,171.94590883009468,11289332.93111,1
923,3,2,2,0,1,285.088597608764,14845922.469821,1
923,4,3,1,0,0,0.0,7195622.774237,0
923,5,1,0,1,3,640.918084631834,15101195.942828,1
923,6,1,0,1,0,0.0,15973598.87671,0
923,7,2,0,0,3,854.1926697237494,13122669.65151,1
923,8,1,0,2,1,161.08716386307037,17313564.731862,1
923,9,2,0,0,2,96.84860024573604,16320684.252855,1
923,10,0,1,1,2,579.1285172593448,14744850.641051,1
924,1,2,0,0,2,218.3798181666445,16190793.677726,1
924,2,1,2,1,4,1153.6143714646826,14964560.818363,1
924,3,0,0,3,1,389.8938838153634,9119075.876841,1
924,4,3,0,2,1,91.87826100582552,14287589.8176,1
924,5,1,0,0,1,409.8941755189857,13010737.888368,1
924,6,0,0,2,0,0.0,14812762.884551,0
924,7,2,1,1,3,363.8860235847051,16598395.302755,1
924,8,1,2,0,1,372.6719873682465,13327728.905102,1
924,9,0,0,2,0,0.0,12366660.133993,0
924,10,0,2,1,1,391.59877413883066,11579837.080985,1
925,1,1,1,2,1,405.08406872619526,9270540.276077,1
925,2,0,1,1,1,88.05758518726398,14344728.310521,1
925,3,1,1,0,2,561.6475607393919,12902358.784639,1
925,4,2,0,2,3,903.2392267956051,13417250.907187,1
925,5,0,3,0,1,179.54389104141438,13827799.081597,1
925,6,1,1,2,0,0.0,13516722.705698,0
925,7,0,0,0,2,681.2452183403968,13340689.871185,1
925,8,1,2,2,0,0.0,10362869.455833,0
925,9,2,1,0,1,257.56677236695805,15787610.68069,1
925,10,1,1,1,2,690.0569503140566,13531275.070519,1
926,1,2,2,1,0,0.0,16326270.176993,0
926,2,0,2,1,0,0.0,12644021.748414,0
926,3,1,0,1,2,453.1245723933558,7589278.011528,1
926,4,2,0,1,1,288.6044969911197,14083413.406251,1
926,5,0,0,1,0,0.0,11914216.302901,0
926,6,1,0,0,3,573.2772235854662,14705388.261448,1
926,7,0,2,1,1,190.1429722094658,10757092.24945,1
926,8,2,1,2,1,384.8536306435645,14971044.071255,1
926,9,0,2,1,1,338.4274743961859,16205291.317799,1
926,10,1,2,0,3,1208.5136249091402,16508088.32555,1
927,1,0,1,1,1,436.84071507478006,12661963.988395,1
927,2,2,0,0,2,528.2045876235165,12916650.278598,1
927,3,3,0,0,1,321.53295869578915,10601134.930939,1
927,4,0,0,2,1,287.5554712331537,14243385.515245,1
927,5,2,1,1,1,46.55631578774688,14368344.675175,1
927,6,0,0,0,3,921.6874955274786,13400422.043192,1
927,7,1,0,0,0,0.0,15338653.575379,0
927,8,2,1,0,2,426.51587582972195,15327793.993142,1
927,9,2,2,0,1,139.19135386532355,13528968.439238,1
927,10,1,1,1,0,0.0,14799871.90046,0
928,1,1,1,2,0,0.0,14059688.663401,0
928,2,1,2,0,2,477.60459092141116,10082044.354107,1
928,3,2,0,2,3,748.0831939055164,17364413.10598,1
928,4,2,2,1,1,270.5656596544192,14876876.199799,1
928,5,2,1,1,0,0.0,8871383.235966,0
928,6,0,1,1,1,64.3746272488622,9862195.842324,1
928,7,1,2,3,0,0.0,16306235.12325,0
928,8,2,1,1,1,155.84982912022042,15442187.697831,1
928,9,0,0,0,0,0.0,6606198.658816,0
928,10,3,1,3,1,343.91488415210466,16676052.090312,1
929,1,2,0,2,0,0.0,14296162.235768,0
929,2,0,0,1,1,467.1725198571546,14276353.486774,1
929,3,3,0,0,3,961.1965905775633,12614313.857185,1
929,4,0,2,0,1,488.7080230543077,12895431.348805,1
929,5,2,0,2,3,487.40968948417236,14561307.859256,1
929,6,1,1,2,0,0.0,13255191.636492,0
929,7,1,2,2,0,0.0,10481001.916805,0
929,8,0,3,1,0,0.0,13209865.378026,0
929,9,1,1,0,1,326.4236509948091,9092722.809529,1
929,10,3,1,2,0,0.0,14993990.958706,0
930,1,0,2,1,0,0.0,12321175.892045,0
930,2,0,1,2,0,0.0,16977200.313544,0
930,3,0,1,2,1,400.8522094596793,11386930.592817,1
930,4,1,0,1,1,42.83936154193802,15359127.484115,1
930,5,0,1,0,0,0.0,14582704.421257,0
930,6,0,1,1,1,43.080555281405296,9125105.520235,1
930,7,3,0,1,1,295.40314519354064,14837544.470917,1
930,8,2,0,1,3,860.4313022846909,14942272.217329,1
930,9,2,2,2,0,0.0,15209679.092184,0
930,10,1,0,0,2,720.1692096332606,8494834.873926,1
931,1,2,1,1,1,408.9245500229768,17596169.458039,1
931,2,0,0,2,2,467.87219819071794,10357805.895674,1
931,3,0,0,1,2,494.3724427572694,13037103.833006,1
931,4,2,0,0,2,774.4792168978128,16321042.393599,1
931,5,2,2,1,1,284.30532608177043,15466299.203622,1
931,6,5,0,0,1,177.05497902524496,14774869.040386,1
931,7,0,1,0,0,0.0,13678175.886726,0
931,8,1,1,1,3,939.0889117007923,15134744.689843,1
931,9,0,1,1,0,0.0,13246448.322931,0
931,10,3,1,1,0,0.0,12410296.259639,0
932,1,0,2,0,2,637.1539071268221,14899893.737581,1
932,2,1,2,0,2,808.5083662878467,14342745.527754,1
932,3,1,4,2,1,463.071529905826,14738953.772933,1
932,4,1,0,1,0,0.0,14386049.869456,0
932,5,0,1,1,1,378.0912296470654,16608748.350701,1
932,6,1,1,2,0,0.0,11891952.542317,0
932,7,1,2,4,1,146.53713445365233,13494651.066304,1
932,8,1,0,1,1,363.5052325669437,17457296.414039,1
932,9,1,2,1,2,456.4075726993955,10593332.899436,1
932,10,1,0,1,1,332.17257533145937,16235570.879557,1
933,1,2,0,1,2,951.5695565737944,14188184.103488,1
933,2,2,1,0,1,151.04142543530003,9315084.306633,1
933,3,1,1,0,0,0.0,7408359.72453,0
933,4,0,4,1,1,193.53050632227075,8962267.40047,1
933,5,1,0,0,2,371.20488243580763,10786112.41214,1
933,6,0,2,2,0,0.0,14517074.864155,0
933,7,0,2,1,1,121.18211020769654,17486544.114632,1
933,8,2,2,3,2,412.7105694385706,11355556.41561,1
933,9,3,2,1,0,0.0,11365949.091367,0
933,10,0,2,0,1,387.3825904472255,15671566.666754,1
934,1,1,2,3,0,0.0,11065538.834324,0
934,2,2,1,1,1,335.0019921102151,15992618.315314,1
934,3,0,3,1,1,351.1775072222669,13501866.039606,1
934,4,3,1,0,1,345.8824947682624,15585246.327632,1
934,5,1,0,0,1,445.7515809399948,15540804.255663,1
934,6,1,1,4,1,182.15992189735857,15901915.831146,1
934,7,0,2,0,1,427.5235458282172,13990400.093967,1
934,8,0,0,1,3,838.4108982294639,17110125.693222,1
934,9,2,1,1,1,50.05970723820762,14502228.591411,1
934,10,1,1,1,1,339.9365191038077,16278803.358334,1
935,1,1,1,2,1,153.4501304583677,13683882.950243,1
935,2,2,0,0,1,226.03736620761316,9494095.446412,1
935,3,1,2,0,2,618.9738126916245,13787965.180177,1
935,4,1,1,2,0,0.0,14338165.095289,0
935,5,0,2,1,1,76.56541001144934,9820583.368454,1
935,6,1,2,1,1,192.38463481460704,11643381.571481,1
935,7,1,2,3,1,331.4219695399975,13483973.945007,1
935,8,0,1,2,2,72.57542487794568,15277248.686341,1
935,9,1,0,3,0,0.0,14149228.923264,0
935,10,4,0,2,1,322.7665120480996,11229583.887936,1
936,1,2,0,1,3,994.3424552023174,9789872.693955,1
936,2,1,0,3,1,120.1877770119264,12196221.599035,1
936,3,0,1,2,0,0.0,9876453.189125,0
936,4,0,1,2,3,872.5400587592588,13951083.254918,1
936,5,1,0,0,3,563.0140982818152,8763959.884542,1
936,6,1,3,1,0,0.0,15585330.737463,0
936,7,1,0,1,2,915.2411832993034,15501203.171705,1
936,8,1,2,2,1,383.7180338905815,15951688.937232,1
936,9,2,0,2,2,551.9829316875935,15708712.962088,1
936,10,0,1,1,1,271.4862673931883,15839132.220057,1
937,1,0,2,1,1,110.24237147968482,11916959.514247,1
937,2,0,2,3,2,958.6075358234059,13235522.151967,1
937,3,3,1,0,0,0.0,11541734.006966,0
937,4,2,2,0,2,676.2097304836107,13583548.165573,1
937,5,1,2,3,1,284.0998389569918,14051454.243792,1
937,6,1,2,0,1,327.5253302194613,11080313.893305,1
937,7,1,3,0,0,0.0,14102327.613592,0
937,8,1,1,3,2,350.6107578029505,14994210.968419,1
937,9,1,1,1,2,366.0605195651929,16139413.205084,1
937,10,0,1,0,0,0.0,8534541.9659,0
938,1,0,0,1,0,0.0,13871979.834305,0
938,2,0,0,1,1,368.8535522427943,8219727.626729,1
938,3,1,0,0,1,43.38705432954113,11983803.347895,1
938,4,0,0,2,3,1284.5598069868206,15618013.685654,1
938,5,1,0,3,2,410.7018219656262,14117545.542537,1
938,6,1,0,1,1,274.4192052934681,6894796.085252,1
938,7,0,1,1,3,637.444168530786,9391175.26048,1
938,8,0,2,0,1,420.7408737415259,15852355.690427,1
938,9,0,0,3,3,1084.2057782787674,14851571.933363,1
938,10,1,1,0,3,616.3550287517861,13735227.080538,1
939,1,0,1,0,2,297.83058723473124,14215680.714012,1
939,2,1,0,2,0,0.0,11163992.369272,0
939,3,0,1,1,1,359.3594816477981,17148403.063078,1
939,4,0,1,2,3,1231.942900380176,13059036.6617,1
939,5,1,2,0,0,0.0,12973610.564557,0
939,6,3,0,0,2,954.0249776917096,15418159.807865,1
939,7,0,1,2,1,173.05542698618314,11919056.192589,1
939,8,1,0,3,3,770.5386689002673,9658688.497307,1
939,9,0,2,1,2,352.15144876220126,12078827.448579,1
939,10,1,4,1,1,21.10000630537077,14465898.702116,1
940,1,2,0,0,2,587.3150402692584,15875763.866356,1
940,2,1,0,1,2,764.8120611028044,16784384.81682,1
940,3,1,0,0,1,61.7411304562438,6572195.144946,1
940,4,1,2,2,0,0.0,13676805.927531,0
940,5,2,2,1,0,0.0,13683747.50624,0
940,6,1,1,0,0,0.0,12863904.568714,0
940,7,1,1,2,1,454.565441133901,12422404.116328,1
940,8,0,0,2,2,572.0899760317675,17391051.117577,1
940,9,0,2,1,1,180.94319933539657,15598251.378301,1
940,10,0,3,2,2,595.8036074599236,16999265.167938,1
941,1,1,0,2,0,0.0,10482685.677117,0
941,2,0,2,4,1,6.662003802946035,12598863.067318,1
941,3,0,1,1,2,257.06238508415873,15676481.980345,1
941,4,0,1,1,0,0.0,15305489.978321,0
941,5,3,1,2,0,0.0,15798795.859928,0
941,6,2,2,2,1,60.52668443146171,13296938.082754,1
941,7,1,2,2,2,681.9501882428266,11720276.214982,1
941,8,2,0,2,1,445.6890380647811,12637962.202554,1
941,9,2,2,1,1,11.359737227335646,16405826.241658,1
941,10,2,0,2,0,0.0,12386189.43932,0
942,1,1,3,0,4,1179.617430808236,16449385.186841,1
942,2,0,3,0,3,721.0682898280795,16714909.264492,1
942,3,1,0,2,1,122.25978163198374,12158751.969017,1
942,4,1,2,0,2,773.1804671683933,7115121.213026,1
942,5,2,0,4,1,99.48973434376106,12306325.057985,1
942,6,1,0,2,0,0.0,14230617.38989,0
942,7,0,1,0,2,771.2730905660285,10346678.627527,1
942,8,2,2,3,1,287.43100758182874,17044231.600353,1
942,9,0,2,0,0,0.0,8109584.526523,0
942,10,1,1,2,0,0.0,12294951.645121,0
943,1,0,4,1,1,162.24592845658134,17031800.256847,1
943,2,1,1,1,1,429.2182636810822,15207749.819486,1
943,3,1,0,4,0,0.0,13558066.55411,0
943,4,2,3,1,0,0.0,13662998.553983,0
943,5,1,1,1,2,783.5474771120005,15458897.347461,1
943,6,1,0,2,0,0.0,14008726.857382,0
943,7,1,2,0,3,1192.8079135670928,13941645.549048,1
943,8,3,1,1,2,622.6662789927258,9199534.089399,1
943,9,1,2,1,0,0.0,11035292.204812,0
943,10,1,0,3,1,481.13240551829296,12443293.24025,1
944,1,0,1,1,1,347.63974745884104,12057970.236966,1
944,2,1,1,1,1,400.580059876582,14859045.548735,1
944,3,1,0,1,1,238.42157088530368,15358087.279992,1
944,4,0,3,0,0,0.0,8913206.706278,0
944,5,2,0,1,0,0.0,15277167.551754,0
944,6,1,2,0,2,298.03380392605493,13899343.938221,1
944,7,0,1,2,2,647.4613377684647,16263152.569146,1
944,8,2,2,1,1,201.57525653481585,17142649.770253,1
944,9,2,1,0,1,470.6476294253094,14635764.969686,1
944,10,1,1,3,1,79.69561475890215,16469444.686997,1
945,1,1,1,0,2,241.6994720660749,11391746.681163,1
945,2,4,0,1,2,511.70614899875517,9171189.633616,1
945,3,1,1,0,1,82.71156113868234,14642444.995636,1
945,4,1,2,2,0,0.0,14129126.349747,0
945,5,0,2,2,0,0.0,13219079.140811,0
945,6,0,1,0,1,129.2981783777564,8012632.945617,1
945,7,0,0,1,2,231.6151114795498,14884637.167039,1
945,8,1,2,0,0,0.0,12343520.136791,0
945,9,3,1,2,0,0.0,10708303.374567,0
945,10,1,1,1,1,34.004825732118334,15971378.014252,1
946,1,1,0,0,4,1374.873115443996,10248776.255244,1
946,2,1,1,1,1,169.5518073626225,14798771.175399,1
946,3,0,2,2,2,324.4503749702994,12206252.329702,1
946,4,1,2,1,0,0.0,15902707.935324,0
946,5,0,0,0,2,564.356506154872,14009050.993624,1
946,6,0,1,1,0,0.0,14723665.780159,0
946,7,1,0,2,0,0.0,15092284.004366,0
946,8,3,0,0,3,745.980599143528,13568255.948435,1
946,9,2,0,2,1,365.2363746476808,13819414.489147,1
946,10,2,1,0,1,86.14426557928162,14177961.684169,1
947,1,3,1,1,4,1010.3141119955017,17219376.603789,1
947,2,0,0,2,1,10.251623654707616,16926593.40541,1
947,3,1,0,0,2,741.2075126540484,11649772.297677,1
947,4,1,0,2,1,179.63249224578846,11641081.466013,1
947,5,0,1,3,0,0.0,12507039.687504,0
947,6,1,2,2,0,0.0,13844207.221256,0
947,7,0,0,2,0,0.0,12827640.437451,0
947,8,1,0,0,1,447.078270149719,8367721.849311,1
947,9,1,2,0,1,330.4884236099164,9433467.592564,1
947,10,1,0,2,0,0.0,11546002.507273,0
948,1,1,0,0,1,38.44287114729168,14134364.01122,1
948,2,3,0,1,0,0.0,9788869.579858,0
948,3,1,0,3,2,369.3234147027721,16377418.689853,1
948,4,3,2,0,1,15.837329072331215,11567692.357045,1
948,5,1,0,1,0,0.0,13484329.250776,0
948,6,0,1,0,0,0.0,9329270.807317,0
948,7,1,4,0,1,430.79914043107726,14467134.642916,1
948,8,1,2,0,2,574.0383291239516,14019205.299937,1
948,9,0,2,1,1,254.43665219012385,15205173.710004,1
948,10,0,1,1,0,0.0,13048423.553995,0
949,1,0,1,0,2,470.50554446324264,15950612.335509,1
949,2,1,0,1,1,161.78941118615057,14412827.209664,1
949,3,0,1,1,1,372.562731136159,16453641.896092,1
949,4,0,0,1,2,226.56582609889264,15550759.921941,1
949,5,1,1,2,0,0.0,14964452.464503,0
949,6,2,1,1,1,254.4012514256865,11877323.777489,1
949,7,0,0,2,2,484.2343900037464,13191978.594879,1
949,8,0,3,0,0,0.0,13719635.966088,0
949,9,1,2,1,0,0.0,14604714.018514,0
949,10,2,1,4,1,63.42541148217074,13609413.239248,1
950,1,2,1,0,2,522.1048698636517,10426950.832149,1
950,2,0,2,3,0,0.0,16288116.005203,0
950,3,1,0,1,1,170.75673619893823,11832046.190503,1
950,4,0,0,1,0,0.0,16727314.601888,0
950,5,1,3,0,2,358.6546199813658,13629880.832183,1
950,6,2,1,0,0,0.0,16879937.462734,0
950,7,0,3,1,0,0.0,14015205.62048,0
950,8,0,0,1,0,0.0,13097543.531323,0
950,9,1,0,5,1,268.2766144681692,12930556.536859,1
950,10,1,0,0,2,273.7846431861195,16234597.193373,1
951,1,2,0,1,1,437.65892729386906,14686168.263795,1
951,2,1,0,1,1,360.7853935059591,16753961.758891,1
951,3,1,1,0,0,0.0,15142495.124716,0
951,4,1,1,2,2,461.7928573706917,12826437.249995,1
951,5,1,2,1,2,257.84128444523185,12609864.318145,1
951,6,1,2,0,2,672.259606094651,13657142.733007,1
951,7,2,2,0,1,201.1067886983357,16439212.52053,1
951,8,3,3,2,1,368.9004373767979,16739739.535586,1
951,9,2,1,1,0,0.0,15798678.146793,0
951,10,0,1,1,0,0.0,16199211.217532,0
952,1,1,0,1,3,795.7263365180049,16276595.255598,1
952,2,0,1,0,2,801.6973621685376,15097089.091296,1
952,3,2,3,3,0,0.0,13678196.435681,0
952,4,1,4,1,0,0.0,11942766.478549,0
952,5,0,2,3,1,221.7821968477518,16004717.961892,1
952,6,0,0,2,1,66.20962485005367,9887499.814631,1
952,7,0,2,1,1,365.6899901222874,12192205.740748,1
952,8,0,3,0,2,418.08423148229264,15433426.304074,1
952,9,2,1,0,1,30.59215379545968,16386011.898191,1
952,10,0,1,0,2,702.7606982125923,12305970.559036,1
953,1,0,1,0,1,435.4539972727498,9452365.747317,1
953,2,0,1,0,0,0.0,8129079.827179,0
953,3,0,2,0,1,386.6297136072187,12034618.765504,1
953,4,0,1,1,1,372.14701766646346,12904081.080222,1
953,5,1,0,2,2,275.6674813639275,12880626.987675,1
953,6,2,0,0,5,1170.4940294294593,11930428.280317,1
953,7,3,1,2,0,0.0,17690395.122196,0
953,8,2,0,1,0,0.0,12067565.337351,0
953,9,1,2,0,2,527.7894597064978,17103790.407699,1
953,10,3,2,2,0,0.0,13505896.26295,0
954,1,2,1,1,0,0.0,17040505.15825,0
954,2,2,0,2,1,345.35734763034566,8575877.375576,1
954,3,1,1,1,2,710.6877921224369,16988246.066858,1
954,4,1,2,0,1,9.4986536721251,15712810.652888,1
954,5,1,0,1,1,133.6418486269753,11264270.528591,1
954,6,2,0,2,1,63.405522383045,16962369.155298,1
954,7,3,0,0,3,781.275755708084,14690072.64631,1
954,8,0,2,1,4,1117.7956883417146,15407413.208506,1
954,9,1,0,1,2,289.4034555455546,15150004.471642,1
954,10,1,0,3,2,789.7868107145908,16665833.984674,1
955,1,1,0,0,2,497.6065621914496,16625185.139976,1
955,2,0,3,2,1,262.4708877541622,14449822.672381,1
955,3,1,0,1,0,0.0,16053978.953874,0
955,4,1,2,2,3,649.1890564518102,13135406.485535,1
955,5,2,0,0,1,200.52850883409548,11434042.035246,1
955,6,1,1,0,1,35.65790088941304,16920159.967605,1
955,7,1,1,1,1,46.34827402555352,12908696.635721,1
955,8,2,1,0,1,238.873280973255,11876887.546489,1
955,9,2,3,1,0,0.0,15046256.141937,0
955,10,4,1,0,1,415.00178006659166,12260464.068449,1
956,1,0,1,1,1,272.23896994325,10802936.602849,1
956,2,2,3,1,0,0.0,17137490.945163,0
956,3,1,1,0,0,0.0,14218215.023168,0
956,4,2,2,1,1,257.07764368987847,15631282.224336,1
956,5,3,1,0,0,0.0,15737661.109626,0
956,6,3,0,2,0,0.0,9925305.238352,0
956,7,1,1,0,0,0.0,17398281.759025,0
956,8,2,1,1,2,237.6211050469651,14084953.135774,1
956,9,1,2,2,0,0.0,14032399.584171,0
956,10,1,1,1,1,6.7267389157769575,15996865.638423,1
957,1,0,0,3,0,0.0,14573987.992476,0
957,2,0,1,0,0,0.0,4121069.043968,0
957,3,0,0,0,1,14.337407724397796,11078835.606156,1
957,4,2,1,2,2,430.47062140198136,16074962.846272,1
957,5,0,0,2,1,93.29243519078857,15833299.074844,1
957,6,2,0,2,1,457.4040834145167,14515754.006964,1
957,7,1,0,3,1,225.2005913315045,13094223.971054,1
957,8,1,2,3,0,0.0,14337988.023335,0
957,9,2,0,1,1,134.4490716050133,15734418.504856,1
957,10,1,3,4,0,0.0,15119238.764993,0
958,1,2,0,0,1,59.351456075841774,7935617.714879,1
958,2,1,2,1,0,0.0,14897736.419537,0
958,3,2,1,1,2,646.9858712980958,16012707.739246,1
958,4,0,0,0,0,0.0,9501439.426024,0
958,5,2,1,0,1,162.38336928219513,13397071.631301,1
958,6,1,1,1,0,0.0,13783215.812952,0
958,7,0,1,2,1,334.21559683742504,15422456.117501,1
958,8,1,1,2,1,464.0095704271083,15324335.889202,1
958,9,0,0,1,1,300.3860611245423,11051665.321668,1
958,10,2,0,1,0,0.0,14262767.292889,0
959,1,0,0,2,0,0.0,12801880.662834,0
959,2,0,0,2,2,682.3295060466746,16641028.945447,1
959,3,0,3,0,3,373.2160067930116,12190754.62062,1
959,4,1,0,3,0,0.0,9056342.373651,0
959,5,2,1,1,0,0.0,8553703.215613,0
959,6,0,1,0,0,0.0,9607951.269673,0
959,7,1,1,0,2,258.75102594719976,15752783.906902,1
959,8,2,3,5,0,0.0,17443929.890367,0
959,9,0,0,1,3,859.4463036155714,16852234.634011,1
959,10,2,0,1,2,446.66709935460676,11166314.133006,1
960,1,0,2,0,1,165.40779280555063,4877389.195675,1
960,2,3,2,1,0,0.0,17436770.100158,0
960,3,1,1,1,0,0.0,10358472.569833,0
960,4,1,1,2,1,286.60754120736595,14758669.017888,1
960,5,1,2,3,1,434.4986229626438,13359011.840698,1
960,6,2,0,0,0,0.0,14659973.359436,0
960,7,2,3,0,1,332.292972158812,12571757.075503,1
960,8,1,0,1,1,484.70316384076784,10472946.759892,1
960,9,1,0,3,1,8.272453399302576,12870114.696163,1
960,10,1,1,2,0,0.0,13363033.858574,0
961,1,0,0,1,2,169.40113693832592,15084038.12167,1
961,2,1,3,1,1,125.6560891959681,13410948.239604,1
961,3,0,1,0,1,474.6925364211808,13869804.660774,1
961,4,0,2,1,1,453.64707188288224,9436759.567188,1
961,5,2,2,0,0,0.0,15561734.57746,0
961,6,0,0,1,2,353.4028299792285,16934191.938617,1
961,7,0,3,4,1,74.88976430533586,12619196.640084,1
961,8,1,1,1,1,472.8852177642388,15914599.085563,1
961,9,0,1,3,0,0.0,12440894.697918,0
961,10,2,0,2,0,0.0,15586865.539592,0
962,1,2,0,2,2,444.26739616852274,7081668.925187,1
962,2,0,2,0,3,607.9547072743045,16524701.121655,1
962,3,3,1,2,0,0.0,16273293.430728,0
962,4,1,1,2,2,654.7743301569868,13683516.136742,1
962,5,1,0,1,3,741.9065097181731,16309201.860876,1
962,6,1,1,1,0,0.0,16191505.472524,0
962,7,2,1,0,1,169.77316120303095,15185241.984208,1
962,8,2,1,0,2,314.084129017608,13144810.595709,1
962,9,0,2,2,1,226.57791098114907,16590091.29247,1
962,10,1,0,1,1,282.4935479515303,8318964.037794,1
963,1,1,0,0,2,597.2626042161489,13578184.206127,1
963,2,0,0,3,2,486.30682533428774,14404215.139708,1
963,3,1,1,1,0,0.0,15492447.329874,0
963,4,2,1,1,1,33.26286818819091,15101552.155631,1
963,5,4,1,0,1,389.3980166405575,17032813.045751,1
963,6,1,0,0,3,260.7649623874078,10418260.180563,1
963,7,0,1,2,0,0.0,11773294.550575,0
963,8,1,1,1,0,0.0,14673745.797369,0
963,9,1,0,2,2,415.1251381152154,13036837.565639,1
963,10,4,0,0,0,0.0,12848315.726963,0
964,1,1,2,2,2,567.4291346442494,14278160.346664,1
964,2,2,0,0,0,0.0,13345177.274188,0
964,3,1,3,1,0,0.0,16031091.974266,0
964,4,5,1,1,0,0.0,15578408.634444,0
964,5,2,1,0,2,451.38465759897684,10829068.597499,1
964,6,1,1,1,0,0.0,13294874.985014,0
964,7,0,1,1,1,274.6132185293116,13448057.607385,1
964,8,1,0,1,1,275.30863738999324,15713853.251688,1
964,9,3,1,0,0,0.0,16814492.072803,0
964,10,1,1,0,0,0.0,12000657.174974,0
965,1,2,1,1,1,359.7145542677626,14913433.985318,1
965,2,2,1,1,1,133.43628426036372,14032839.841028,1
965,3,1,1,2,0,0.0,14732993.347721,0
965,4,4,2,0,2,807.3465107724853,9412152.365228,1
965,5,0,0,3,1,261.81129323359266,15739008.993407,1
965,6,0,3,0,1,384.4750238896392,17147717.288385,1
965,7,0,1,2,1,80.40158555245678,9173950.734534,1
965,8,2,2,1,1,105.81653743514154,17490591.845447,1
965,9,2,2,0,0,0.0,8785413.763762,0
965,10,0,1,3,1,84.39663582267771,15239671.91955,1
966,1,2,2,0,0,0.0,16595628.143689,0
966,2,1,2,0,3,1062.6556400468248,15577524.679212,1
966,3,0,0,1,1,370.47381670191936,12983175.911555,1
966,4,0,0,2,2,456.65022099490443,9428822.580034,1
966,5,4,0,1,0,0.0,16193588.575824,0
966,6,2,1,0,0,0.0,15518943.384882,0
966,7,1,2,2,1,158.47630128867223,14677343.264971,1
966,8,2,2,1,3,911.9080081156104,10963007.551793,1
966,9,1,3,0,1,467.2872593280558,16269008.89154,1
966,10,2,1,1,1,348.94137866725674,16906550.458194,1
967,1,1,2,1,2,589.7311165243266,15362475.114741,1
967,2,0,1,2,1,392.8835968065476,13216020.538894,1
967,3,0,1,2,2,329.14752533653063,16915432.161443,1
967,4,0,3,0,0,0.0,11505296.933672,0
967,5,0,1,1,3,998.7234912520778,15416949.544675,1
967,6,1,0,2,0,0.0,9210754.623209,0
967,7,2,0,2,1,243.3810616902573,15163787.089168,1
967,8,1,0,1,1,94.26591613245732,12169683.964429,1
967,9,0,3,0,1,466.2616871968388,11240650.112525,1
967,10,0,2,1,0,0.0,15137240.612848,0
968,1,1,1,0,2,709.99813579237,15459182.185618,1
968,2,3,0,0,1,385.6925806738768,13974410.211004,1
968,3,3,1,1,2,373.17093474704893,16199921.848807,1
968,4,0,1,0,0,0.0,16418189.385845,0
968,5,2,0,0,1,9.882420259665082,10620100.423217,1
968,6,1,1,1,2,277.2743790977806,13861905.493952,1
968,7,1,1,0,2,373.57936881545623,16954880.904884,1
968,8,2,1,3,0,0.0,7935482.008508,0
968,9,1,1,1,1,456.6429997201029,15788856.216363,1
968,10,0,1,2,1,347.5071373817087,17461648.14312,1
969,1,0,1,0,1,223.69627654460157,11452632.147959,1
969,2,2,1,1,1,436.7426885900608,13803993.74862,1
969,3,0,0,3,1,397.05220962997447,8156775.384755,1
969,4,1,1,0,2,619.3660801022262,17573454.355337,1
969,5,1,1,1,2,257.96110456168446,13843987.930386,1
969,6,1,1,0,0,0.0,9217769.860752,0
969,7,0,2,1,0,0.0,15940947.231226,0
969,8,0,1,2,0,0.0,9986777.929861,0
969,9,1,1,0,1,429.8464627999812,15638485.761022,1
969,10,0,1,2,0,0.0,8911323.276732,0
970,1,4,3,0,2,564.9693733347333,10749454.302655,1
970,2,0,0,2,2,491.66690728546797,12171242.109887,1
970,3,1,0,1,1,86.67822066932985,14763431.856367,1
970,4,3,1,1,1,213.75651918773167,16687546.76443,1
970,5,1,2,0,2,511.9208425972912,15528960.195291,1
970,6,2,0,1,1,221.08808157579503,15766087.44474,1
970,7,2,1,0,1,235.28764626185216,14410642.706644,1
970,8,1,1,3,1,217.5883123795128,17252325.692355,1
970,9,1,2,2,1,322.19981167365205,13715199.750972,1
970,10,1,2,1,0,0.0,10540303.541058,0
971,1,1,1,1,2,400.7666147596442,13189784.860772,1
971,2,0,2,1,1,42.41269858248487,16156097.149642,1
971,3,2,2,1,1,154.90940960109134,11403288.006766,1
971,4,0,1,0,1,107.78323117269656,13286112.09693,1
971,5,2,1,1,0,0.0,11551948.929959,0
971,6,2,0,0,0,0.0,14036161.981626,0
971,7,0,1,1,0,0.0,13897734.733091,0
971,8,0,2,1,2,578.1946047293609,9331609.809412,1
971,9,2,2,1,1,413.091384732606,11221268.636751,1
971,10,0,0,3,1,218.39935108372524,15657134.685714,1
972,1,0,5,1,3,310.6198406101115,14679325.712253,1
972,2,4,0,0,0,0.0,14373133.936679,0
972,3,1,1,0,1,36.57176578761032,16754401.472081,1
972,4,0,1,1,0,0.0,10558577.709029,0
972,5,1,1,1,0,0.0,17360444.442293,0
972,6,1,0,1,1,286.8465521354297,12214753.908456,1
972,7,1,3,0,1,355.3560199697583,12398847.810754,1
972,8,3,0,0,5,1570.595562604041,10123583.056028,1
972,9,1,2,0,1,7.294568301249485,13854796.233578,1
972,10,0,1,0,0,0.0,9540922.807706,0
973,1,1,3,1,2,800.9717696860605,13517400.601733,1
973,2,2,2,0,1,171.49757180835334,14440399.705289,1
973,3,1,2,0,1,485.3336891165496,10153711.354255,1
973,4,1,2,1,2,314.0635405306588,14323769.852984,1
973,5,1,0,4,0,0.0,12986571.055068,0
973,6,1,2,2,1,32.901490533577274,14378498.692699,1
973,7,0,0,1,0,0.0,10986842.210273,0
973,8,0,2,1,1,195.1554244004028,15956874.150151,1
973,9,1,0,2,1,342.0913605828836,15469031.883849,1
973,10,1,2,1,0,0.0,14375348.418656,0
974,1,1,1,2,2,250.57177447689685,12435246.828064,1
974,2,0,1,0,2,897.3186912949843,10738227.480086,1
974,3,2,3,0,2,711.1443724704375,14589056.327641,1
974,4,0,1,3,1,483.2895729374204,13693097.082529,1
974,5,0,1,0,0,0.0,12619527.988947,0
974,6,2,1,0,1,122.84324776942184,12976176.425047,1
974,7,0,2,3,0,0.0,9553116.96998,0
974,8,2,2,2,1,65.80886367935315,9939274.36371,1
974,9,0,0,1,1,253.63990128319696,12313282.963402,1
974,10,2,1,3,2,418.07837941731077,12532350.306456,1
975,1,1,0,0,3,1083.2639492063329,12010794.238193,1
975,2,1,1,1,1,482.72336544013086,16728973.72983,1
975,3,2,1,1,0,0.0,16594811.762619,0
975,4,0,0,3,1,172.5390146554092,15359291.112231,1
975,5,2,1,0,0,0.0,15739147.88315,0
975,6,0,2,4,1,26.907547446730256,15641382.663398,1
975,7,1,2,2,1,17.918449565037534,16687013.687202,1
975,8,2,1,1,1,121.62156589700282,10783857.054542,1
975,9,0,0,2,2,680.0802858528583,15814841.255829,1
975,10,0,3,1,1,97.42850640104344,12725153.693443,1
976,1,2,2,0,1,189.74180557714388,15781331.507553,1
976,2,1,0,0,2,370.9319473958598,16306066.605735,1
976,3,0,0,1,0,0.0,11915433.784206,0
976,4,0,2,0,1,246.40232143407576,14360275.054839,1
976,5,3,0,1,1,410.959644736606,10573541.335965,1
976,6,0,0,2,0,0.0,10006975.622039,0
976,7,0,2,0,2,420.73642371784103,14397322.308594,1
976,8,0,2,1,1,160.57760394649225,8216919.220773,1
976,9,0,1,0,2,380.87297203212785,9456246.575734,1
976,10,0,1,1,0,0.0,16426852.776884,0
977,1,2,0,1,1,445.2364547096775,15156769.086457,1
977,2,0,1,1,1,28.27586040035733,13228904.29964,1
977,3,1,0,1,1,310.92208405314733,13573864.786494,1
977,4,1,2,0,1,461.561134305236,14066722.970742,1
977,5,0,1,0,3,721.6199486528579,16032662.934103,1
977,6,2,2,1,3,542.3759834520654,14210695.696911,1
977,7,1,0,0,2,866.8277084501634,16561940.2979,1
977,8,2,0,2,0,0.0,16895698.257754,0
977,9,1,0,1,1,421.7680526234488,10964708.771451,1
977,10,2,2,1,1,151.9600945253718,15571625.613415,1
978,1,2,0,1,1,237.48575091092172,10446041.01603,1
978,2,0,3,2,2,675.0921353806154,12935570.876083,1
978,3,0,2,0,0,0.0,10396488.539856,0
978,4,0,2,1,3,986.4633593350238,13089603.332916,1
978,5,2,0,2,1,35.152107562028135,9227810.497115,1
978,6,0,1,1,1,378.6400448907646,12380886.186544,1
978,7,3,0,1,3,1206.3493922339599,13163555.225539,1
978,8,0,0,3,1,364.5880533514341,8705389.637089,1
978,9,2,1,1,1,326.72014083621826,12499207.675033,1
978,10,2,0,0,0,0.0,15518844.260386,0
979,1,1,2,1,0,0.0,14803274.260394,0
979,2,2,2,3,1,390.6498421278853,14720978.060525,1
979,3,1,2,1,2,572.9917846003846,17194207.628332,1
979,4,0,1,1,2,195.2990105014096,13014961.288329,1
979,5,1,1,2,1,42.5762816323028,14216239.751089,1
979,6,5,0,1,1,497.6630245915184,17479610.853388,1
979,7,2,3,0,1,482.2492982811744,10706709.267912,1
979,8,2,1,0,0,0.0,13460017.944261,0
979,9,3,3,2,0,0.0,15697272.153889,0
979,10,2,2,1,1,162.3441132872983,14022961.098743,1
980,1,1,0,1,2,719.6133559880094,12494010.20036,1
980,2,1,1,0,3,717.8953659421055,12184586.425381,1
980,3,0,1,2,1,93.9483147352002,12728319.573358,1
980,4,3,1,0,0,0.0,16364832.085207,0
980,5,0,3,0,2,595.6467283546789,14796726.078778,1
980,6,0,3,1,1,233.12685101447812,13321394.913217,1
980,7,2,2,1,2,578.5310186889669,12998047.796749,1
980,8,1,2,1,0,0.0,13961022.798871,0
980,9,2,0,1,3,959.0638482549875,14384508.779512,1
980,10,1,2,0,0,0.0,10731535.163078,0
981,1,1,0,1,2,844.1437496349399,5007733.489868,1
981,2,2,0,2,1,92.04465645549948,10902648.764906,1
981,3,1,1,3,1,102.44470855990927,15881805.761793,1
981,4,0,0,2,0,0.0,5458566.904452,0
981,5,2,0,1,0,0.0,12410404.034081,0
981,6,1,3,1,0,0.0,8240442.662805,0
981,7,0,0,1,2,833.1487222415019,11449799.694573,1
981,8,0,4,2,1,87.38542660342763,15949266.150254,1
981,9,1,2,2,1,320.90215251035886,14634605.729564,1
981,10,1,0,1,0,0.0,12339270.05751,0
982,1,0,0,1,3,523.4109674489588,11834022.032439,1
982,2,1,2,0,1,447.86666631534,10581251.046165,1
982,3,0,3,1,0,0.0,13286888.134622,0
982,4,2,0,1,1,324.4889158820301,9055612.911994,1
982,5,1,0,1,3,742.9907899863647,9754581.037017,1
982,6,0,1,0,1,34.357087365701446,14911782.732107,1
982,7,0,3,1,0,0.0,8037448.054813,0
982,8,3,0,2,0,0.0,5600281.35308,0
982,9,0,3,1,0,0.0,13779991.076098,0
982,10,1,1,0,3,934.2061362304912,10091123.763678,1
983,1,1,0,0,1,10.800975600506687,16478757.251724,1
983,2,2,1,0,0,0.0,8108672.598385,0
983,3,1,0,2,1,149.69803205787366,16320980.17393,1
983,4,0,0,1,1,460.9440240410752,11229989.226602,1
983,5,2,0,0,1,276.47748863097047,12387725.450911,1
983,6,1,1,0,0,0.0,12503846.94965,0
983,7,2,0,1,1,130.76997284288518,14007810.843421,1
983,8,0,2,1,2,515.9047593979442,14256757.949129,1
983,9,3,1,1,2,359.4236456015217,12446394.457673,1
983,10,1,1,2,1,318.2442131062999,9833777.338233,1
984,1,0,1,0,0,0.0,11392278.702244,0
984,2,1,0,2,2,948.3320405775514,15743725.547451,1
984,3,3,0,0,2,448.57681114148477,13978681.076113,1
984,4,1,0,1,1,439.8430324301481,15897713.793174,1
984,5,2,2,0,1,105.90226769918154,16702560.844775,1
984,6,1,1,1,1,17.681587007899036,16607020.583477,1
984,7,1,1,2,1,212.4484976055947,11961201.434034,1
984,8,2,1,1,1,132.69607977089848,15565641.220846,1
984,9,2,1,0,1,282.9514154801632,8827518.039417,1
984,10,0,2,1,2,643.2298862553042,15112057.257579,1
985,1,1,2,1,0,0.0,14587955.177889,0
985,2,3,2,0,1,245.74110745132268,12522958.629148,1
985,3,1,1,2,1,113.6062812375108,16210415.870733,1
985,4,1,2,1,1,415.039434901602,10278612.31906,1
985,5,0,1,2,1,249.3331955740001,15000769.755747,1
985,6,0,2,0,3,1121.9174625424575,14986401.490328,1
985,7,2,2,0,0,0.0,17173694.573586,0
985,8,0,0,1,1,443.7125809519988,16046319.199662,1
985,9,1,1,2,0,0.0,9768531.095371,0
985,10,1,2,3,1,447.55582708787256,13482004.057854,1
986,1,1,2,0,1,45.96287051177125,10721257.678066,1
986,2,2,0,3,2,505.300008448571,13018349.542979,1
986,3,0,1,0,2,113.49786705903472,10040757.418984,1
986,4,1,0,1,1,160.97619804355773,11001298.348848,1
986,5,0,3,1,0,0.0,15288894.448845,0
986,6,2,1,2,1,202.79144069218412,14332188.152553,1
986,7,2,1,0,4,1511.9426622644467,16010608.743312,1
986,8,1,3,3,1,432.897957073267,13400524.52036,1
986,9,1,0,1,0,0.0,15528841.731469,0
986,10,0,1,1,1,49.179896562957225,14825674.907252,1
987,1,0,0,3,0,0.0,12073570.56921,0
987,2,2,0,2,0,0.0,16497140.027251,0
987,3,1,2,1,0,0.0,16513021.210737,0
987,4,2,3,1,0,0.0,15468280.358147,0
987,5,2,1,1,1,127.348444866696,15147947.98929,1
987,6,2,2,3,2,736.1725440461285,12303827.334232,1
987,7,2,1,1,1,381.6740700650657,15701920.065354,1
987,8,1,2,0,0,0.0,13020599.848255,0
987,9,0,0,2,0,0.0,12141443.676112,0
987,10,0,2,1,3,891.74226726481,14585086.889106,1
988,1,1,3,2,1,162.65443170780728,16833805.02089,1
988,2,0,0,1,1,493.0664960901344,8310967.233317,1
988,3,2,2,0,1,397.5870990769205,14800519.697764,1
988,4,0,0,0,3,914.7751358970633,10890293.324652,1
988,5,2,1,1,2,567.730093689864,13615090.768079,1
988,6,1,2,1,1,372.2634297481301,13740163.340889,1
988,7,1,1,2,1,189.6242806797109,6576531.664686,1
988,8,2,2,2,0,0.0,14306931.085861,0
988,9,0,0,1,1,9.009215920428936,14971529.449177,1
988,10,0,0,1,1,367.5720761688136,11680885.537082,1
989,1,0,1,2,1,162.34809551599534,15497810.830641,1
989,2,0,0,2,1,279.6043362907609,16942977.388291,1
989,3,2,2,1,0,0.0,16706003.568641,0
989,4,3,1,1,0,0.0,15232387.377777,0
989,5,1,1,2,2,680.6592506178189,15372231.882337,1
989,6,1,1,1,0,0.0,11120909.747219,0
989,7,0,1,3,1,77.65263156945002,15021209.381675,1
989,8,0,1,2,2,743.118502899053,15000940.590256,1
989,9,0,4,0,1,313.16981555727307,9152923.694111,1
989,10,1,1,1,2,830.0222810066144,15462800.180242,1
990,1,3,1,1,1,362.3949504643337,16314719.611582,1
990,2,3,1,1,2,581.4610142300697,16481494.755663,1
990,3,2,0,2,1,211.78335788998928,8450258.962558,1
990,4,1,0,0,3,768.7041262732248,14729834.467376,1
990,5,2,1,0,2,398.24941874519027,10025566.965546,1
990,6,1,0,1,3,793.682257171579,11982580.805444,1
990,7,2,1,2,1,146.54430846257645,12660654.929768,1
990,8,2,1,0,1,393.207401457557,15656283.127628,1
990,9,2,1,1,2,721.2468549521008,14896854.137214,1
990,10,1,2,1,1,38.90005803524993,10655431.546133,1
991,1,3,0,0,0,0.0,10447546.765236,0
991,2,0,2,0,1,217.1332828654936,12158013.959657,1
991,3,1,1,0,1,477.52648339041866,11183271.662749,1
991,4,1,3,2,0,0.0,17036240.97433,0
991,5,2,4,1,1,334.03459951651536,15920056.086921,1
991,6,1,0,0,1,182.23360756210337,14059309.692634,1
991,7,0,2,1,0,0.0,15804025.465363,0
991,8,1,0,1,2,841.723062945807,9800539.982476,1
991,9,2,1,1,2,400.43533560257737,15183478.326216,1
991,10,0,1,0,2,264.7423780533124,16341984.91722,1
992,1,0,1,1,1,433.32884957692335,15580242.94087,1
992,2,0,2,0,1,147.4858399078103,13165269.253236,1
992,3,0,2,1,1,395.2636591057101,12654489.822991,1
992,4,0,1,2,2,526.1165260434607,15040346.579424,1
992,5,3,1,1,0,0.0,16658765.998939,0
992,6,0,2,1,1,262.9195490708721,16065287.181151,1
992,7,3,2,1,2,501.77539005274923,11161626.245906,1
992,8,2,0,2,1,409.4964902804778,14858250.625396,1
992,9,1,0,2,1,128.37470951654788,10298509.709116,1
992,10,0,1,4,1,480.9381000959541,16859585.383047,1
993,1,1,3,0,1,329.47623372953655,15875255.345317,1
993,2,2,1,0,1,350.1237905899792,14520414.942791,1
993,3,1,1,1,0,0.0,13733083.342253,0
993,4,0,2,1,4,676.6601796223242,15902528.29771,1
993,5,2,0,1,0,0.0,14943254.801316,0
993,6,0,1,2,0,0.0,12809349.307164,0
993,7,0,3,1,3,510.56825197790135,14963382.61602,1
993,8,0,2,1,0,0.0,7100107.490321,0
993,9,0,2,0,0,0.0,15674114.252752,0
993,10,2,2,1,0,0.0,10987615.007603,0
994,1,1,0,0,1,491.4693236578735,15302346.33497,1
994,2,4,1,0,1,243.27101245513063,14317829.931922,1
994,3,1,2,2,2,548.4280004803674,15723513.29702,1
994,4,0,0,0,0,0.0,15599919.030171,0
994,5,2,1,2,1,10.357197159916955,12222861.192841,1
994,6,1,1,3,0,0.0,12675121.340154,0
994,7,0,0,1,1,44.9851001764664,14483133.135173,1
994,8,2,2,1,0,0.0,14346017.516975,0
994,9,0,1,2,1,32.4644133127836,16264537.573365,1
994,10,0,3,2,0,0.0,11486091.422364,0
995,1,0,4,1,2,534.5063363630069,16173367.576525,1
995,2,0,1,0,1,358.2162343481663,6738830.769535,1
995,3,0,1,0,1,412.4472894532337,12749662.533794,1
995,4,1,2,1,1,87.89601101052729,9920798.647187,1
995,5,1,0,1,0,0.0,13809674.511495,0
995,6,0,0,1,1,395.6428120022417,14521723.524752,1
995,7,3,1,2,0,0.0,12641380.680099,0
995,8,0,2,2,1,423.6923259696938,15407091.194528,1
995,9,2,0,0,1,470.512528643395,9935647.94336,1
995,10,4,0,1,1,452.2935176655605,15709400.26269,1
996,1,1,0,3,0,0.0,9842524.290515,0
996,2,3,0,1,1,379.5045095800338,14467052.509647,1
996,3,2,2,0,1,34.22940092031633,12104597.737547,1
996,4,1,2,2,0,0.0,11162817.281944,0
996,5,2,1,0,2,498.76382222660135,16226856.782454,1
996,6,0,3,0,0,0.0,14449273.682436,0
996,7,1,2,1,0,0.0,12816136.812395,0
996,8,1,1,1,3,272.70751603469444,10838020.948498,1
996,9,1,0,2,1,281.71659704786595,9465223.949475,1
996,10,0,1,0,4,1020.000042769572,16096830.550811,1
997,1,3,0,1,2,434.06173809551683,16610356.688632,1
997,2,0,0,0,0,0.0,10475762.057619,0
997,3,2,3,0,1,179.3119937201498,15689425.587021,1
997,4,1,1,1,0,0.0,8315327.59526,0
997,5,1,0,2,0,0.0,10259045.678412,0
997,6,2,0,1,2,330.93188109493803,12634871.636518,1
997,7,0,3,0,1,499.4212235507487,16546018.534449,1
997,8,3,3,0,0,0.0,14429024.320602,0
997,9,1,1,0,1,401.8811471780925,13439664.33076,1
997,10,1,4,2,0,0.0,13139445.720446,0
998,1,1,2,3,0,0.0,17337895.186434,0
998,2,1,2,1,1,380.2302545393739,16085111.591717,1
998,3,1,1,1,0,0.0,7648280.255169,0
998,4,2,0,2,1,89.68973967927012,16541549.897625,1
998,5,2,3,2,0,0.0,12826170.361467,0
998,6,1,1,1,1,169.98778634546974,12594989.652511,1
998,7,1,0,2,0,0.0,16355527.375397,0
998,8,1,3,0,0,0.0,10989180.276697,0
998,9,1,3,0,2,557.604380149534,14737372.253299,1
998,10,0,2,1,1,483.9057167635864,9681446.140252,1
999,1,0,1,1,1,20.20705735465528,10352233.926062,1
999,2,0,1,0,1,498.0555669658655,13537047.076699,1
999,3,1,1,0,2,180.2313904525558,13356822.886182,1
999,4,1,1,2,1,127.17699429993414,10288148.013989,1
999,5,1,0,1,2,476.2851353219241,15653152.305399,1
999,6,1,1,0,1,480.78863923157047,12860392.697617,1
999,7,2,0,1,1,178.04900328628702,15671114.363611,1
999,8,3,2,1,1,200.1533383634035,15878124.690205,1
999,9,1,1,1,0,0.0,14502926.6829,0
999,10,0,1,2,2,557.9785456856912,15276225.512621,1
1000,1,0,2,0,0,0.0,8783213.342023,0
1000,2,1,3,0,0,0.0,10566228.197707,0
1000,3,0,3,2,0,0.0,15761569.797904,0
1000,4,1,2,0,1,184.5400216248512,14332416.536758,1
1000,5,0,1,3,1,478.6184593079041,14965449.454466,1
1000,6,2,0,0,2,691.2135626896276,9959775.832512,1
1000,7,1,2,2,3,489.9795982396365,9667739.553383,1
1000,8,0,0,2,2,417.71400910775986,16636920.36206,1
1000,9,0,0,1,2,161.1752397921102,10193459.963174,1
1000,10,0,1,1,3,633.2349456792633,15809646.465978,1
